ID,frequency,source,destination,start,stop,duration,conflicts,days,timeSpentInDay
192,Ka Band,Sat1,ASF,13.65600223839283,13.670002240687609,0.014000002294778824,[],[13],[0.014000002294778824]
3,Ka Band,Sat1,ASF,0.14950002450495958,0.16300002671778202,0.013500002212822437,[],[0],[0.013500002212822437]
11,Ka Band,Sat1,ASF,0.7300001196563244,0.7435001218691468,0.013500002212822437,[],[0],[0.013500002212822437]
17,Ka Band,Sat1,ASF,1.1490001883357763,1.1625001905485988,0.013500002212822437,[],[1],[0.013500002212822437]
18,Ka Band,Sat1,ASF,1.2200001999735832,1.2335002021864057,0.013500002212822437,[],[1],[0.013500002212822437]
25,Ka Band,Sat1,ASF,1.7300002835690975,1.74350028578192,0.013500002212822437,[],[1],[0.013500002212822437]
26,Ka Band,Sat1,ASF,1.800500295124948,1.8140002973377705,0.013500002212822437,[],[1],[0.013500002212822437]
31,Ka Band,Sat1,ASF,2.1490003522485495,2.162500354461372,0.013500002212822437,[],[2],[0.013500002212822437]
39,Ka Band,Sat1,ASF,2.7300004474818707,2.743500449694693,0.013500002212822437,[],[2],[0.013500002212822437]
45,Ka Band,Sat1,ASF,3.148500516079366,3.1620005182921886,0.013500002212822437,[],[3],[0.013500002212822437]
53,Ka Band,Sat1,ASF,3.7295006113126874,3.74300061352551,0.013500002212822437,[],[3],[0.013500002212822437]
54,Ka Band,Sat1,ASF,3.800000622868538,3.8135006250813603,0.013500002212822437,[],[3],[0.013500002212822437]
59,Ka Band,Sat1,ASF,4.148500679992139,4.162000682204962,0.013500002212822437,[],[4],[0.013500002212822437]
60,Ka Band,Sat1,ASF,4.219500691629946,4.233000693842769,0.013500002212822437,[],[4],[0.013500002212822437]
67,Ka Band,Sat1,ASF,4.7295007752254605,4.743000777438283,0.013500002212822437,[],[4],[0.013500002212822437]
73,Ka Band,Sat1,ASF,5.148000843822956,5.1615008460357785,0.013500002212822437,[],[5],[0.013500002212822437]
80,Ka Band,Sat1,ASF,5.65800092741847,5.671500929631293,0.013500002212822437,[],[5],[0.013500002212822437]
81,Ka Band,Sat1,ASF,5.729000939056277,5.7425009412691,0.013500002212822437,[],[5],[0.013500002212822437]
87,Ka Band,Sat1,ASF,6.148001007735729,6.161501009948552,0.013500002212822437,[],[6],[0.013500002212822437]
95,Ka Band,Sat1,ASF,6.72900110296905,6.742501105181873,0.013500002212822437,[],[6],[0.013500002212822437]
100,Ka Band,Sat1,ASF,7.0770011600106955,7.090501162223518,0.013500002212822437,[],[7],[0.013500002212822437]
101,Ka Band,Sat1,ASF,7.147501171566546,7.161001173779368,0.013500002212822437,[],[7],[0.013500002212822437]
108,Ka Band,Sat1,ASF,7.65750125516206,7.671001257374883,0.013500002212822437,[],[7],[0.013500002212822437]
109,Ka Band,Sat1,ASF,7.728501266799867,7.74200126901269,0.013500002212822437,[],[7],[0.013500002212822437]
115,Ka Band,Sat1,ASF,8.147501335479319,8.161001337692142,0.013500002212822437,[],[8],[0.013500002212822437]
122,Ka Band,Sat1,ASF,8.657501419074833,8.671001421287656,0.013500002212822437,[],[8],[0.013500002212822437]
128,Ka Band,Sat1,ASF,9.076501487754285,9.090001489967108,0.013500002212822437,[],[9],[0.013500002212822437]
129,Ka Band,Sat1,ASF,9.147001499310136,9.160501501522958,0.013500002212822437,[],[9],[0.013500002212822437]
136,Ka Band,Sat1,ASF,9.65700158290565,9.670501585118473,0.013500002212822437,[],[9],[0.013500002212822437]
137,Ka Band,Sat1,ASF,9.728001594543457,9.74150159675628,0.013500002212822437,[],[9],[0.013500002212822437]
143,Ka Band,Sat1,ASF,10.147001663222909,10.160501665435731,0.013500002212822437,[],[10],[0.013500002212822437]
150,Ka Band,Sat1,ASF,10.657001746818423,10.670501749031246,0.013500002212822437,[],[10],[0.013500002212822437]
151,Ka Band,Sat1,ASF,10.727501758374274,10.741001760587096,0.013500002212822437,[],[10],[0.013500002212822437]
156,Ka Band,Sat1,ASF,11.076001815497875,11.089501817710698,0.013500002212822437,[],[11],[0.013500002212822437]
164,Ka Band,Sat1,ASF,11.65650191064924,11.670001912862062,0.013500002212822437,[],[11],[0.013500002212822437]
165,Ka Band,Sat1,ASF,11.727501922287047,11.74100192449987,0.013500002212822437,[],[11],[0.013500002212822437]
170,Ka Band,Sat1,ASF,12.075501979328692,12.089001981541514,0.013500002212822437,[],[12],[0.013500002212822437]
171,Ka Band,Sat1,ASF,12.146501990966499,12.160001993179321,0.013500002212822437,[],[12],[0.013500002212822437]
178,Ka Band,Sat1,ASF,12.656502074562013,12.670002076774836,0.013500002212822437,[],[12],[0.013500002212822437]
179,Ka Band,Sat1,ASF,12.727002086117864,12.740502088330686,0.013500002212822437,[],[12],[0.013500002212822437]
184,Ka Band,Sat1,ASF,13.075502143241465,13.089002145454288,0.013500002212822437,[],[13],[0.013500002212822437]
198,Ka Band,Sat1,ASF,14.075002307072282,14.088502309285104,0.013500002212822437,[],[14],[0.013500002212822437]
206,Ka Band,Sat1,ASF,14.656002402305603,14.669502404518425,0.013500002212822437,[],[14],[0.013500002212822437]
212,Ka Band,Sat1,ASF,15.075002470985055,15.088502473197877,0.013500002212822437,[],[15],[0.013500002212822437]
220,Ka Band,Sat1,ASF,15.656002566218376,15.669502568431199,0.013500002212822437,[],[15],[0.013500002212822437]
226,Ka Band,Sat1,ASF,16.07450263481587,16.088002637028694,0.013500002212822437,[],[16],[0.013500002212822437]
234,Ka Band,Sat1,ASF,16.655502730049193,16.669002732262015,0.013500002212822437,[],[16],[0.013500002212822437]
240,Ka Band,Sat1,ASF,17.074502798728645,17.088002800941467,0.013500002212822437,[],[17],[0.013500002212822437]
248,Ka Band,Sat1,ASF,17.655502893961966,17.66900289617479,0.013500002212822437,[],[17],[0.013500002212822437]
253,Ka Band,Sat1,ASF,18.00350295100361,18.017002953216434,0.013500002212822437,[],[18],[0.013500002212822437]
254,Ka Band,Sat1,ASF,18.07400296255946,18.087502964772284,0.013500002212822437,[],[18],[0.013500002212822437]
261,Ka Band,Sat1,ASF,18.584003046154976,18.5975030483678,0.013500002212822437,[],[18],[0.013500002212822437]
262,Ka Band,Sat1,ASF,18.655003057792783,18.668503060005605,0.013500002212822437,[],[18],[0.013500002212822437]
268,Ka Band,Sat1,ASF,19.074003126472235,19.087503128685057,0.013500002212822437,[],[19],[0.013500002212822437]
275,Ka Band,Sat1,ASF,19.58400321006775,19.59750321228057,0.013500002212822437,[],[19],[0.013500002212822437]
281,Ka Band,Sat1,ASF,20.0030032787472,20.016503280960023,0.013500002212822437,[],[20],[0.013500002212822437]
282,Ka Band,Sat1,ASF,20.07350329030305,20.087003292515874,0.013500002212822437,[],[20],[0.013500002212822437]
289,Ka Band,Sat1,ASF,20.583503373898566,20.597003376111388,0.013500002212822437,[],[20],[0.013500002212822437]
290,Ka Band,Sat1,ASF,20.654503385536373,20.668003387749195,0.013500002212822437,[],[20],[0.013500002212822437]
296,Ka Band,Sat1,ASF,21.073503454215825,21.087003456428647,0.013500002212822437,[],[21],[0.013500002212822437]
303,Ka Band,Sat1,ASF,21.58350353781134,21.59700354002416,0.013500002212822437,[],[21],[0.013500002212822437]
304,Ka Band,Sat1,ASF,21.65400354936719,21.667503551580012,0.013500002212822437,[],[21],[0.013500002212822437]
309,Ka Band,Sat1,ASF,22.00250360649079,22.016003608703613,0.013500002212822437,[],[22],[0.013500002212822437]
317,Ka Band,Sat1,ASF,22.583003701642156,22.596503703854978,0.013500002212822437,[],[22],[0.013500002212822437]
318,Ka Band,Sat1,ASF,22.654003713279963,22.667503715492785,0.013500002212822437,[],[22],[0.013500002212822437]
323,Ka Band,Sat1,ASF,23.002003770321608,23.01550377253443,0.013500002212822437,[],[23],[0.013500002212822437]
324,Ka Band,Sat1,ASF,23.073003781959414,23.086503784172237,0.013500002212822437,[],[23],[0.013500002212822437]
331,Ka Band,Sat1,ASF,23.58300386555493,23.59650386776775,0.013500002212822437,[],[23],[0.013500002212822437]
332,Ka Band,Sat1,ASF,23.65350387711078,23.6670038793236,0.013500002212822437,[],[23],[0.013500002212822437]
337,Ka Band,Sat1,ASF,24.00200393423438,24.015503936447203,0.013500002212822437,[],[24],[0.013500002212822437]
345,Ka Band,Sat1,ASF,24.583004029467702,24.596504031680524,0.013500002212822437,[],[24],[0.013500002212822437]
346,Ka Band,Sat1,ASF,24.653504041023552,24.667004043236375,0.013500002212822437,[],[24],[0.013500002212822437]
351,Ka Band,Sat1,ASF,25.001504098065197,25.01500410027802,0.013500002212822437,[],[25],[0.013500002212822437]
352,Ka Band,Sat1,ASF,25.072504109703004,25.086004111915827,0.013500002212822437,[],[25],[0.013500002212822437]
359,Ka Band,Sat1,ASF,25.58250419329852,25.59600419551134,0.013500002212822437,[],[25],[0.013500002212822437]
360,Ka Band,Sat1,ASF,25.65300420485437,25.66650420706719,0.013500002212822437,[],[25],[0.013500002212822437]
365,Ka Band,Sat1,ASF,26.00150426197797,26.015004264190793,0.013500002212822437,[],[26],[0.013500002212822437]
366,Ka Band,Sat1,ASF,26.072504273615777,26.0860042758286,0.013500002212822437,[],[26],[0.013500002212822437]
373,Ka Band,Sat1,ASF,26.582504357211292,26.596004359424114,0.013500002212822437,[],[26],[0.013500002212822437]
379,Ka Band,Sat1,ASF,27.001004425808787,27.01450442802161,0.013500002212822437,[],[27],[0.013500002212822437]
387,Ka Band,Sat1,ASF,27.58200452104211,27.59550452325493,0.013500002212822437,[],[27],[0.013500002212822437]
388,Ka Band,Sat1,ASF,27.65250453259796,27.66600453481078,0.013500002212822437,[],[27],[0.013500002212822437]
393,Ka Band,Sat1,ASF,28.00100458972156,28.014504591934383,0.013500002212822437,[],[28],[0.013500002212822437]
401,Ka Band,Sat1,ASF,28.58200468495488,28.595504687167704,0.013500002212822437,[],[28],[0.013500002212822437]
407,Ka Band,Sat1,ASF,29.000504753552377,29.0140047557652,0.013500002212822437,[],[29],[0.013500002212822437]
415,Ka Band,Sat1,ASF,29.5815048487857,29.59500485099852,0.013500002212822437,[],[29],[0.013500002212822437]
2,Ka Band,Sat1,ASF,0.07950001303106546,0.09250001516193151,0.01300000213086605,[],[0],[0.01300000213086605]
4,Ka Band,Sat1,ASF,0.22050003614276648,0.23350003827363253,0.01300000213086605,[],[0],[0.01300000213086605]
12,Ka Band,Sat1,ASF,0.8010001312941313,0.8140001334249973,0.01300000213086605,[],[0],[0.01300000213086605]
30,Ka Band,Sat1,ASF,2.0790003407746553,2.0920003429055214,0.01300000213086605,[],[2],[0.01300000213086605]
32,Ka Band,Sat1,ASF,2.2200003638863564,2.2330003660172224,0.01300000213086605,[],[2],[0.01300000213086605]
40,Ka Band,Sat1,ASF,2.800500459037721,2.813500461168587,0.01300000213086605,[],[2],[0.01300000213086605]
44,Ka Band,Sat1,ASF,3.078500504605472,3.091500506736338,0.01300000213086605,[],[3],[0.01300000213086605]
46,Ka Band,Sat1,ASF,3.2200005277991295,3.2330005299299955,0.01300000213086605,[],[3],[0.01300000213086605]
52,Ka Band,Sat1,ASF,3.6585005996748805,3.6715006018057466,0.01300000213086605,[],[3],[0.01300000213086605]
58,Ka Band,Sat1,ASF,4.078500668518245,4.091500670649111,0.01300000213086605,[],[4],[0.01300000213086605]
66,Ka Band,Sat1,ASF,4.658500763587654,4.67150076571852,0.01300000213086605,[],[4],[0.01300000213086605]
68,Ka Band,Sat1,ASF,4.800000786781311,4.813000788912177,0.01300000213086605,[],[4],[0.01300000213086605]
72,Ka Band,Sat1,ASF,5.078000832349062,5.091000834479928,0.01300000213086605,[],[5],[0.01300000213086605]
74,Ka Band,Sat1,ASF,5.219500855542719,5.232500857673585,0.01300000213086605,[],[5],[0.01300000213086605]
82,Ka Band,Sat1,ASF,5.799500950612128,5.812500952742994,0.01300000213086605,[],[5],[0.01300000213086605]
86,Ka Band,Sat1,ASF,6.077500996179879,6.090500998310745,0.01300000213086605,[],[6],[0.01300000213086605]
88,Ka Band,Sat1,ASF,6.2195010194554925,6.2325010215863585,0.01300000213086605,[],[6],[0.01300000213086605]
94,Ka Band,Sat1,ASF,6.6580010913312435,6.67100109346211,0.01300000213086605,[],[6],[0.01300000213086605]
110,Ka Band,Sat1,ASF,7.799001278355718,7.812001280486584,0.01300000213086605,[],[7],[0.01300000213086605]
114,Ka Band,Sat1,ASF,8.077001323923469,8.090001326054335,0.01300000213086605,[],[8],[0.01300000213086605]
123,Ka Band,Sat1,ASF,8.72850143071264,8.741501432843506,0.01300000213086605,[],[8],[0.01300000213086605]
124,Ka Band,Sat1,ASF,8.798501442186534,8.8115014443174,0.01300000213086605,[],[8],[0.01300000213086605]
142,Ka Band,Sat1,ASF,10.076501651667058,10.089501653797925,0.01300000213086605,[],[10],[0.01300000213086605]
155,Ka Band,Sat1,ASF,11.006001804023981,11.019001806154847,0.01300000213086605,[],[11],[0.01300000213086605]
157,Ka Band,Sat1,ASF,11.147001827135682,11.160001829266548,0.01300000213086605,[],[11],[0.01300000213086605]
183,Ka Band,Sat1,ASF,13.005502131767571,13.018502133898437,0.01300000213086605,[],[13],[0.01300000213086605]
185,Ka Band,Sat1,ASF,13.146502154879272,13.159502157010138,0.01300000213086605,[],[13],[0.01300000213086605]
193,Ka Band,Sat1,ASF,13.727002250030637,13.740002252161503,0.01300000213086605,[],[13],[0.01300000213086605]
197,Ka Band,Sat1,ASF,14.005002295598388,14.018002297729254,0.01300000213086605,[],[14],[0.01300000213086605]
199,Ka Band,Sat1,ASF,14.146502318792045,14.159502320922911,0.01300000213086605,[],[14],[0.01300000213086605]
205,Ka Band,Sat1,ASF,14.585002390667796,14.598002392798662,0.01300000213086605,[],[14],[0.01300000213086605]
207,Ka Band,Sat1,ASF,14.726502413861454,14.73950241599232,0.01300000213086605,[],[14],[0.01300000213086605]
211,Ka Band,Sat1,ASF,15.00500245951116,15.018002461642027,0.01300000213086605,[],[15],[0.01300000213086605]
213,Ka Band,Sat1,ASF,15.146002482622862,15.159002484753728,0.01300000213086605,[],[15],[0.01300000213086605]
219,Ka Band,Sat1,ASF,15.58500255458057,15.598002556711435,0.01300000213086605,[],[15],[0.01300000213086605]
221,Ka Band,Sat1,ASF,15.726502577774227,15.739502579905093,0.01300000213086605,[],[15],[0.01300000213086605]
225,Ka Band,Sat1,ASF,16.004502623341978,16.017502625472844,0.01300000213086605,[],[16],[0.01300000213086605]
227,Ka Band,Sat1,ASF,16.146002646535635,16.1590026486665,0.01300000213086605,[],[16],[0.01300000213086605]
233,Ka Band,Sat1,ASF,16.584502718411386,16.597502720542252,0.01300000213086605,[],[16],[0.01300000213086605]
235,Ka Band,Sat1,ASF,16.726002741605043,16.73900274373591,0.01300000213086605,[],[16],[0.01300000213086605]
239,Ka Band,Sat1,ASF,17.004002787172794,17.01700278930366,0.01300000213086605,[],[17],[0.01300000213086605]
241,Ka Band,Sat1,ASF,17.146002810448408,17.159002812579274,0.01300000213086605,[],[17],[0.01300000213086605]
247,Ka Band,Sat1,ASF,17.58450288232416,17.597502884455025,0.01300000213086605,[],[17],[0.01300000213086605]
263,Ka Band,Sat1,ASF,18.725503069348633,18.7385030714795,0.01300000213086605,[],[18],[0.01300000213086605]
267,Ka Band,Sat1,ASF,19.003503114916384,19.01650311704725,0.01300000213086605,[],[19],[0.01300000213086605]
276,Ka Band,Sat1,ASF,19.655003221705556,19.668003223836422,0.01300000213086605,[],[19],[0.01300000213086605]
277,Ka Band,Sat1,ASF,19.72500323317945,19.738003235310316,0.01300000213086605,[],[19],[0.01300000213086605]
294,Ka Band,Sat1,ASF,20.93300343118608,20.946003433316946,0.01300000213086605,[],[20],[0.01300000213086605]
295,Ka Band,Sat1,ASF,21.003003442659974,21.01600344479084,0.01300000213086605,[],[21],[0.01300000213086605]
305,Ka Band,Sat1,ASF,21.72450356092304,21.737503563053906,0.01300000213086605,[],[21],[0.01300000213086605]
310,Ka Band,Sat1,ASF,22.073503618128598,22.086503620259464,0.01300000213086605,[],[22],[0.01300000213086605]
336,Ka Band,Sat1,ASF,23.932003922760487,23.945003924891353,0.01300000213086605,[],[23],[0.01300000213086605]
338,Ka Band,Sat1,ASF,24.073003945872188,24.086003948003054,0.01300000213086605,[],[24],[0.01300000213086605]
358,Ka Band,Sat1,ASF,25.51150418166071,25.524504183791578,0.01300000213086605,[],[25],[0.01300000213086605]
364,Ka Band,Sat1,ASF,25.931504250504076,25.944504252634943,0.01300000213086605,[],[25],[0.01300000213086605]
374,Ka Band,Sat1,ASF,26.653004368767142,26.66600437089801,0.01300000213086605,[],[26],[0.01300000213086605]
378,Ka Band,Sat1,ASF,26.931004414334893,26.94400441646576,0.01300000213086605,[],[26],[0.01300000213086605]
380,Ka Band,Sat1,ASF,27.07250443752855,27.085504439659417,0.01300000213086605,[],[27],[0.01300000213086605]
386,Ka Band,Sat1,ASF,27.5110045094043,27.524004511535168,0.01300000213086605,[],[27],[0.01300000213086605]
392,Ka Band,Sat1,ASF,27.931004578247666,27.944004580378532,0.01300000213086605,[],[27],[0.01300000213086605]
394,Ka Band,Sat1,ASF,28.072504601441324,28.08550460357219,0.01300000213086605,[],[28],[0.01300000213086605]
400,Ka Band,Sat1,ASF,28.511004673317075,28.52400467544794,0.01300000213086605,[],[28],[0.01300000213086605]
402,Ka Band,Sat1,ASF,28.652504696510732,28.6655046986416,0.01300000213086605,[],[28],[0.01300000213086605]
406,Ka Band,Sat1,ASF,28.930504742078483,28.94350474420935,0.01300000213086605,[],[28],[0.01300000213086605]
408,Ka Band,Sat1,ASF,29.07200476527214,29.085004767403007,0.01300000213086605,[],[29],[0.01300000213086605]
414,Ka Band,Sat1,ASF,29.51050483714789,29.523504839278758,0.01300000213086605,[],[29],[0.01300000213086605]
416,Ka Band,Sat1,ASF,29.652504860423505,29.66550486255437,0.01300000213086605,[],[29],[0.01300000213086605]
420,Ka Band,Sat1,ASF,29.930504905991256,29.943504908122122,0.01300000213086605,[],[29],[0.01300000213086605]
10,Ka Band,Sat1,ASF,0.6595001081004739,0.6720001101493835,0.012500002048909664,[],[0],[0.012500002048909664]
16,Ka Band,Sat1,ASF,1.0795001769438386,1.0920001789927483,0.012500002048909664,[],[1],[0.012500002048909664]
24,Ka Band,Sat1,ASF,1.6590002719312906,1.6715002739802003,0.012500002048909664,[],[1],[0.012500002048909664]
27,Ka Band,Sat1,ASF,1.8710003066807985,1.8835003087297082,0.012500002048909664,[],[1],[0.012500002048909664]
38,Ka Band,Sat1,ASF,2.6590004358440638,2.6715004378929734,0.012500002048909664,[],[2],[0.012500002048909664]
41,Ka Band,Sat1,ASF,2.8705004705116153,2.883000472560525,0.012500002048909664,[],[2],[0.012500002048909664]
71,Ka Band,Sat1,ASF,5.008500820957124,5.021000823006034,0.012500002048909664,[],[5],[0.012500002048909664]
83,Ka Band,Sat1,ASF,5.869500962086022,5.882000964134932,0.012500002048909664,[],[5],[0.012500002048909664]
85,Ka Band,Sat1,ASF,6.008000984787941,6.020500986836851,0.012500002048909664,[],[6],[0.012500002048909664]
96,Ka Band,Sat1,ASF,6.799501114524901,6.812001116573811,0.012500002048909664,[],[6],[0.012500002048909664]
102,Ka Band,Sat1,ASF,7.219501183368266,7.232001185417175,0.012500002048909664,[],[7],[0.012500002048909664]
113,Ka Band,Sat1,ASF,8.00750131253153,8.02000131458044,0.012500002048909664,[],[8],[0.012500002048909664]
116,Ka Band,Sat1,ASF,8.219501347281039,8.232001349329948,0.012500002048909664,[],[8],[0.012500002048909664]
127,Ka Band,Sat1,ASF,9.007001476362348,9.019501478411257,0.012500002048909664,[],[9],[0.012500002048909664]
135,Ka Band,Sat1,ASF,9.586001571267843,9.598501573316753,0.012500002048909664,[],[9],[0.012500002048909664]
138,Ka Band,Sat1,ASF,9.798501606099308,9.811001608148217,0.012500002048909664,[],[9],[0.012500002048909664]
141,Ka Band,Sat1,ASF,10.006501640193164,10.019001642242074,0.012500002048909664,[],[10],[0.012500002048909664]
144,Ka Band,Sat1,ASF,10.219001675024629,10.231501677073538,0.012500002048909664,[],[10],[0.012500002048909664]
149,Ka Band,Sat1,ASF,10.586001735180616,10.598501737229526,0.012500002048909664,[],[10],[0.012500002048909664]
152,Ka Band,Sat1,ASF,10.798001769930124,10.810501771979034,0.012500002048909664,[],[10],[0.012500002048909664]
166,Ka Band,Sat1,ASF,11.798001933842897,11.810501935891807,0.012500002048909664,[],[11],[0.012500002048909664]
169,Ka Band,Sat1,ASF,12.006001967936754,12.018501969985664,0.012500002048909664,[],[12],[0.012500002048909664]
177,Ka Band,Sat1,ASF,12.585502062924206,12.598002064973116,0.012500002048909664,[],[12],[0.012500002048909664]
180,Ka Band,Sat1,ASF,12.797502097673714,12.810002099722624,0.012500002048909664,[],[12],[0.012500002048909664]
191,Ka Band,Sat1,ASF,13.58550222683698,13.598002228885889,0.012500002048909664,[],[13],[0.012500002048909664]
194,Ka Band,Sat1,ASF,13.797002261504531,13.80950226355344,0.012500002048909664,[],[13],[0.012500002048909664]
224,Ka Band,Sat1,ASF,15.93500261195004,15.94750261399895,0.012500002048909664,[],[15],[0.012500002048909664]
236,Ka Band,Sat1,ASF,16.796002753078938,16.808502755127847,0.012500002048909664,[],[16],[0.012500002048909664]
238,Ka Band,Sat1,ASF,16.934502775780857,16.947002777829766,0.012500002048909664,[],[16],[0.012500002048909664]
249,Ka Band,Sat1,ASF,17.726002905517817,17.738502907566726,0.012500002048909664,[],[17],[0.012500002048909664]
255,Ka Band,Sat1,ASF,18.14600297436118,18.15850297641009,0.012500002048909664,[],[18],[0.012500002048909664]
266,Ka Band,Sat1,ASF,18.934003103524446,18.946503105573356,0.012500002048909664,[],[18],[0.012500002048909664]
269,Ka Band,Sat1,ASF,19.146003138273954,19.158503140322864,0.012500002048909664,[],[19],[0.012500002048909664]
280,Ka Band,Sat1,ASF,19.933503267355263,19.946003269404173,0.012500002048909664,[],[19],[0.012500002048909664]
283,Ka Band,Sat1,ASF,20.14550330210477,20.15800330415368,0.012500002048909664,[],[20],[0.012500002048909664]
291,Ka Band,Sat1,ASF,20.725003397092223,20.737503399141133,0.012500002048909664,[],[20],[0.012500002048909664]
297,Ka Band,Sat1,ASF,21.145503466017544,21.158003468066454,0.012500002048909664,[],[21],[0.012500002048909664]
308,Ka Band,Sat1,ASF,21.933003595098853,21.945503597147763,0.012500002048909664,[],[21],[0.012500002048909664]
316,Ka Band,Sat1,ASF,22.51200369000435,22.52450369205326,0.012500002048909664,[],[22],[0.012500002048909664]
319,Ka Band,Sat1,ASF,22.724503724835813,22.737003726884723,0.012500002048909664,[],[22],[0.012500002048909664]
322,Ka Band,Sat1,ASF,22.93250375892967,22.94500376097858,0.012500002048909664,[],[22],[0.012500002048909664]
330,Ka Band,Sat1,ASF,23.512003853917122,23.52450385596603,0.012500002048909664,[],[23],[0.012500002048909664]
333,Ka Band,Sat1,ASF,23.72400388866663,23.73650389071554,0.012500002048909664,[],[23],[0.012500002048909664]
344,Ka Band,Sat1,ASF,24.512004017829895,24.524504019878805,0.012500002048909664,[],[24],[0.012500002048909664]
350,Ka Band,Sat1,ASF,24.93200408667326,24.94450408872217,0.012500002048909664,[],[24],[0.012500002048909664]
361,Ka Band,Sat1,ASF,25.72350421641022,25.73600421845913,0.012500002048909664,[],[25],[0.012500002048909664]
372,Ka Band,Sat1,ASF,26.511504345573485,26.524004347622395,0.012500002048909664,[],[26],[0.012500002048909664]
375,Ka Band,Sat1,ASF,26.723004380241036,26.735504382289946,0.012500002048909664,[],[26],[0.012500002048909664]
391,Ka Band,Sat1,ASF,27.86150456685573,27.87400456890464,0.012500002048909664,[],[27],[0.012500002048909664]
403,Ka Band,Sat1,ASF,28.722504707984626,28.735004710033536,0.012500002048909664,[],[28],[0.012500002048909664]
1,Ka Band,Sat1,ASF,0.010500001721084118,0.022500003688037395,0.012000001966953278,[],[0],[0.012000001966953278]
13,Ka Band,Sat1,ASF,0.8715001428499818,0.8835001448169351,0.012000001966953278,[],[0],[0.012000001966953278]
14,Ka Band,Sat1,ASF,0.9410001542419195,0.9530001562088728,0.012000001966953278,[],[0],[0.012000001966953278]
15,Ka Band,Sat1,ASF,1.0100001655519009,1.0220001675188541,0.012000001966953278,[],[1],[0.012000001966953278]
28,Ka Band,Sat1,ASF,1.9405003180727363,1.9525003200396895,0.012000001966953278,[],[1],[0.012000001966953278]
29,Ka Band,Sat1,ASF,2.010000329464674,2.0220003314316273,0.012000001966953278,[],[2],[0.012000001966953278]
43,Ka Band,Sat1,ASF,3.0095004932954907,3.021500495262444,0.012000001966953278,[],[3],[0.012000001966953278]
55,Ka Band,Sat1,ASF,3.8705006344243884,3.8825006363913417,0.012000001966953278,[],[3],[0.012000001966953278]
57,Ka Band,Sat1,ASF,4.0090006571263075,4.021000659093261,0.012000001966953278,[],[4],[0.012000001966953278]
69,Ka Band,Sat1,ASF,4.870000798255205,4.882000800222158,0.012000001966953278,[],[4],[0.012000001966953278]
70,Ka Band,Sat1,ASF,4.939500809647143,4.951500811614096,0.012000001966953278,[],[4],[0.012000001966953278]
84,Ka Band,Sat1,ASF,5.93900097347796,5.951000975444913,0.012000001966953278,"[{'Item1': 505, 'Item2': 5}]",[5],[0.012000001966953278]
97,Ka Band,Sat1,ASF,6.869501125998795,6.881501127965748,0.012000001966953278,[],[6],[0.012000001966953278]
99,Ka Band,Sat1,ASF,7.008001148700714,7.020001150667667,0.012000001966953278,[],[7],[0.012000001966953278]
107,Ka Band,Sat1,ASF,7.586501243524253,7.598501245491207,0.012000001966953278,[],[7],[0.012000001966953278]
111,Ka Band,Sat1,ASF,7.869001289829612,7.881001291796565,0.012000001966953278,[],[7],[0.012000001966953278]
121,Ka Band,Sat1,ASF,8.586501407437027,8.59850140940398,0.012000001966953278,[],[8],[0.012000001966953278]
125,Ka Band,Sat1,ASF,8.868501453660429,8.880501455627382,0.012000001966953278,[],[8],[0.012000001966953278]
126,Ka Band,Sat1,ASF,8.938001465052366,8.95000146701932,0.012000001966953278,[],[8],[0.012000001966953278]
130,Ka Band,Sat1,ASF,9.219501511193812,9.231501513160765,0.012000001966953278,[],[9],[0.012000001966953278]
140,Ka Band,Sat1,ASF,9.937501628883183,9.949501630850136,0.012000001966953278,[],[9],[0.012000001966953278]
154,Ka Band,Sat1,ASF,10.937001792714,10.949001794680953,0.012000001966953278,[],[10],[0.012000001966953278]
158,Ka Band,Sat1,ASF,11.219001838937402,11.231001840904355,0.012000001966953278,[],[11],[0.012000001966953278]
163,Ka Band,Sat1,ASF,11.58600189909339,11.598001901060343,0.012000001966953278,[],[11],[0.012000001966953278]
167,Ka Band,Sat1,ASF,11.867501945234835,11.879501947201788,0.012000001966953278,[],[11],[0.012000001966953278]
168,Ka Band,Sat1,ASF,11.936501956544816,11.94850195851177,0.012000001966953278,[],[11],[0.012000001966953278]
172,Ka Band,Sat1,ASF,12.219002002850175,12.231002004817128,0.012000001966953278,[],[12],[0.012000001966953278]
181,Ka Band,Sat1,ASF,12.867002109065652,12.879002111032605,0.012000001966953278,[],[12],[0.012000001966953278]
182,Ka Band,Sat1,ASF,12.93650212045759,12.948502122424543,0.012000001966953278,[],[12],[0.012000001966953278]
186,Ka Band,Sat1,ASF,13.219002166762948,13.231002168729901,0.012000001966953278,[],[13],[0.012000001966953278]
196,Ka Band,Sat1,ASF,13.936002284288406,13.94800228625536,0.012000001966953278,[],[13],[0.012000001966953278]
208,Ka Band,Sat1,ASF,14.797002425417304,14.809002427384257,0.012000001966953278,[],[14],[0.012000001966953278]
210,Ka Band,Sat1,ASF,14.935502448119223,14.947502450086176,0.012000001966953278,[],[14],[0.012000001966953278]
222,Ka Band,Sat1,ASF,15.79650258924812,15.808502591215074,0.012000001966953278,[],[15],[0.012000001966953278]
223,Ka Band,Sat1,ASF,15.866002600640059,15.878002602607012,0.012000001966953278,[],[15],[0.012000001966953278]
237,Ka Band,Sat1,ASF,16.865502764470875,16.87750276643783,0.012000001966953278,"[{'Item1': 658, 'Item2': 5}]",[16],[0.012000001966953278]
250,Ka Band,Sat1,ASF,17.79600291699171,17.808002918958664,0.012000001966953278,[],[17],[0.012000001966953278]
252,Ka Band,Sat1,ASF,17.93450293969363,17.946502941660583,0.012000001966953278,[],[17],[0.012000001966953278]
260,Ka Band,Sat1,ASF,18.51300303451717,18.525003036484122,0.012000001966953278,[],[18],[0.012000001966953278]
264,Ka Band,Sat1,ASF,18.795503080822527,18.80750308278948,0.012000001966953278,[],[18],[0.012000001966953278]
274,Ka Band,Sat1,ASF,19.513003198429942,19.525003200396895,0.012000001966953278,[],[19],[0.012000001966953278]
278,Ka Band,Sat1,ASF,19.795003244653344,19.807003246620297,0.012000001966953278,[],[19],[0.012000001966953278]
279,Ka Band,Sat1,ASF,19.864503256045282,19.876503258012235,0.012000001966953278,[],[19],[0.012000001966953278]
288,Ka Band,Sat1,ASF,20.51250336226076,20.524503364227712,0.012000001966953278,[],[20],[0.012000001966953278]
293,Ka Band,Sat1,ASF,20.8640034198761,20.876003421843052,0.012000001966953278,[],[20],[0.012000001966953278]
302,Ka Band,Sat1,ASF,21.512503526173532,21.524503528140485,0.012000001966953278,[],[21],[0.012000001966953278]
306,Ka Band,Sat1,ASF,21.794503572396934,21.806503574363887,0.012000001966953278,[],[21],[0.012000001966953278]
311,Ka Band,Sat1,ASF,22.145503629930317,22.15750363189727,0.012000001966953278,[],[22],[0.012000001966953278]
320,Ka Band,Sat1,ASF,22.79400373622775,22.806003738194704,0.012000001966953278,[],[22],[0.012000001966953278]
321,Ka Band,Sat1,ASF,22.86350374761969,22.875503749586642,0.012000001966953278,[],[22],[0.012000001966953278]
325,Ka Band,Sat1,ASF,23.14550379384309,23.157503795810044,0.012000001966953278,[],[23],[0.012000001966953278]
335,Ka Band,Sat1,ASF,23.863003911450505,23.87500391341746,0.012000001966953278,[],[23],[0.012000001966953278]
339,Ka Band,Sat1,ASF,24.145503957755864,24.157503959722817,0.012000001966953278,[],[24],[0.012000001966953278]
347,Ka Band,Sat1,ASF,24.724004052579403,24.736004054546356,0.012000001966953278,[],[24],[0.012000001966953278]
348,Ka Band,Sat1,ASF,24.79350406397134,24.805504065938294,0.012000001966953278,[],[24],[0.012000001966953278]
349,Ka Band,Sat1,ASF,24.862504075281322,24.874504077248275,0.012000001966953278,[],[24],[0.012000001966953278]
362,Ka Band,Sat1,ASF,25.793004227802157,25.80500422976911,0.012000001966953278,[],[25],[0.012000001966953278]
363,Ka Band,Sat1,ASF,25.862504239194095,25.87450424116105,0.012000001966953278,[],[25],[0.012000001966953278]
377,Ka Band,Sat1,ASF,26.862004403024912,26.874004404991865,0.012000001966953278,[],[26],[0.012000001966953278]
389,Ka Band,Sat1,ASF,27.72300454415381,27.735004546120763,0.012000001966953278,[],[27],[0.012000001966953278]
390,Ka Band,Sat1,ASF,27.792504555545747,27.8045045575127,0.012000001966953278,[],[27],[0.012000001966953278]
405,Ka Band,Sat1,ASF,28.8615047307685,28.873504732735455,0.012000001966953278,[],[28],[0.012000001966953278]
417,Ka Band,Sat1,ASF,29.7225048718974,29.734504873864353,0.012000001966953278,[],[29],[0.012000001966953278]
419,Ka Band,Sat1,ASF,29.86100489459932,29.873004896566272,0.012000001966953278,[],[29],[0.012000001966953278]
5,Ka Band,Sat1,ASF,0.29300004802644253,0.3045000499114394,0.011500001884996891,[],[0],[0.011500001884996891]
19,Ka Band,Sat1,ASF,1.2930002119392157,1.3045002138242126,0.011500001884996891,[],[1],[0.011500001884996891]
33,Ka Band,Sat1,ASF,2.293000375851989,2.3045003777369857,0.011500001884996891,[],[2],[0.011500001884996891]
42,Ka Band,Sat1,ASF,2.9405004819855094,2.9520004838705063,0.011500001884996891,[],[2],[0.011500001884996891]
56,Ka Band,Sat1,ASF,3.940000645816326,3.951500647701323,0.011500001884996891,[],[3],[0.011500001884996891]
79,Ka Band,Sat1,ASF,5.5870009157806635,5.59850091766566,0.011500001884996891,[],[5],[0.011500001884996891]
93,Ka Band,Sat1,ASF,6.587001079693437,6.5985010815784335,0.011500001884996891,[],[6],[0.011500001884996891]
98,Ka Band,Sat1,ASF,6.939001137390733,6.95050113927573,0.011500001884996891,[],[6],[0.011500001884996891]
112,Ka Band,Sat1,ASF,7.9385013012215495,7.950001303106546,0.011500001884996891,[],[7],[0.011500001884996891]
139,Ka Band,Sat1,ASF,9.868501617573202,9.880001619458199,0.011500001884996891,[],[9],[0.011500001884996891]
153,Ka Band,Sat1,ASF,10.868001781404018,10.879501783289015,0.011500001884996891,[],[10],[0.011500001884996891]
195,Ka Band,Sat1,ASF,13.867002272978425,13.878502274863422,0.011500001884996891,[],[13],[0.011500001884996891]
200,Ka Band,Sat1,ASF,14.219002330675721,14.230502332560718,0.011500001884996891,[],[14],[0.011500001884996891]
209,Ka Band,Sat1,ASF,14.866502436809242,14.878002438694239,0.011500001884996891,[],[14],[0.011500001884996891]
214,Ka Band,Sat1,ASF,15.219002494588494,15.230502496473491,0.011500001884996891,[],[15],[0.011500001884996891]
218,Ka Band,Sat1,ASF,15.513502542860806,15.525002544745803,0.011500001884996891,[],[15],[0.011500001884996891]
232,Ka Band,Sat1,ASF,16.51350270677358,16.525002708658576,0.011500001884996891,[],[16],[0.011500001884996891]
246,Ka Band,Sat1,ASF,17.513502870686352,17.52500287257135,0.011500001884996891,[],[17],[0.011500001884996891]
251,Ka Band,Sat1,ASF,17.86550292838365,17.877002930268645,0.011500001884996891,"[{'Item1': 672, 'Item2': 4}]",[17],[0.011500001884996891]
265,Ka Band,Sat1,ASF,18.865003092214465,18.876503094099462,0.011500001884996891,[],[18],[0.011500001884996891]
292,Ka Band,Sat1,ASF,20.795003408566117,20.806503410451114,0.011500001884996891,[],[20],[0.011500001884996891]
307,Ka Band,Sat1,ASF,21.86400358378887,21.87550358567387,0.011500001884996891,[],[21],[0.011500001884996891]
334,Ka Band,Sat1,ASF,23.794003900140524,23.80550390202552,0.011500001884996891,[],[23],[0.011500001884996891]
353,Ka Band,Sat1,ASF,25.145504121668637,25.157004123553634,0.011500001884996891,[],[25],[0.011500001884996891]
367,Ka Band,Sat1,ASF,26.14550428558141,26.157004287466407,0.011500001884996891,[],[26],[0.011500001884996891]
376,Ka Band,Sat1,ASF,26.79300439171493,26.804504393599927,0.011500001884996891,[],[26],[0.011500001884996891]
381,Ka Band,Sat1,ASF,27.145004449412227,27.156504451297224,0.011500001884996891,[],[27],[0.011500001884996891]
395,Ka Band,Sat1,ASF,28.145004613325,28.156504615209997,0.011500001884996891,[],[28],[0.011500001884996891]
404,Ka Band,Sat1,ASF,28.79250471945852,28.804004721343517,0.011500001884996891,[],[28],[0.011500001884996891]
409,Ka Band,Sat1,ASF,29.145004777237773,29.15650477912277,0.011500001884996891,[],[29],[0.011500001884996891]
418,Ka Band,Sat1,ASF,29.792004883289337,29.803504885174334,0.011500001884996891,[],[29],[0.011500001884996891]
47,Ka Band,Sat1,ASF,3.293000539764762,3.3040005415678024,0.011000001803040504,[],[3],[0.011000001803040504]
51,Ka Band,Sat1,ASF,3.5875005880370736,3.598500589840114,0.011000001803040504,[],[3],[0.011000001803040504]
61,Ka Band,Sat1,ASF,4.293000703677535,4.304000705480576,0.011000001803040504,[],[4],[0.011000001803040504]
65,Ka Band,Sat1,ASF,4.587500751949847,4.598500753752887,0.011000001803040504,[],[4],[0.011000001803040504]
371,Ka Band,Sat1,ASF,26.44000433385372,26.451004335656762,0.011000001803040504,[],[26],[0.011000001803040504]
413,Ka Band,Sat1,ASF,29.439504825510085,29.450504827313125,0.011000001803040504,[],[29],[0.011000001803040504]
37,Ka Band,Sat1,ASF,2.5875004241243005,2.5980004258453846,0.010500001721084118,[],[2],[0.010500001721084118]
75,Ka Band,Sat1,ASF,5.293000867590308,5.303500869311392,0.010500001721084118,[],[5],[0.010500001721084118]
89,Ka Band,Sat1,ASF,6.293001031503081,6.303501033224165,0.010500001721084118,[],[6],[0.010500001721084118]
103,Ka Band,Sat1,ASF,7.2930011954158545,7.303501197136939,0.010500001721084118,[],[7],[0.010500001721084118]
190,Ka Band,Sat1,ASF,13.514002215117216,13.5245022168383,0.010500001721084118,[],[13],[0.010500001721084118]
204,Ka Band,Sat1,ASF,14.51400237902999,14.524502380751073,0.010500001721084118,[],[14],[0.010500001721084118]
228,Ka Band,Sat1,ASF,16.219502658583224,16.230002660304308,0.010500001721084118,[],[16],[0.010500001721084118]
242,Ka Band,Sat1,ASF,17.219502822495997,17.23000282421708,0.010500001721084118,[],[17],[0.010500001721084118]
256,Ka Band,Sat1,ASF,18.21950298640877,18.230002988129854,0.010500001721084118,[],[18],[0.010500001721084118]
357,Ka Band,Sat1,ASF,25.440504170022905,25.45100417174399,0.010500001721084118,[],[25],[0.010500001721084118]
385,Ka Band,Sat1,ASF,27.440004497766495,27.45050449948758,0.010500001721084118,[],[27],[0.010500001721084118]
399,Ka Band,Sat1,ASF,28.440004661679268,28.450504663400352,0.010500001721084118,[],[28],[0.010500001721084118]
9,Ka Band,Sat1,ASF,0.5880000963807106,0.5980000980198383,0.010000001639127731,[],[0],[0.010000001639127731]
23,Ka Band,Sat1,ASF,1.5880002602934837,1.5980002619326115,0.010000001639127731,[],[1],[0.010000001639127731]
117,Ka Band,Sat1,ASF,8.293001359328628,8.303001360967755,0.010000001639127731,[],[8],[0.010000001639127731]
131,Ka Band,Sat1,ASF,9.2930015232414,9.303001524880528,0.010000001639127731,[],[9],[0.010000001639127731]
148,Ka Band,Sat1,ASF,10.514501723460853,10.52450172509998,0.010000001639127731,[],[10],[0.010000001639127731]
162,Ka Band,Sat1,ASF,11.514501887373626,11.524501889012754,0.010000001639127731,[],[11],[0.010000001639127731]
176,Ka Band,Sat1,ASF,12.5145020512864,12.524502052925527,0.010000001639127731,[],[12],[0.010000001639127731]
270,Ka Band,Sat1,ASF,19.219503150321543,19.22950315196067,0.010000001639127731,[],[19],[0.010000001639127731]
284,Ka Band,Sat1,ASF,20.219503314234316,20.229503315873444,0.010000001639127731,[],[20],[0.010000001639127731]
343,Ka Band,Sat1,ASF,24.44050400611013,24.45050400774926,0.010000001639127731,[],[24],[0.010000001639127731]
134,Ka Band,Sat1,ASF,9.515001559630036,9.524501561187208,0.009500001557171345,[],[9],[0.009500001557171345]
298,Ka Band,Sat1,ASF,21.21950347814709,21.22900347970426,0.009500001557171345,[],[21],[0.009500001557171345]
301,Ka Band,Sat1,ASF,21.44100351445377,21.45050351601094,0.009500001557171345,[],[21],[0.009500001557171345]
312,Ka Band,Sat1,ASF,22.219503642059863,22.229003643617034,0.009500001557171345,[],[22],[0.009500001557171345]
315,Ka Band,Sat1,ASF,22.441003678366542,22.450503679923713,0.009500001557171345,[],[22],[0.009500001557171345]
326,Ka Band,Sat1,ASF,23.219503805972636,23.229003807529807,0.009500001557171345,[],[23],[0.009500001557171345]
329,Ka Band,Sat1,ASF,23.441003842279315,23.450503843836486,0.009500001557171345,[],[23],[0.009500001557171345]
6,Ka Band,Sat1,ASF,0.36700006015598774,0.3760000616312027,0.009000001475214958,[],[0],[0.009000001475214958]
20,Ka Band,Sat1,ASF,1.3670002240687609,1.3760002255439758,0.009000001475214958,[],[1],[0.009000001475214958]
120,Ka Band,Sat1,ASF,8.515001395717263,8.524001397192478,0.009000001475214958,[],[8],[0.009000001475214958]
145,Ka Band,Sat1,ASF,10.29350168723613,10.302501688711345,0.009000001475214958,[],[10],[0.009000001475214958]
159,Ka Band,Sat1,ASF,11.293501851148903,11.302501852624118,0.009000001475214958,[],[11],[0.009000001475214958]
173,Ka Band,Sat1,ASF,12.293502015061677,12.302502016536891,0.009000001475214958,[],[12],[0.009000001475214958]
259,Ka Band,Sat1,ASF,18.441503022797406,18.45050302427262,0.009000001475214958,[],[18],[0.009000001475214958]
273,Ka Band,Sat1,ASF,19.44150318671018,19.450503188185394,0.009000001475214958,[],[19],[0.009000001475214958]
287,Ka Band,Sat1,ASF,20.441503350622952,20.450503352098167,0.009000001475214958,[],[20],[0.009000001475214958]
340,Ka Band,Sat1,ASF,24.21950396988541,24.228503971360624,0.009000001475214958,[],[24],[0.009000001475214958]
92,Ka Band,Sat1,ASF,6.515501067973673,6.524001069366932,0.008500001393258572,[],[6],[0.008500001393258572]
106,Ka Band,Sat1,ASF,7.5155012318864465,7.524001233279705,0.008500001393258572,[],[7],[0.008500001393258572]
187,Ka Band,Sat1,ASF,13.29350217897445,13.302002180367708,0.008500001393258572,[],[13],[0.008500001393258572]
354,Ka Band,Sat1,ASF,25.22000413388014,25.228504135273397,0.008500001393258572,[],[25],[0.008500001393258572]
368,Ka Band,Sat1,ASF,26.22000429779291,26.22850429918617,0.008500001393258572,[],[26],[0.008500001393258572]
34,Ka Band,Sat1,ASF,2.3675003880634904,2.3755003893747926,0.008000001311302185,[],[2],[0.008000001311302185]
48,Ka Band,Sat1,ASF,3.3675005519762635,3.3755005532875657,0.008000001311302185,[],[3],[0.008000001311302185]
62,Ka Band,Sat1,ASF,4.367500715889037,4.375500717200339,0.008000001311302185,[],[4],[0.008000001311302185]
78,Ka Band,Sat1,ASF,5.5155009040609,5.523500905372202,0.008000001311302185,[],[5],[0.008000001311302185]
201,Ka Band,Sat1,ASF,14.29400234296918,14.302002344280481,0.008000001311302185,[],[14],[0.008000001311302185]
215,Ka Band,Sat1,ASF,15.294002506881952,15.302002508193254,0.008000001311302185,[],[15],[0.008000001311302185]
217,Ka Band,Sat1,ASF,15.442002531141043,15.450002532452345,0.008000001311302185,[],[15],[0.008000001311302185]
231,Ka Band,Sat1,ASF,16.442002695053816,16.450002696365118,0.008000001311302185,[],[16],[0.008000001311302185]
245,Ka Band,Sat1,ASF,17.44200285896659,17.45000286027789,0.008000001311302185,[],[17],[0.008000001311302185]
382,Ka Band,Sat1,ASF,27.220004461705685,27.228004463016987,0.008000001311302185,[],[27],[0.008000001311302185]
396,Ka Band,Sat1,ASF,28.220004625618458,28.22800462692976,0.008000001311302185,[],[28],[0.008000001311302185]
412,Ka Band,Sat1,ASF,29.36800481379032,29.376004815101624,0.008000001311302185,[],[29],[0.008000001311302185]
50,Ka Band,Sat1,ASF,3.5160005763173103,3.523500577546656,0.0075000012293457985,[],[3],[0.0075000012293457985]
64,Ka Band,Sat1,ASF,4.5160007402300835,4.523500741459429,0.0075000012293457985,[],[4],[0.0075000012293457985]
229,Ka Band,Sat1,ASF,16.294002670794725,16.30150267202407,0.0075000012293457985,[],[16],[0.0075000012293457985]
410,Ka Band,Sat1,ASF,29.22000478953123,29.227504790760577,0.0075000012293457985,[],[29],[0.0075000012293457985]
22,Ka Band,Sat1,ASF,1.516000248491764,1.5230002496391535,0.007000001147389412,"[{'Item1': 443, 'Item2': 4}]",[1],[0.007000001147389412]
36,Ka Band,Sat1,ASF,2.516000412404537,2.5230004135519266,0.007000001147389412,"[{'Item1': 457, 'Item2': 4}]",[2],[0.007000001147389412]
76,Ka Band,Sat1,ASF,5.368000879883766,5.375000881031156,0.007000001147389412,[],[5],[0.007000001147389412]
90,Ka Band,Sat1,ASF,6.368001043796539,6.375001044943929,0.007000001147389412,[],[6],[0.007000001147389412]
104,Ka Band,Sat1,ASF,7.368001207709312,7.375001208856702,0.007000001147389412,[],[7],[0.007000001147389412]
175,Ka Band,Sat1,ASF,12.44250203948468,12.449502040632069,0.007000001147389412,"[{'Item1': 596, 'Item2': 4}]",[12],[0.007000001147389412]
189,Ka Band,Sat1,ASF,13.442502203397453,13.449502204544842,0.007000001147389412,"[{'Item1': 610, 'Item2': 4}]",[13],[0.007000001147389412]
203,Ka Band,Sat1,ASF,14.442502367310226,14.449502368457615,0.007000001147389412,"[{'Item1': 624, 'Item2': 4}]",[14],[0.007000001147389412]
243,Ka Band,Sat1,ASF,17.294502834789455,17.301502835936844,0.007000001147389412,[],[17],[0.007000001147389412]
257,Ka Band,Sat1,ASF,18.294502998702228,18.301502999849617,0.007000001147389412,[],[18],[0.007000001147389412]
271,Ka Band,Sat1,ASF,19.294503162615,19.30150316376239,0.007000001147389412,"[{'Item1': 692, 'Item2': 4}]",[19],[0.007000001147389412]
356,Ka Band,Sat1,ASF,25.368504158221185,25.375504159368575,0.007000001147389412,"[{'Item1': 777, 'Item2': 4}]",[25],[0.007000001147389412]
370,Ka Band,Sat1,ASF,26.36850432213396,26.375504323281348,0.007000001147389412,"[{'Item1': 791, 'Item2': 4}]",[26],[0.007000001147389412]
384,Ka Band,Sat1,ASF,27.36850448604673,27.37550448719412,0.007000001147389412,"[{'Item1': 805, 'Item2': 4}]",[27],[0.007000001147389412]
398,Ka Band,Sat1,ASF,28.368504649959505,28.375504651106894,0.007000001147389412,"[{'Item1': 819, 'Item2': 4}]",[28],[0.007000001147389412]
8,Ka Band,Sat1,ASF,0.5165000846609473,0.5230000857263803,0.006500001065433025,"[{'Item1': 429, 'Item2': 4}]",[0],[0.006500001065433025]
118,Ka Band,Sat1,ASF,8.368501371704042,8.375001372769475,0.006500001065433025,"[{'Item1': 539, 'Item2': 4}]",[8],[0.006500001065433025]
132,Ka Band,Sat1,ASF,9.368501535616815,9.375001536682248,0.006500001065433025,"[{'Item1': 553, 'Item2': 4}]",[9],[0.006500001065433025]
161,Ka Band,Sat1,ASF,11.442501875571907,11.44900187663734,0.006500001065433025,"[{'Item1': 582, 'Item2': 4}]",[11],[0.006500001065433025]
328,Ka Band,Sat1,ASF,23.369003830477595,23.37550383154303,0.006500001065433025,"[{'Item1': 749, 'Item2': 4}]",[23],[0.006500001065433025]
342,Ka Band,Sat1,ASF,24.36900399439037,24.3755039954558,0.006500001065433025,"[{'Item1': 763, 'Item2': 4}]",[24],[0.006500001065433025]
133,Ka Band,Sat1,ASF,9.443001547828317,9.449001548811793,0.006000000983476639,"[{'Item1': 554, 'Item2': 4}]",[9],[0.006000000983476639]
146,Ka Band,Sat1,ASF,10.368501699529588,10.374501700513065,0.006000000983476639,"[{'Item1': 567, 'Item2': 4}]",[10],[0.006000000983476639]
147,Ka Band,Sat1,ASF,10.44300171174109,10.449001712724566,0.006000000983476639,"[{'Item1': 568, 'Item2': 4}]",[10],[0.006000000983476639]
285,Ka Band,Sat1,ASF,20.29500332660973,20.301003327593207,0.006000000983476639,"[{'Item1': 706, 'Item2': 4}]",[20],[0.006000000983476639]
299,Ka Band,Sat1,ASF,21.295003490522504,21.30100349150598,0.006000000983476639,"[{'Item1': 720, 'Item2': 4}]",[21],[0.006000000983476639]
300,Ka Band,Sat1,ASF,21.36900350265205,21.375003503635526,0.006000000983476639,"[{'Item1': 721, 'Item2': 4}]",[21],[0.006000000983476639]
313,Ka Band,Sat1,ASF,22.295003654435277,22.301003655418754,0.006000000983476639,"[{'Item1': 734, 'Item2': 4}]",[22],[0.006000000983476639]
314,Ka Band,Sat1,ASF,22.369003666564822,22.3750036675483,0.006000000983476639,"[{'Item1': 735, 'Item2': 4}]",[22],[0.006000000983476639]
327,Ka Band,Sat1,ASF,23.29500381834805,23.301003819331527,0.006000000983476639,"[{'Item1': 748, 'Item2': 4}]",[23],[0.006000000983476639]
341,Ka Band,Sat1,ASF,24.295003982260823,24.3010039832443,0.006000000983476639,"[{'Item1': 762, 'Item2': 4}]",[24],[0.006000000983476639]
7,Ka Band,Sat1,ASF,0.4425000725314021,0.44800007343292236,0.005500000901520252,"[{'Item1': 428, 'Item2': 4}]",[0],[0.005500000901520252]
21,Ka Band,Sat1,ASF,1.4425002364441752,1.4480002373456955,0.005500000901520252,"[{'Item1': 442, 'Item2': 4}]",[1],[0.005500000901520252]
77,Ka Band,Sat1,ASF,5.443000892177224,5.448500893078744,0.005500000901520252,"[{'Item1': 498, 'Item2': 4}]",[5],[0.005500000901520252]
91,Ka Band,Sat1,ASF,6.443001056089997,6.4485010569915175,0.005500000901520252,"[{'Item1': 512, 'Item2': 4}]",[6],[0.005500000901520252]
105,Ka Band,Sat1,ASF,7.44300122000277,7.448501220904291,0.005500000901520252,"[{'Item1': 526, 'Item2': 4}]",[7],[0.005500000901520252]
119,Ka Band,Sat1,ASF,8.443001383915544,8.448501384817064,0.005500000901520252,"[{'Item1': 540, 'Item2': 4}]",[8],[0.005500000901520252]
160,Ka Band,Sat1,ASF,11.369001863524318,11.374501864425838,0.005500000901520252,"[{'Item1': 581, 'Item2': 4}]",[11],[0.005500000901520252]
174,Ka Band,Sat1,ASF,12.36900202743709,12.374502028338611,0.005500000901520252,"[{'Item1': 595, 'Item2': 4}]",[12],[0.005500000901520252]
188,Ka Band,Sat1,ASF,13.369002191349864,13.374502192251384,0.005500000901520252,"[{'Item1': 609, 'Item2': 4}]",[13],[0.005500000901520252]
244,Ka Band,Sat1,ASF,17.369502847082913,17.375002847984433,0.005500000901520252,"[{'Item1': 665, 'Item2': 4}]",[17],[0.005500000901520252]
258,Ka Band,Sat1,ASF,18.369503010995686,18.375003011897206,0.005500000901520252,"[{'Item1': 679, 'Item2': 4}]",[18],[0.005500000901520252]
272,Ka Band,Sat1,ASF,19.36950317490846,19.37500317580998,0.005500000901520252,"[{'Item1': 693, 'Item2': 4}]",[19],[0.005500000901520252]
286,Ka Band,Sat1,ASF,20.369503338821232,20.375003339722753,0.005500000901520252,"[{'Item1': 707, 'Item2': 4}]",[20],[0.005500000901520252]
355,Ka Band,Sat1,ASF,25.295004146173596,25.300504147075117,0.005500000901520252,"[{'Item1': 776, 'Item2': 4}]",[25],[0.005500000901520252]
411,Ka Band,Sat1,ASF,29.29500480182469,29.30050480272621,0.005500000901520252,"[{'Item1': 832, 'Item2': 4}]",[29],[0.005500000901520252]
35,Ka Band,Sat1,ASF,2.4430004004389048,2.4480004012584686,0.005000000819563866,"[{'Item1': 456, 'Item2': 4}]",[2],[0.005000000819563866]
49,Ka Band,Sat1,ASF,3.443000564351678,3.4480005651712418,0.005000000819563866,"[{'Item1': 470, 'Item2': 4}]",[3],[0.005000000819563866]
63,Ka Band,Sat1,ASF,4.443000728264451,4.448000729084015,0.005000000819563866,"[{'Item1': 484, 'Item2': 4}]",[4],[0.005000000819563866]
202,Ka Band,Sat1,ASF,14.369502355344594,14.374502356164157,0.005000000819563866,"[{'Item1': 623, 'Item2': 4}]",[14],[0.005000000819563866]
216,Ka Band,Sat1,ASF,15.369502519257367,15.37450252007693,0.005000000819563866,"[{'Item1': 637, 'Item2': 4}]",[15],[0.005000000819563866]
230,Ka Band,Sat1,ASF,16.36950268317014,16.374502683989704,0.005000000819563866,"[{'Item1': 651, 'Item2': 4}]",[16],[0.005000000819563866]
369,Ka Band,Sat1,ASF,26.295504310168326,26.30050431098789,0.005000000819563866,"[{'Item1': 790, 'Item2': 4}]",[26],[0.005000000819563866]
383,Ka Band,Sat1,ASF,27.2955044740811,27.300504474900663,0.005000000819563866,"[{'Item1': 804, 'Item2': 4}]",[27],[0.005000000819563866]
397,Ka Band,Sat1,ASF,28.295504637993872,28.300504638813436,0.005000000819563866,"[{'Item1': 818, 'Item2': 4}]",[28],[0.005000000819563866]
0,Ka Band,Sat1,ASF,0.0,0.0005000000819563866,0.0005000000819563866,"[{'Item1': 421, 'Item2': 5}]",[0],[0.0005000000819563866]
425,Ka Band,Sat1,Svalbard,0.23350003827363253,0.2415000395849347,0.008000001311302185,[],[0],[0.008000001311302185]
427,Ka Band,Sat1,Svalbard,0.3760000616312027,0.3835000628605485,0.0075000012293457985,[],[0],[0.0075000012293457985]
429,Ka Band,Sat1,Svalbard,0.5105000836774707,0.5245000859722495,0.014000002294778824,"[{'Item1': 8, 'Item2': 3}]",[0],[0.014000002294778824]
430,Ka Band,Sat1,Svalbard,0.5810000952333212,0.5880000963807106,0.007000001147389412,[],[0],[0.007000001147389412]
431,Ka Band,Sat1,Svalbard,0.6515001067891717,0.6595001081004739,0.008000001311302185,[],[0],[0.008000001311302185]
432,Ka Band,Sat1,Svalbard,0.7225001184269786,0.7300001196563244,0.0075000012293457985,[],[0],[0.0075000012293457985]
440,Ka Band,Sat1,Svalbard,1.3045002138242126,1.3125002151355147,0.008000001311302185,[],[1],[0.008000001311302185]
441,Ka Band,Sat1,Svalbard,1.3760002255439758,1.3835002267733216,0.0075000012293457985,[],[1],[0.0075000012293457985]
445,Ka Band,Sat1,Svalbard,1.6515002707019448,1.6590002719312906,0.0075000012293457985,[],[1],[0.0075000012293457985]
446,Ka Band,Sat1,Svalbard,1.7225002823397517,1.7300002835690975,0.0075000012293457985,[],[1],[0.0075000012293457985]
454,Ka Band,Sat1,Svalbard,2.3045003777369857,2.312500379048288,0.008000001311302185,[],[2],[0.008000001311302185]
455,Ka Band,Sat1,Svalbard,2.3755003893747926,2.3830003906041384,0.0075000012293457985,[],[2],[0.0075000012293457985]
456,Ka Band,Sat1,Svalbard,2.43950039986521,2.453500402159989,0.014000002294778824,"[{'Item1': 35, 'Item2': 3}]",[2],[0.014000002294778824]
457,Ka Band,Sat1,Svalbard,2.5100004114210606,2.5240004137158394,0.014000002294778824,"[{'Item1': 36, 'Item2': 3}]",[2],[0.014000002294778824]
458,Ka Band,Sat1,Svalbard,2.580500422976911,2.5875004241243005,0.007000001147389412,[],[2],[0.007000001147389412]
459,Ka Band,Sat1,Svalbard,2.6510004345327616,2.6590004358440638,0.008000001311302185,[],[2],[0.008000001311302185]
467,Ka Band,Sat1,Svalbard,3.2330005299299955,3.2410005312412977,0.008000001311302185,[],[3],[0.008000001311302185]
468,Ka Band,Sat1,Svalbard,3.3040005415678024,3.3120005428791046,0.008000001311302185,[],[3],[0.008000001311302185]
469,Ka Band,Sat1,Svalbard,3.3755005532875657,3.3830005545169115,0.0075000012293457985,[],[3],[0.0075000012293457985]
472,Ka Band,Sat1,Svalbard,3.580000586807728,3.5875005880370736,0.0075000012293457985,[],[3],[0.0075000012293457985]
473,Ka Band,Sat1,Svalbard,3.6510005984455347,3.6585005996748805,0.0075000012293457985,[],[3],[0.0075000012293457985]
474,Ka Band,Sat1,Svalbard,3.7220006100833416,3.7295006113126874,0.0075000012293457985,[],[3],[0.0075000012293457985]
482,Ka Band,Sat1,Svalbard,4.304000705480576,4.312000706791878,0.008000001311302185,[],[4],[0.008000001311302185]
483,Ka Band,Sat1,Svalbard,4.375500717200339,4.382500718347728,0.007000001147389412,[],[4],[0.007000001147389412]
484,Ka Band,Sat1,Svalbard,4.4390007276088,4.453000729903579,0.014000002294778824,"[{'Item1': 63, 'Item2': 3}]",[4],[0.014000002294778824]
485,Ka Band,Sat1,Svalbard,4.50950073916465,4.523500741459429,0.014000002294778824,"[{'Item1': 64, 'Item2': 3}]",[4],[0.014000002294778824]
486,Ka Band,Sat1,Svalbard,4.580000750720501,4.587500751949847,0.0075000012293457985,[],[4],[0.0075000012293457985]
487,Ka Band,Sat1,Svalbard,4.6505007622763515,4.658500763587654,0.008000001311302185,[],[4],[0.008000001311302185]
495,Ka Band,Sat1,Svalbard,5.232500857673585,5.240500858984888,0.008000001311302185,[],[5],[0.008000001311302185]
496,Ka Band,Sat1,Svalbard,5.303500869311392,5.3115008706226945,0.008000001311302185,[],[5],[0.008000001311302185]
500,Ka Band,Sat1,Svalbard,5.579500914551318,5.5870009157806635,0.0075000012293457985,[],[5],[0.0075000012293457985]
501,Ka Band,Sat1,Svalbard,5.650500926189125,5.65800092741847,0.0075000012293457985,[],[5],[0.0075000012293457985]
510,Ka Band,Sat1,Svalbard,6.303501033224165,6.311501034535468,0.008000001311302185,[],[6],[0.008000001311302185]
511,Ka Band,Sat1,Svalbard,6.368001043796539,6.382001046091318,0.014000002294778824,"[{'Item1': 90, 'Item2': 3}]",[6],[0.014000002294778824]
512,Ka Band,Sat1,Svalbard,6.43850105535239,6.452501057647169,0.014000002294778824,"[{'Item1': 91, 'Item2': 3}]",[6],[0.014000002294778824]
514,Ka Band,Sat1,Svalbard,6.579501078464091,6.587001079693437,0.0075000012293457985,[],[6],[0.0075000012293457985]
524,Ka Band,Sat1,Svalbard,7.303501197136939,7.311001198366284,0.0075000012293457985,[],[7],[0.0075000012293457985]
527,Ka Band,Sat1,Svalbard,7.508501230739057,7.5155012318864465,0.007000001147389412,[],[7],[0.007000001147389412]
528,Ka Band,Sat1,Svalbard,7.579001242294908,7.586501243524253,0.0075000012293457985,[],[7],[0.0075000012293457985]
529,Ka Band,Sat1,Svalbard,7.6500012539327145,7.65750125516206,0.0075000012293457985,[],[7],[0.0075000012293457985]
537,Ka Band,Sat1,Svalbard,8.232001349329948,8.24000135064125,0.008000001311302185,[],[8],[0.008000001311302185]
538,Ka Band,Sat1,Svalbard,8.303001360967755,8.311001362279058,0.008000001311302185,[],[8],[0.008000001311302185]
539,Ka Band,Sat1,Svalbard,8.36750137154013,8.381501373834908,0.014000002294778824,"[{'Item1': 118, 'Item2': 3}]",[8],[0.014000002294778824]
552,Ka Band,Sat1,Svalbard,9.303001524880528,9.310501526109874,0.0075000012293457985,[],[9],[0.0075000012293457985]
555,Ka Band,Sat1,Svalbard,9.508001558482647,9.515001559630036,0.007000001147389412,[],[9],[0.007000001147389412]
556,Ka Band,Sat1,Svalbard,9.578501570038497,9.586001571267843,0.0075000012293457985,[],[9],[0.0075000012293457985]
557,Ka Band,Sat1,Svalbard,9.649501581676304,9.65700158290565,0.0075000012293457985,[],[9],[0.0075000012293457985]
565,Ka Band,Sat1,Svalbard,10.231501677073538,10.23950167838484,0.008000001311302185,[],[10],[0.008000001311302185]
566,Ka Band,Sat1,Svalbard,10.302501688711345,10.310501690022647,0.008000001311302185,[],[10],[0.008000001311302185]
567,Ka Band,Sat1,Svalbard,10.367001699283719,10.381001701578498,0.014000002294778824,"[{'Item1': 146, 'Item2': 3}]",[10],[0.014000002294778824]
578,Ka Band,Sat1,Svalbard,11.160001829266548,11.16800183057785,0.008000001311302185,[],[11],[0.008000001311302185]
580,Ka Band,Sat1,Svalbard,11.302501852624118,11.310001853853464,0.0075000012293457985,[],[11],[0.0075000012293457985]
582,Ka Band,Sat1,Svalbard,11.437001874670386,11.451001876965165,0.014000002294778824,"[{'Item1': 161, 'Item2': 3}]",[11],[0.014000002294778824]
583,Ka Band,Sat1,Svalbard,11.507501886226237,11.514501887373626,0.007000001147389412,[],[11],[0.007000001147389412]
584,Ka Band,Sat1,Svalbard,11.578001897782087,11.58600189909339,0.008000001311302185,[],[11],[0.008000001311302185]
585,Ka Band,Sat1,Svalbard,11.649001909419894,11.65650191064924,0.0075000012293457985,[],[11],[0.0075000012293457985]
593,Ka Band,Sat1,Svalbard,12.231002004817128,12.23900200612843,0.008000001311302185,[],[12],[0.008000001311302185]
594,Ka Band,Sat1,Svalbard,12.302502016536891,12.310002017766237,0.0075000012293457985,[],[12],[0.0075000012293457985]
608,Ka Band,Sat1,Svalbard,13.302002180367708,13.309502181597054,0.0075000012293457985,[],[13],[0.0075000012293457985]
609,Ka Band,Sat1,Svalbard,13.366002190858126,13.380002193152905,0.014000002294778824,"[{'Item1': 188, 'Item2': 3}]",[13],[0.014000002294778824]
610,Ka Band,Sat1,Svalbard,13.436502202413976,13.450502204708755,0.014000002294778824,"[{'Item1': 189, 'Item2': 3}]",[13],[0.014000002294778824]
611,Ka Band,Sat1,Svalbard,13.507002213969827,13.514002215117216,0.007000001147389412,[],[13],[0.007000001147389412]
612,Ka Band,Sat1,Svalbard,13.577502225525677,13.58550222683698,0.008000001311302185,[],[13],[0.008000001311302185]
620,Ka Band,Sat1,Svalbard,14.159502320922911,14.167502322234213,0.008000001311302185,[],[14],[0.008000001311302185]
621,Ka Band,Sat1,Svalbard,14.230502332560718,14.23850233387202,0.008000001311302185,[],[14],[0.008000001311302185]
625,Ka Band,Sat1,Svalbard,14.506502377800643,14.51400237902999,0.0075000012293457985,[],[14],[0.0075000012293457985]
626,Ka Band,Sat1,Svalbard,14.57750238943845,14.585002390667796,0.0075000012293457985,[],[14],[0.0075000012293457985]
627,Ka Band,Sat1,Svalbard,14.648502401076257,14.656002402305603,0.0075000012293457985,[],[14],[0.0075000012293457985]
635,Ka Band,Sat1,Svalbard,15.230502496473491,15.238502497784793,0.008000001311302185,[],[15],[0.008000001311302185]
636,Ka Band,Sat1,Svalbard,15.302002508193254,15.309002509340644,0.007000001147389412,[],[15],[0.007000001147389412]
637,Ka Band,Sat1,Svalbard,15.365502518601716,15.379502520896494,0.014000002294778824,"[{'Item1': 216, 'Item2': 3}]",[15],[0.014000002294778824]
639,Ka Band,Sat1,Svalbard,15.506502541713417,15.513502542860806,0.007000001147389412,[],[15],[0.007000001147389412]
640,Ka Band,Sat1,Svalbard,15.577002553269267,15.58500255458057,0.008000001311302185,[],[15],[0.008000001311302185]
648,Ka Band,Sat1,Svalbard,16.1590026486665,16.167002649977803,0.008000001311302185,[],[16],[0.008000001311302185]
649,Ka Band,Sat1,Svalbard,16.230002660304308,16.23800266161561,0.008000001311302185,[],[16],[0.008000001311302185]
653,Ka Band,Sat1,Svalbard,16.506002705544233,16.51350270677358,0.0075000012293457985,[],[16],[0.0075000012293457985]
654,Ka Band,Sat1,Svalbard,16.57700271718204,16.584502718411386,0.0075000012293457985,[],[16],[0.0075000012293457985]
655,Ka Band,Sat1,Svalbard,16.648002728819847,16.655502730049193,0.0075000012293457985,[],[16],[0.0075000012293457985]
663,Ka Band,Sat1,Svalbard,17.23000282421708,17.238002825528383,0.008000001311302185,[],[17],[0.008000001311302185]
664,Ka Band,Sat1,Svalbard,17.294502834789455,17.308502837084234,0.014000002294778824,"[{'Item1': 243, 'Item2': 3}]",[17],[0.014000002294778824]
665,Ka Band,Sat1,Svalbard,17.365002846345305,17.379002848640084,0.014000002294778824,"[{'Item1': 244, 'Item2': 3}]",[17],[0.014000002294778824]
668,Ka Band,Sat1,Svalbard,17.576502881012857,17.58450288232416,0.008000001311302185,[],[17],[0.008000001311302185]
676,Ka Band,Sat1,Svalbard,18.15850297641009,18.166502977721393,0.008000001311302185,[],[18],[0.008000001311302185]
677,Ka Band,Sat1,Svalbard,18.230002988129854,18.2375029893592,0.0075000012293457985,[],[18],[0.0075000012293457985]
680,Ka Band,Sat1,Svalbard,18.435003021731973,18.441503022797406,0.006500001065433025,[],[18],[0.006500001065433025]
681,Ka Band,Sat1,Svalbard,18.505503033287823,18.51300303451717,0.0075000012293457985,[],[18],[0.0075000012293457985]
682,Ka Band,Sat1,Svalbard,18.57650304492563,18.584003046154976,0.0075000012293457985,[],[18],[0.0075000012293457985]
690,Ka Band,Sat1,Svalbard,19.158503140322864,19.166503141634166,0.008000001311302185,[],[19],[0.008000001311302185]
691,Ka Band,Sat1,Svalbard,19.22950315196067,19.237503153271973,0.008000001311302185,[],[19],[0.008000001311302185]
692,Ka Band,Sat1,Svalbard,19.294003162533045,19.308003164827824,0.014000002294778824,"[{'Item1': 271, 'Item2': 3}]",[19],[0.014000002294778824]
697,Ka Band,Sat1,Svalbard,19.64750322047621,19.655003221705556,0.0075000012293457985,[],[19],[0.0075000012293457985]
705,Ka Band,Sat1,Svalbard,20.229503315873444,20.23700331710279,0.0075000012293457985,[],[20],[0.0075000012293457985]
708,Ka Band,Sat1,Svalbard,20.434503349475563,20.441503350622952,0.007000001147389412,[],[20],[0.007000001147389412]
709,Ka Band,Sat1,Svalbard,20.505003361031413,20.51250336226076,0.0075000012293457985,[],[20],[0.0075000012293457985]
710,Ka Band,Sat1,Svalbard,20.57600337266922,20.583503373898566,0.0075000012293457985,[],[20],[0.0075000012293457985]
718,Ka Band,Sat1,Svalbard,21.158003468066454,21.166003469377756,0.008000001311302185,[],[21],[0.008000001311302185]
719,Ka Band,Sat1,Svalbard,21.22900347970426,21.237003481015563,0.008000001311302185,[],[21],[0.008000001311302185]
720,Ka Band,Sat1,Svalbard,21.293503490276635,21.307503492571414,0.014000002294778824,"[{'Item1': 299, 'Item2': 3}]",[21],[0.014000002294778824]
733,Ka Band,Sat1,Svalbard,22.229003643617034,22.23650364484638,0.0075000012293457985,[],[22],[0.0075000012293457985]
735,Ka Band,Sat1,Svalbard,22.363503665663302,22.37750366795808,0.014000002294778824,"[{'Item1': 314, 'Item2': 3}]",[22],[0.014000002294778824]
736,Ka Band,Sat1,Svalbard,22.434003677219152,22.441003678366542,0.007000001147389412,[],[22],[0.007000001147389412]
737,Ka Band,Sat1,Svalbard,22.504503688775003,22.51200369000435,0.0075000012293457985,[],[22],[0.0075000012293457985]
738,Ka Band,Sat1,Svalbard,22.57550370041281,22.583003701642156,0.0075000012293457985,[],[22],[0.0075000012293457985]
746,Ka Band,Sat1,Svalbard,23.157503795810044,23.165503797121346,0.008000001311302185,[],[23],[0.008000001311302185]
747,Ka Band,Sat1,Svalbard,23.229003807529807,23.236503808759153,0.0075000012293457985,[],[23],[0.0075000012293457985]
748,Ka Band,Sat1,Svalbard,23.293003818020225,23.307003820315003,0.014000002294778824,"[{'Item1': 327, 'Item2': 3}]",[23],[0.014000002294778824]
751,Ka Band,Sat1,Svalbard,23.504503852687776,23.512003853917122,0.0075000012293457985,[],[23],[0.0075000012293457985]
760,Ka Band,Sat1,Svalbard,24.157503959722817,24.16550396103412,0.008000001311302185,[],[24],[0.008000001311302185]
763,Ka Band,Sat1,Svalbard,24.363003993406892,24.37700399570167,0.014000002294778824,"[{'Item1': 342, 'Item2': 3}]",[24],[0.014000002294778824]
764,Ka Band,Sat1,Svalbard,24.433504004962742,24.44050400611013,0.007000001147389412,[],[24],[0.007000001147389412]
765,Ka Band,Sat1,Svalbard,24.504004016518593,24.512004017829895,0.008000001311302185,[],[24],[0.008000001311302185]
774,Ka Band,Sat1,Svalbard,25.157004123553634,25.165004124864936,0.008000001311302185,[],[25],[0.008000001311302185]
775,Ka Band,Sat1,Svalbard,25.228504135273397,25.236004136502743,0.0075000012293457985,[],[25],[0.0075000012293457985]
776,Ka Band,Sat1,Svalbard,25.292504145763814,25.306504148058593,0.014000002294778824,"[{'Item1': 355, 'Item2': 3}]",[25],[0.014000002294778824]
779,Ka Band,Sat1,Svalbard,25.504004180431366,25.51150418166071,0.0075000012293457985,[],[25],[0.0075000012293457985]
780,Ka Band,Sat1,Svalbard,25.575004192069173,25.58250419329852,0.0075000012293457985,[],[25],[0.0075000012293457985]
788,Ka Band,Sat1,Svalbard,26.157004287466407,26.16500428877771,0.008000001311302185,[],[26],[0.008000001311302185]
791,Ka Band,Sat1,Svalbard,26.36250432115048,26.37650432344526,0.014000002294778824,"[{'Item1': 370, 'Item2': 3}]",[26],[0.014000002294778824]
792,Ka Band,Sat1,Svalbard,26.433004332706332,26.44000433385372,0.007000001147389412,[],[26],[0.007000001147389412]
793,Ka Band,Sat1,Svalbard,26.503504344262183,26.511504345573485,0.008000001311302185,[],[26],[0.008000001311302185]
801,Ka Band,Sat1,Svalbard,27.085504439659417,27.09350444097072,0.008000001311302185,[],[27],[0.008000001311302185]
803,Ka Band,Sat1,Svalbard,27.228004463016987,27.235504464246333,0.0075000012293457985,[],[27],[0.0075000012293457985]
804,Ka Band,Sat1,Svalbard,27.292004473507404,27.306004475802183,0.014000002294778824,"[{'Item1': 383, 'Item2': 3}]",[27],[0.014000002294778824]
807,Ka Band,Sat1,Svalbard,27.503504508174956,27.5110045094043,0.0075000012293457985,[],[27],[0.0075000012293457985]
808,Ka Band,Sat1,Svalbard,27.574504519812763,27.58200452104211,0.0075000012293457985,[],[27],[0.0075000012293457985]
816,Ka Band,Sat1,Svalbard,28.156504615209997,28.1645046165213,0.008000001311302185,[],[28],[0.008000001311302185]
819,Ka Band,Sat1,Svalbard,28.36200464889407,28.37600465118885,0.014000002294778824,"[{'Item1': 398, 'Item2': 3}]",[28],[0.014000002294778824]
820,Ka Band,Sat1,Svalbard,28.432504660449922,28.440004661679268,0.0075000012293457985,[],[28],[0.0075000012293457985]
831,Ka Band,Sat1,Svalbard,29.227504790760577,29.235004791989923,0.0075000012293457985,[],[29],[0.0075000012293457985]
832,Ka Band,Sat1,Svalbard,29.291504801250994,29.305504803545773,0.014000002294778824,"[{'Item1': 411, 'Item2': 3}]",[29],[0.014000002294778824]
835,Ka Band,Sat1,Svalbard,29.503004835918546,29.51050483714789,0.0075000012293457985,[],[29],[0.0075000012293457985]
426,Ka Band,Sat1,Svalbard,0.3045000499114394,0.3125000512227416,0.008000001311302185,[],[0],[0.008000001311302185]
428,Ka Band,Sat1,Svalbard,0.44050007220357656,0.454000074416399,0.013500002212822437,"[{'Item1': 7, 'Item2': 3}]",[0],[0.013500002212822437]
439,Ka Band,Sat1,Svalbard,1.2335002021864057,1.2410002034157515,0.0075000012293457985,[],[1],[0.0075000012293457985]
442,Ka Band,Sat1,Svalbard,1.4400002360343933,1.4535002382472157,0.013500002212822437,"[{'Item1': 21, 'Item2': 3}]",[1],[0.013500002212822437]
443,Ka Band,Sat1,Svalbard,1.5105002475902438,1.5240002498030663,0.013500002212822437,"[{'Item1': 22, 'Item2': 3}]",[1],[0.013500002212822437]
444,Ka Band,Sat1,Svalbard,1.5810002591460943,1.5880002602934837,0.007000001147389412,[],[1],[0.007000001147389412]
447,Ka Band,Sat1,Svalbard,1.794000294059515,1.800500295124948,0.006500001065433025,[],[1],[0.006500001065433025]
453,Ka Band,Sat1,Svalbard,2.2330003660172224,2.2410003673285246,0.008000001311302185,[],[2],[0.008000001311302185]
460,Ka Band,Sat1,Svalbard,2.722500446252525,2.7300004474818707,0.0075000012293457985,[],[2],[0.0075000012293457985]
461,Ka Band,Sat1,Svalbard,2.794000457972288,2.800500459037721,0.006500001065433025,[],[2],[0.006500001065433025]
466,Ka Band,Sat1,Svalbard,3.1620005182921886,3.169000519439578,0.007000001147389412,[],[3],[0.007000001147389412]
470,Ka Band,Sat1,Svalbard,3.439500563777983,3.4530005659908056,0.013500002212822437,"[{'Item1': 49, 'Item2': 3}]",[3],[0.013500002212822437]
471,Ka Band,Sat1,Svalbard,3.5100005753338337,3.523500577546656,0.013500002212822437,"[{'Item1': 50, 'Item2': 3}]",[3],[0.013500002212822437]
480,Ka Band,Sat1,Svalbard,4.162000682204962,4.169000683352351,0.007000001147389412,[],[4],[0.007000001147389412]
481,Ka Band,Sat1,Svalbard,4.233000693842769,4.2405006950721145,0.0075000012293457985,[],[4],[0.0075000012293457985]
488,Ka Band,Sat1,Svalbard,4.722000773996115,4.7295007752254605,0.0075000012293457985,[],[4],[0.0075000012293457985]
497,Ka Band,Sat1,Svalbard,5.375000881031156,5.382000882178545,0.007000001147389412,[],[5],[0.007000001147389412]
498,Ka Band,Sat1,Svalbard,5.439000891521573,5.4525008937343955,0.013500002212822437,"[{'Item1': 77, 'Item2': 3}]",[5],[0.013500002212822437]
499,Ka Band,Sat1,Svalbard,5.509500903077424,5.5155009040609,0.006000000983476639,[],[5],[0.006000000983476639]
502,Ka Band,Sat1,Svalbard,5.722000937908888,5.729000939056277,0.007000001147389412,[],[5],[0.007000001147389412]
503,Ka Band,Sat1,Svalbard,5.793500949628651,5.799500950612128,0.006000000983476639,[],[5],[0.006000000983476639]
508,Ka Band,Sat1,Svalbard,6.161501009948552,6.168501011095941,0.007000001147389412,[],[6],[0.007000001147389412]
509,Ka Band,Sat1,Svalbard,6.2325010215863585,6.240001022815704,0.0075000012293457985,[],[6],[0.0075000012293457985]
513,Ka Band,Sat1,Svalbard,6.50900106690824,6.515501067973673,0.006500001065433025,[],[6],[0.006500001065433025]
515,Ka Band,Sat1,Svalbard,6.650501090101898,6.6580010913312435,0.0075000012293457985,[],[6],[0.0075000012293457985]
516,Ka Band,Sat1,Svalbard,6.721501101739705,6.72900110296905,0.0075000012293457985,[],[6],[0.0075000012293457985]
522,Ka Band,Sat1,Svalbard,7.161001173779368,7.168501175008714,0.0075000012293457985,[],[7],[0.0075000012293457985]
523,Ka Band,Sat1,Svalbard,7.232001185417175,7.2400011867284775,0.008000001311302185,[],[7],[0.008000001311302185]
525,Ka Band,Sat1,Svalbard,7.368001207709312,7.381501209922135,0.013500002212822437,"[{'Item1': 104, 'Item2': 3}]",[7],[0.013500002212822437]
526,Ka Band,Sat1,Svalbard,7.438501219265163,7.452001221477985,0.013500002212822437,"[{'Item1': 105, 'Item2': 3}]",[7],[0.013500002212822437]
530,Ka Band,Sat1,Svalbard,7.721501265652478,7.728501266799867,0.007000001147389412,[],[7],[0.007000001147389412]
536,Ka Band,Sat1,Svalbard,8.161001337692142,8.168501338921487,0.0075000012293457985,[],[8],[0.0075000012293457985]
540,Ka Band,Sat1,Svalbard,8.43800138309598,8.451501385308802,0.013500002212822437,"[{'Item1': 119, 'Item2': 3}]",[8],[0.013500002212822437]
541,Ka Band,Sat1,Svalbard,8.50850139465183,8.515001395717263,0.006500001065433025,[],[8],[0.006500001065433025]
542,Ka Band,Sat1,Svalbard,8.57900140620768,8.586501407437027,0.0075000012293457985,[],[8],[0.0075000012293457985]
543,Ka Band,Sat1,Svalbard,8.650001417845488,8.657501419074833,0.0075000012293457985,[],[8],[0.0075000012293457985]
544,Ka Band,Sat1,Svalbard,8.72150142956525,8.72850143071264,0.007000001147389412,[],[8],[0.007000001147389412]
550,Ka Band,Sat1,Svalbard,9.160501501522958,9.168001502752304,0.0075000012293457985,[],[9],[0.0075000012293457985]
551,Ka Band,Sat1,Svalbard,9.231501513160765,9.239501514472067,0.008000001311302185,[],[9],[0.008000001311302185]
553,Ka Band,Sat1,Svalbard,9.367501535452902,9.381001537665725,0.013500002212822437,"[{'Item1': 132, 'Item2': 3}]",[9],[0.013500002212822437]
554,Ka Band,Sat1,Svalbard,9.438001547008753,9.451501549221575,0.013500002212822437,"[{'Item1': 133, 'Item2': 3}]",[9],[0.013500002212822437]
558,Ka Band,Sat1,Svalbard,9.721001593396068,9.728001594543457,0.007000001147389412,[],[9],[0.007000001147389412]
564,Ka Band,Sat1,Svalbard,10.160501665435731,10.168001666665077,0.0075000012293457985,[],[10],[0.0075000012293457985]
568,Ka Band,Sat1,Svalbard,10.43750171083957,10.451001713052392,0.013500002212822437,"[{'Item1': 147, 'Item2': 3}]",[10],[0.013500002212822437]
569,Ka Band,Sat1,Svalbard,10.50800172239542,10.514501723460853,0.006500001065433025,[],[10],[0.006500001065433025]
570,Ka Band,Sat1,Svalbard,10.57850173395127,10.586001735180616,0.0075000012293457985,[],[10],[0.0075000012293457985]
571,Ka Band,Sat1,Svalbard,10.649501745589077,10.657001746818423,0.0075000012293457985,[],[10],[0.0075000012293457985]
572,Ka Band,Sat1,Svalbard,10.72100175730884,10.727501758374274,0.006500001065433025,[],[10],[0.006500001065433025]
577,Ka Band,Sat1,Svalbard,11.089501817710698,11.09600181877613,0.006500001065433025,[],[11],[0.006500001065433025]
579,Ka Band,Sat1,Svalbard,11.231001840904355,11.239001842215657,0.008000001311302185,[],[11],[0.008000001311302185]
581,Ka Band,Sat1,Svalbard,11.367001863196492,11.380501865409315,0.013500002212822437,"[{'Item1': 160, 'Item2': 3}]",[11],[0.013500002212822437]
592,Ka Band,Sat1,Svalbard,12.160001993179321,12.167501994408667,0.0075000012293457985,[],[12],[0.0075000012293457985]
595,Ka Band,Sat1,Svalbard,12.366502027027309,12.380002029240131,0.013500002212822437,"[{'Item1': 174, 'Item2': 3}]",[12],[0.013500002212822437]
596,Ka Band,Sat1,Svalbard,12.43700203858316,12.450502040795982,0.013500002212822437,"[{'Item1': 175, 'Item2': 3}]",[12],[0.013500002212822437]
597,Ka Band,Sat1,Svalbard,12.50750205013901,12.5145020512864,0.007000001147389412,[],[12],[0.007000001147389412]
598,Ka Band,Sat1,Svalbard,12.57800206169486,12.585502062924206,0.0075000012293457985,[],[12],[0.0075000012293457985]
599,Ka Band,Sat1,Svalbard,12.649002073332667,12.656502074562013,0.0075000012293457985,[],[12],[0.0075000012293457985]
600,Ka Band,Sat1,Svalbard,12.72050208505243,12.727002086117864,0.006500001065433025,[],[12],[0.006500001065433025]
606,Ka Band,Sat1,Svalbard,13.159502157010138,13.16750215832144,0.008000001311302185,[],[13],[0.008000001311302185]
607,Ka Band,Sat1,Svalbard,13.231002168729901,13.238502169959247,0.0075000012293457985,[],[13],[0.0075000012293457985]
613,Ka Band,Sat1,Svalbard,13.64900223724544,13.65600223839283,0.007000001147389412,[],[13],[0.007000001147389412]
614,Ka Band,Sat1,Svalbard,13.720502248965204,13.727002250030637,0.006500001065433025,[],[13],[0.006500001065433025]
619,Ka Band,Sat1,Svalbard,14.088502309285104,14.095502310432494,0.007000001147389412,[],[14],[0.007000001147389412]
622,Ka Band,Sat1,Svalbard,14.302002344280481,14.30900234542787,0.007000001147389412,[],[14],[0.007000001147389412]
623,Ka Band,Sat1,Svalbard,14.366002354770899,14.379502356983721,0.013500002212822437,"[{'Item1': 202, 'Item2': 3}]",[14],[0.013500002212822437]
624,Ka Band,Sat1,Svalbard,14.43650236632675,14.450002368539572,0.013500002212822437,"[{'Item1': 203, 'Item2': 3}]",[14],[0.013500002212822437]
633,Ka Band,Sat1,Svalbard,15.088502473197877,15.095502474345267,0.007000001147389412,[],[15],[0.007000001147389412]
634,Ka Band,Sat1,Svalbard,15.159002484753728,15.16700248606503,0.008000001311302185,[],[15],[0.008000001311302185]
638,Ka Band,Sat1,Svalbard,15.436002530157566,15.442002531141043,0.006000000983476639,[],[15],[0.006000000983476639]
641,Ka Band,Sat1,Svalbard,15.64850256498903,15.656002566218376,0.0075000012293457985,[],[15],[0.0075000012293457985]
650,Ka Band,Sat1,Svalbard,16.30150267202407,16.30850267317146,0.007000001147389412,[],[16],[0.007000001147389412]
651,Ka Band,Sat1,Svalbard,16.36550268251449,16.37900268472731,0.013500002212822437,"[{'Item1': 230, 'Item2': 3}]",[16],[0.013500002212822437]
652,Ka Band,Sat1,Svalbard,16.43600269407034,16.442002695053816,0.006000000983476639,[],[16],[0.006000000983476639]
656,Ka Band,Sat1,Svalbard,16.720002740621567,16.726002741605043,0.006000000983476639,[],[16],[0.006000000983476639]
661,Ka Band,Sat1,Svalbard,17.088002800941467,17.095002802088857,0.007000001147389412,[],[17],[0.007000001147389412]
662,Ka Band,Sat1,Svalbard,17.159002812579274,17.16650281380862,0.0075000012293457985,[],[17],[0.0075000012293457985]
666,Ka Band,Sat1,Svalbard,17.435502857901156,17.44200285896659,0.006500001065433025,[],[17],[0.006500001065433025]
667,Ka Band,Sat1,Svalbard,17.506002869457006,17.513502870686352,0.0075000012293457985,[],[17],[0.0075000012293457985]
669,Ka Band,Sat1,Svalbard,17.64800289273262,17.655502893961966,0.0075000012293457985,[],[17],[0.0075000012293457985]
675,Ka Band,Sat1,Svalbard,18.087502964772284,18.09500296600163,0.0075000012293457985,[],[18],[0.0075000012293457985]
678,Ka Band,Sat1,Svalbard,18.294502998702228,18.30800300091505,0.013500002212822437,"[{'Item1': 257, 'Item2': 3}]",[18],[0.013500002212822437]
679,Ka Band,Sat1,Svalbard,18.36500301025808,18.3785030124709,0.013500002212822437,"[{'Item1': 258, 'Item2': 3}]",[18],[0.013500002212822437]
683,Ka Band,Sat1,Svalbard,18.648003056645393,18.655003057792783,0.007000001147389412,[],[18],[0.007000001147389412]
693,Ka Band,Sat1,Svalbard,19.364503174088895,19.378003176301718,0.013500002212822437,"[{'Item1': 272, 'Item2': 3}]",[19],[0.013500002212822437]
694,Ka Band,Sat1,Svalbard,19.435003185644746,19.44150318671018,0.006500001065433025,[],[19],[0.006500001065433025]
695,Ka Band,Sat1,Svalbard,19.505503197200596,19.513003198429942,0.0075000012293457985,[],[19],[0.0075000012293457985]
696,Ka Band,Sat1,Svalbard,19.576503208838403,19.58400321006775,0.0075000012293457985,[],[19],[0.0075000012293457985]
703,Ka Band,Sat1,Svalbard,20.087003292515874,20.09450329374522,0.0075000012293457985,[],[20],[0.0075000012293457985]
704,Ka Band,Sat1,Svalbard,20.15800330415368,20.166003305464983,0.008000001311302185,[],[20],[0.008000001311302185]
706,Ka Band,Sat1,Svalbard,20.294003326445818,20.30750332865864,0.013500002212822437,"[{'Item1': 285, 'Item2': 3}]",[20],[0.013500002212822437]
707,Ka Band,Sat1,Svalbard,20.36450333800167,20.37800334021449,0.013500002212822437,"[{'Item1': 286, 'Item2': 3}]",[20],[0.013500002212822437]
711,Ka Band,Sat1,Svalbard,20.647503384388983,20.654503385536373,0.007000001147389412,[],[20],[0.007000001147389412]
717,Ka Band,Sat1,Svalbard,21.087003456428647,21.094503457657993,0.0075000012293457985,[],[21],[0.0075000012293457985]
721,Ka Band,Sat1,Svalbard,21.364003501832485,21.377503504045308,0.013500002212822437,"[{'Item1': 300, 'Item2': 3}]",[21],[0.013500002212822437]
722,Ka Band,Sat1,Svalbard,21.434503513388336,21.44100351445377,0.006500001065433025,[],[21],[0.006500001065433025]
723,Ka Band,Sat1,Svalbard,21.505003524944186,21.512503526173532,0.0075000012293457985,[],[21],[0.0075000012293457985]
724,Ka Band,Sat1,Svalbard,21.576003536581993,21.58350353781134,0.0075000012293457985,[],[21],[0.0075000012293457985]
725,Ka Band,Sat1,Svalbard,21.647503548301756,21.65400354936719,0.006500001065433025,[],[21],[0.006500001065433025]
731,Ka Band,Sat1,Svalbard,22.086503620259464,22.09400362148881,0.0075000012293457985,[],[22],[0.0075000012293457985]
732,Ka Band,Sat1,Svalbard,22.15750363189727,22.165503633208573,0.008000001311302185,[],[22],[0.008000001311302185]
734,Ka Band,Sat1,Svalbard,22.293503654189408,22.30700365640223,0.013500002212822437,"[{'Item1': 313, 'Item2': 3}]",[22],[0.013500002212822437]
739,Ka Band,Sat1,Svalbard,22.647003712132573,22.654003713279963,0.007000001147389412,[],[22],[0.007000001147389412]
745,Ka Band,Sat1,Svalbard,23.086503784172237,23.094003785401583,0.0075000012293457985,[],[23],[0.0075000012293457985]
749,Ka Band,Sat1,Svalbard,23.363503829576075,23.377003831788898,0.013500002212822437,"[{'Item1': 328, 'Item2': 3}]",[23],[0.013500002212822437]
750,Ka Band,Sat1,Svalbard,23.434003841131926,23.441003842279315,0.007000001147389412,[],[23],[0.007000001147389412]
752,Ka Band,Sat1,Svalbard,23.575503864325583,23.58300386555493,0.0075000012293457985,[],[23],[0.0075000012293457985]
753,Ka Band,Sat1,Svalbard,23.647003876045346,23.65350387711078,0.006500001065433025,[],[23],[0.006500001065433025]
759,Ka Band,Sat1,Svalbard,24.086003948003054,24.094003949314356,0.008000001311302185,[],[24],[0.008000001311302185]
761,Ka Band,Sat1,Svalbard,24.228503971360624,24.23600397258997,0.0075000012293457985,[],[24],[0.0075000012293457985]
762,Ka Band,Sat1,Svalbard,24.293003981932998,24.30650398414582,0.013500002212822437,"[{'Item1': 341, 'Item2': 3}]",[24],[0.013500002212822437]
766,Ka Band,Sat1,Svalbard,24.575504028238356,24.583004029467702,0.0075000012293457985,[],[24],[0.0075000012293457985]
767,Ka Band,Sat1,Svalbard,24.64700403995812,24.653504041023552,0.006500001065433025,[],[24],[0.006500001065433025]
772,Ka Band,Sat1,Svalbard,25.01500410027802,25.02200410142541,0.007000001147389412,[],[25],[0.007000001147389412]
773,Ka Band,Sat1,Svalbard,25.086004111915827,25.093504113145173,0.0075000012293457985,[],[25],[0.0075000012293457985]
777,Ka Band,Sat1,Svalbard,25.363004157319665,25.376504159532487,0.013500002212822437,"[{'Item1': 356, 'Item2': 3}]",[25],[0.013500002212822437]
778,Ka Band,Sat1,Svalbard,25.433504168875515,25.440504170022905,0.007000001147389412,[],[25],[0.007000001147389412]
787,Ka Band,Sat1,Svalbard,26.0860042758286,26.093504277057946,0.0075000012293457985,[],[26],[0.0075000012293457985]
789,Ka Band,Sat1,Svalbard,26.22850429918617,26.23550430033356,0.007000001147389412,[],[26],[0.007000001147389412]
790,Ka Band,Sat1,Svalbard,26.292504309676588,26.30600431188941,0.013500002212822437,"[{'Item1': 369, 'Item2': 3}]",[26],[0.013500002212822437]
794,Ka Band,Sat1,Svalbard,26.575004355981946,26.582504357211292,0.0075000012293457985,[],[26],[0.0075000012293457985]
795,Ka Band,Sat1,Svalbard,26.64650436770171,26.653004368767142,0.006500001065433025,[],[26],[0.006500001065433025]
802,Ka Band,Sat1,Svalbard,27.156504451297224,27.164504452608526,0.008000001311302185,[],[27],[0.008000001311302185]
805,Ka Band,Sat1,Svalbard,27.362504485063255,27.376004487276077,0.013500002212822437,"[{'Item1': 384, 'Item2': 3}]",[27],[0.013500002212822437]
806,Ka Band,Sat1,Svalbard,27.433004496619105,27.440004497766495,0.007000001147389412,[],[27],[0.007000001147389412]
814,Ka Band,Sat1,Svalbard,28.014504591934383,28.021504593081772,0.007000001147389412,[],[28],[0.007000001147389412]
815,Ka Band,Sat1,Svalbard,28.08550460357219,28.093004604801536,0.0075000012293457985,[],[28],[0.0075000012293457985]
817,Ka Band,Sat1,Svalbard,28.22800462692976,28.23500462807715,0.007000001147389412,[],[28],[0.007000001147389412]
818,Ka Band,Sat1,Svalbard,28.292004637420177,28.305504639633,0.013500002212822437,"[{'Item1': 397, 'Item2': 3}]",[28],[0.013500002212822437]
821,Ka Band,Sat1,Svalbard,28.50350467208773,28.511004673317075,0.0075000012293457985,[],[28],[0.0075000012293457985]
822,Ka Band,Sat1,Svalbard,28.574504683725536,28.58200468495488,0.0075000012293457985,[],[28],[0.0075000012293457985]
829,Ka Band,Sat1,Svalbard,29.085004767403007,29.09300476871431,0.008000001311302185,[],[29],[0.008000001311302185]
830,Ka Band,Sat1,Svalbard,29.15650477912277,29.164004780352116,0.0075000012293457985,[],[29],[0.0075000012293457985]
833,Ka Band,Sat1,Svalbard,29.362004812806845,29.36800481379032,0.006000000983476639,[],[29],[0.006000000983476639]
834,Ka Band,Sat1,Svalbard,29.432504824362695,29.439504825510085,0.007000001147389412,[],[29],[0.007000001147389412]
836,Ka Band,Sat1,Svalbard,29.57450484763831,29.5815048487857,0.007000001147389412,[],[29],[0.007000001147389412]
837,Ka Band,Sat1,Svalbard,29.646004859358072,29.652504860423505,0.006500001065433025,[],[29],[0.006500001065433025]
424,Ka Band,Sat1,Svalbard,0.16300002671778202,0.16950002778321505,0.006500001065433025,[],[0],[0.006500001065433025]
433,Ka Band,Sat1,Svalbard,0.7945001302286983,0.8010001312941313,0.006500001065433025,[],[0],[0.006500001065433025]
434,Ka Band,Sat1,Svalbard,0.8665001420304179,0.8715001428499818,0.005000000819563866,[],[0],[0.005000000819563866]
438,Ka Band,Sat1,Svalbard,1.1625001905485988,1.1690001916140318,0.006500001065433025,[],[1],[0.006500001065433025]
452,Ka Band,Sat1,Svalbard,2.162500354461372,2.169000355526805,0.006500001065433025,[],[2],[0.006500001065433025]
475,Ka Band,Sat1,Svalbard,3.7940006218850613,3.800000622868538,0.006000000983476639,[],[3],[0.006000000983476639]
489,Ka Band,Sat1,Svalbard,4.794000785797834,4.800000786781311,0.006000000983476639,[],[4],[0.006000000983476639]
493,Ka Band,Sat1,Svalbard,5.091000834479928,5.096500835381448,0.005500000901520252,[],[5],[0.005500000901520252]
494,Ka Band,Sat1,Svalbard,5.1615008460357785,5.168500847183168,0.007000001147389412,[],[5],[0.007000001147389412]
507,Ka Band,Sat1,Svalbard,6.090500998310745,6.096500999294221,0.006000000983476639,[],[6],[0.006000000983476639]
517,Ka Band,Sat1,Svalbard,6.793501113541424,6.799501114524901,0.006000000983476639,[],[6],[0.006000000983476639]
531,Ka Band,Sat1,Svalbard,7.793501277454197,7.799001278355718,0.005500000901520252,[],[7],[0.005500000901520252]
535,Ka Band,Sat1,Svalbard,8.090001326054335,8.096001327037811,0.006000000983476639,[],[8],[0.006000000983476639]
545,Ka Band,Sat1,Svalbard,8.79350144136697,8.798501442186534,0.005000000819563866,[],[8],[0.005000000819563866]
549,Ka Band,Sat1,Svalbard,9.090001489967108,9.096001490950584,0.006000000983476639,[],[9],[0.006000000983476639]
563,Ka Band,Sat1,Svalbard,10.089501653797925,10.096001654863358,0.006500001065433025,[],[10],[0.006500001065433025]
573,Ka Band,Sat1,Svalbard,10.79300176911056,10.798001769930124,0.005000000819563866,[],[10],[0.005000000819563866]
586,Ka Band,Sat1,Svalbard,11.721001921221614,11.727501922287047,0.006500001065433025,[],[11],[0.006500001065433025]
587,Ka Band,Sat1,Svalbard,11.793001933023334,11.798001933842897,0.005000000819563866,[],[11],[0.005000000819563866]
591,Ka Band,Sat1,Svalbard,12.089001981541514,12.095501982606947,0.006500001065433025,[],[12],[0.006500001065433025]
605,Ka Band,Sat1,Svalbard,13.089002145454288,13.09550214651972,0.006500001065433025,[],[13],[0.006500001065433025]
628,Ka Band,Sat1,Svalbard,14.720502412877977,14.726502413861454,0.006000000983476639,[],[14],[0.006000000983476639]
642,Ka Band,Sat1,Svalbard,15.72050257679075,15.726502577774227,0.006000000983476639,[],[15],[0.006000000983476639]
643,Ka Band,Sat1,Svalbard,15.79250258859247,15.79650258924812,0.0040000006556510925,[],[15],[0.0040000006556510925]
646,Ka Band,Sat1,Svalbard,16.017502625472844,16.023002626374364,0.005500000901520252,[],[16],[0.005500000901520252]
647,Ka Band,Sat1,Svalbard,16.088002637028694,16.095002638176084,0.007000001147389412,[],[16],[0.007000001147389412]
670,Ka Band,Sat1,Svalbard,17.72000290453434,17.726002905517817,0.006000000983476639,[],[17],[0.006000000983476639]
684,Ka Band,Sat1,Svalbard,18.720003068447113,18.725503069348633,0.005500000901520252,[],[18],[0.005500000901520252]
688,Ka Band,Sat1,Svalbard,19.01650311704725,19.022503118030727,0.006000000983476639,[],[19],[0.006000000983476639]
689,Ka Band,Sat1,Svalbard,19.087503128685057,19.094503129832447,0.007000001147389412,[],[19],[0.007000001147389412]
698,Ka Band,Sat1,Svalbard,19.720003232359886,19.72500323317945,0.005000000819563866,[],[19],[0.005000000819563866]
702,Ka Band,Sat1,Svalbard,20.016503280960023,20.0225032819435,0.006000000983476639,[],[20],[0.006000000983476639]
712,Ka Band,Sat1,Svalbard,20.719503396190703,20.725003397092223,0.005500000901520252,[],[20],[0.005500000901520252]
716,Ka Band,Sat1,Svalbard,21.01600344479084,21.022503445856273,0.006500001065433025,[],[21],[0.006500001065433025]
726,Ka Band,Sat1,Svalbard,21.719503560103476,21.72450356092304,0.005000000819563866,[],[21],[0.005000000819563866]
730,Ka Band,Sat1,Svalbard,22.016003608703613,22.02200360968709,0.006000000983476639,[],[22],[0.006000000983476639]
740,Ka Band,Sat1,Svalbard,22.71950372401625,22.724503724835813,0.005000000819563866,[],[22],[0.005000000819563866]
744,Ka Band,Sat1,Svalbard,23.01550377253443,23.022003773599863,0.006500001065433025,[],[23],[0.006500001065433025]
758,Ka Band,Sat1,Svalbard,24.015503936447203,24.022003937512636,0.006500001065433025,[],[24],[0.006500001065433025]
768,Ka Band,Sat1,Svalbard,24.71900405175984,24.724004052579403,0.005000000819563866,[],[24],[0.005000000819563866]
781,Ka Band,Sat1,Svalbard,25.647004203870893,25.65300420485437,0.006000000983476639,[],[25],[0.006000000983476639]
782,Ka Band,Sat1,Svalbard,25.719004215672612,25.72350421641022,0.004500000737607479,[],[25],[0.004500000737607479]
786,Ka Band,Sat1,Svalbard,26.015004264190793,26.021504265256226,0.006500001065433025,[],[26],[0.006500001065433025]
800,Ka Band,Sat1,Svalbard,27.01450442802161,27.021504429169,0.007000001147389412,[],[27],[0.007000001147389412]
809,Ka Band,Sat1,Svalbard,27.646504531614482,27.65250453259796,0.006000000983476639,[],[27],[0.006000000983476639]
823,Ka Band,Sat1,Svalbard,28.646504695527256,28.652504696510732,0.006000000983476639,[],[28],[0.006000000983476639]
824,Ka Band,Sat1,Svalbard,28.718504707328975,28.722504707984626,0.0040000006556510925,[],[28],[0.0040000006556510925]
827,Ka Band,Sat1,Svalbard,28.94350474420935,28.94900474511087,0.005500000901520252,[],[28],[0.005500000901520252]
828,Ka Band,Sat1,Svalbard,29.0140047557652,29.02100475691259,0.007000001147389412,[],[29],[0.007000001147389412]
423,Ka Band,Sat1,Svalbard,0.09250001516193151,0.097000015899539,0.004500000737607479,[],[0],[0.004500000737607479]
448,Ka Band,Sat1,Svalbard,1.866500305943191,1.8710003066807985,0.004500000737607479,[],[1],[0.004500000737607479]
449,Ka Band,Sat1,Svalbard,1.939000317826867,1.9405003180727363,0.0015000002458691597,[],[1],[0.0015000002458691597]
451,Ka Band,Sat1,Svalbard,2.0920003429055214,2.096500343643129,0.004500000737607479,[],[2],[0.004500000737607479]
462,Ka Band,Sat1,Svalbard,2.866500469855964,2.8705004705116153,0.0040000006556510925,[],[2],[0.0040000006556510925]
463,Ka Band,Sat1,Svalbard,2.9390004817396402,2.9405004819855094,0.0015000002458691597,[],[2],[0.0015000002458691597]
464,Ka Band,Sat1,Svalbard,3.021500495262444,3.024000495672226,0.002500000409781933,[],[3],[0.002500000409781933]
465,Ka Band,Sat1,Svalbard,3.091500506736338,3.096500507555902,0.005000000819563866,[],[3],[0.005000000819563866]
476,Ka Band,Sat1,Svalbard,3.8665006337687373,3.8705006344243884,0.0040000006556510925,[],[3],[0.0040000006556510925]
479,Ka Band,Sat1,Svalbard,4.091500670649111,4.096500671468675,0.005000000819563866,[],[4],[0.005000000819563866]
490,Ka Band,Sat1,Svalbard,4.8665007976815104,4.870000798255205,0.003500000573694706,[],[4],[0.003500000573694706]
504,Ka Band,Sat1,Svalbard,5.866000961512327,5.869500962086022,0.003500000573694706,[],[5],[0.003500000573694706]
518,Ka Band,Sat1,Svalbard,6.8660011254251,6.869501125998795,0.003500000573694706,[],[6],[0.003500000573694706]
521,Ka Band,Sat1,Svalbard,7.090501162223518,7.096001163125038,0.005500000901520252,[],[7],[0.005500000901520252]
532,Ka Band,Sat1,Svalbard,7.8660012893378735,7.869001289829612,0.0030000004917383194,[],[7],[0.0030000004917383194]
533,Ka Band,Sat1,Svalbard,7.9385013012215495,7.951001303270459,0.012500002048909664,"[{'Item1': 112, 'Item2': 3}]",[7],[0.012500002048909664]
534,Ka Band,Sat1,Svalbard,8.02000131458044,8.023501315154135,0.003500000573694706,[],[8],[0.003500000573694706]
546,Ka Band,Sat1,Svalbard,8.866001453250647,8.868501453660429,0.002500000409781933,[],[8],[0.002500000409781933]
548,Ka Band,Sat1,Svalbard,9.019501478411257,9.023501479066908,0.0040000006556510925,[],[9],[0.0040000006556510925]
559,Ka Band,Sat1,Svalbard,9.793501605279744,9.798501606099308,0.005000000819563866,[],[9],[0.005000000819563866]
562,Ka Band,Sat1,Svalbard,10.019001642242074,10.023501642979681,0.004500000737607479,[],[10],[0.004500000737607479]
588,Ka Band,Sat1,Svalbard,11.86550194490701,11.867501945234835,0.0020000003278255463,[],[11],[0.0020000003278255463]
590,Ka Band,Sat1,Svalbard,12.018501969985664,12.023001970723271,0.004500000737607479,[],[12],[0.004500000737607479]
601,Ka Band,Sat1,Svalbard,12.793002096936107,12.797502097673714,0.004500000737607479,[],[12],[0.004500000737607479]
602,Ka Band,Sat1,Svalbard,12.865502108819783,12.867002109065652,0.0015000002458691597,[],[12],[0.0015000002458691597]
604,Ka Band,Sat1,Svalbard,13.018502133898437,13.023002134636045,0.004500000737607479,[],[13],[0.004500000737607479]
615,Ka Band,Sat1,Svalbard,13.79300226084888,13.797002261504531,0.0040000006556510925,[],[13],[0.0040000006556510925]
617,Ka Band,Sat1,Svalbard,13.94800228625536,13.950502286665142,0.002500000409781933,[],[13],[0.002500000409781933]
618,Ka Band,Sat1,Svalbard,14.018002297729254,14.023002298548818,0.005000000819563866,[],[14],[0.005000000819563866]
629,Ka Band,Sat1,Svalbard,14.793002424761653,14.797002425417304,0.0040000006556510925,[],[14],[0.0040000006556510925]
632,Ka Band,Sat1,Svalbard,15.018002461642027,15.02300246246159,0.005000000819563866,[],[15],[0.005000000819563866]
657,Ka Band,Sat1,Svalbard,16.792502752505243,16.796002753078938,0.003500000573694706,[],[16],[0.003500000573694706]
660,Ka Band,Sat1,Svalbard,17.01700278930366,17.02250279020518,0.005500000901520252,[],[17],[0.005500000901520252]
671,Ka Band,Sat1,Svalbard,17.792502916418016,17.79600291699171,0.003500000573694706,[],[17],[0.003500000573694706]
672,Ka Band,Sat1,Svalbard,17.865002928301692,17.8775029303506,0.012500002048909664,"[{'Item1': 251, 'Item2': 3}]",[17],[0.012500002048909664]
674,Ka Band,Sat1,Svalbard,18.017002953216434,18.022502954117954,0.005500000901520252,[],[18],[0.005500000901520252]
685,Ka Band,Sat1,Svalbard,18.79250308033079,18.795503080822527,0.0030000004917383194,[],[18],[0.0030000004917383194]
687,Ka Band,Sat1,Svalbard,18.946503105573356,18.95000310614705,0.003500000573694706,[],[18],[0.003500000573694706]
701,Ka Band,Sat1,Svalbard,19.946003269404173,19.950003270059824,0.0040000006556510925,[],[19],[0.0040000006556510925]
727,Ka Band,Sat1,Svalbard,21.792003571987152,21.794503572396934,0.002500000409781933,[],[21],[0.002500000409781933]
729,Ka Band,Sat1,Svalbard,21.945503597147763,21.949503597803414,0.0040000006556510925,[],[21],[0.0040000006556510925]
741,Ka Band,Sat1,Svalbard,22.792003735899925,22.79400373622775,0.0020000003278255463,[],[22],[0.0020000003278255463]
742,Ka Band,Sat1,Svalbard,22.875503749586642,22.87700374983251,0.0015000002458691597,[],[22],[0.0015000002458691597]
743,Ka Band,Sat1,Svalbard,22.94500376097858,22.949503761716187,0.004500000737607479,[],[22],[0.004500000737607479]
754,Ka Band,Sat1,Svalbard,23.719503887929022,23.72400388866663,0.004500000737607479,[],[23],[0.004500000737607479]
757,Ka Band,Sat1,Svalbard,23.945003924891353,23.94950392562896,0.004500000737607479,[],[23],[0.004500000737607479]
771,Ka Band,Sat1,Svalbard,24.94450408872217,24.949504089541733,0.005000000819563866,[],[24],[0.005000000819563866]
785,Ka Band,Sat1,Svalbard,25.944504252634943,25.94900425337255,0.004500000737607479,[],[25],[0.004500000737607479]
796,Ka Band,Sat1,Svalbard,26.719004379585385,26.723004380241036,0.0040000006556510925,[],[26],[0.0040000006556510925]
797,Ka Band,Sat1,Svalbard,26.79150439146906,26.79300439171493,0.0015000002458691597,[],[26],[0.0015000002458691597]
799,Ka Band,Sat1,Svalbard,26.94400441646576,26.949004417285323,0.005000000819563866,[],[26],[0.005000000819563866]
810,Ka Band,Sat1,Svalbard,27.71900454349816,27.72300454415381,0.0040000006556510925,[],[27],[0.0040000006556510925]
813,Ka Band,Sat1,Svalbard,27.944004580378532,27.949004581198096,0.005000000819563866,[],[27],[0.005000000819563866]
838,Ka Band,Sat1,Svalbard,29.71850487124175,29.7225048718974,0.0040000006556510925,[],[29],[0.0040000006556510925]
841,Ka Band,Sat1,Svalbard,29.943504908122122,29.948504908941686,0.005000000819563866,[],[29],[0.005000000819563866]
422,Ka Band,Sat1,Svalbard,0.022500003688037395,0.024000003933906555,0.0015000002458691597,[],[0],[0.0015000002458691597]
435,Ka Band,Sat1,Svalbard,0.9395001539960504,0.9410001542419195,0.0015000002458691597,[],[0],[0.0015000002458691597]
436,Ka Band,Sat1,Svalbard,1.0220001675188541,1.0240001678466797,0.0020000003278255463,[],[1],[0.0020000003278255463]
437,Ka Band,Sat1,Svalbard,1.0920001789927483,1.0965001797303557,0.004500000737607479,[],[1],[0.004500000737607479]
450,Ka Band,Sat1,Svalbard,2.0220003314316273,2.024000331759453,0.0020000003278255463,[],[2],[0.0020000003278255463]
477,Ka Band,Sat1,Svalbard,3.9390006456524134,3.940000645816326,0.0010000001639127731,[],[3],[0.0010000001639127731]
478,Ka Band,Sat1,Svalbard,4.021000659093261,4.023500659503043,0.002500000409781933,[],[4],[0.002500000409781933]
491,Ka Band,Sat1,Svalbard,4.9390008095651865,4.939500809647143,0.0005000000819563866,[],[4],[0.0005000000819563866]
492,Ka Band,Sat1,Svalbard,5.021000823006034,5.023500823415816,0.002500000409781933,[],[5],[0.002500000409781933]
505,Ka Band,Sat1,Svalbard,5.93900097347796,5.951000975444913,0.012000001966953278,"[{'Item1': 84, 'Item2': 5}]",[5],[0.012000001966953278]
506,Ka Band,Sat1,Svalbard,6.020500986836851,6.023500987328589,0.0030000004917383194,[],[6],[0.0030000004917383194]
519,Ka Band,Sat1,Svalbard,6.939001137390733,6.951001139357686,0.012000001966953278,"[{'Item1': 98, 'Item2': 3}]",[6],[0.012000001966953278]
520,Ka Band,Sat1,Svalbard,7.020001150667667,7.023501151241362,0.003500000573694706,[],[7],[0.003500000573694706]
547,Ka Band,Sat1,Svalbard,8.95000146701932,8.950501467101276,0.0005000000819563866,[],[8],[0.0005000000819563866]
560,Ka Band,Sat1,Svalbard,9.86600161716342,9.868501617573202,0.002500000409781933,[],[9],[0.002500000409781933]
561,Ka Band,Sat1,Svalbard,9.949501630850136,9.950501631014049,0.0010000001639127731,[],[9],[0.0010000001639127731]
574,Ka Band,Sat1,Svalbard,10.866001781076193,10.868001781404018,0.0020000003278255463,[],[10],[0.0020000003278255463]
575,Ka Band,Sat1,Svalbard,10.949001794680953,10.950501794926822,0.0015000002458691597,[],[10],[0.0015000002458691597]
576,Ka Band,Sat1,Svalbard,11.019001806154847,11.023001806810498,0.0040000006556510925,[],[11],[0.0040000006556510925]
589,Ka Band,Sat1,Svalbard,11.94850195851177,11.950501958839595,0.0020000003278255463,[],[11],[0.0020000003278255463]
603,Ka Band,Sat1,Svalbard,12.948502122424543,12.950502122752368,0.0020000003278255463,[],[12],[0.0020000003278255463]
616,Ka Band,Sat1,Svalbard,13.865502272732556,13.867002272978425,0.0015000002458691597,[],[13],[0.0015000002458691597]
630,Ka Band,Sat1,Svalbard,14.865502436645329,14.866502436809242,0.0010000001639127731,[],[14],[0.0010000001639127731]
631,Ka Band,Sat1,Svalbard,14.947502450086176,14.950002450495958,0.002500000409781933,[],[14],[0.002500000409781933]
644,Ka Band,Sat1,Svalbard,15.865502600558102,15.866002600640059,0.0005000000819563866,[],[15],[0.0005000000819563866]
645,Ka Band,Sat1,Svalbard,15.94750261399895,15.950002614408731,0.002500000409781933,[],[15],[0.002500000409781933]
658,Ka Band,Sat1,Svalbard,16.865502764470875,16.87750276643783,0.012000001966953278,"[{'Item1': 237, 'Item2': 5}]",[16],[0.012000001966953278]
659,Ka Band,Sat1,Svalbard,16.947002777829766,16.950002778321505,0.0030000004917383194,[],[16],[0.0030000004917383194]
673,Ka Band,Sat1,Svalbard,17.946502941660583,17.950002942234278,0.003500000573694706,[],[17],[0.003500000573694706]
686,Ka Band,Sat1,Svalbard,18.865003092214465,18.87700309418142,0.012000001966953278,"[{'Item1': 265, 'Item2': 3}]",[18],[0.012000001966953278]
699,Ka Band,Sat1,Svalbard,19.792503244243562,19.795003244653344,0.002500000409781933,[],[19],[0.002500000409781933]
700,Ka Band,Sat1,Svalbard,19.876503258012235,19.87700325809419,0.0005000000819563866,[],[19],[0.0005000000819563866]
713,Ka Band,Sat1,Svalbard,20.792503408156335,20.795003408566117,0.002500000409781933,[],[20],[0.002500000409781933]
714,Ka Band,Sat1,Svalbard,20.876003421843052,20.877003422006965,0.0010000001639127731,[],[20],[0.0010000001639127731]
715,Ka Band,Sat1,Svalbard,20.946003433316946,20.94950343389064,0.003500000573694706,[],[20],[0.003500000573694706]
728,Ka Band,Sat1,Svalbard,21.87550358567387,21.877003585919738,0.0015000002458691597,[],[21],[0.0015000002458691597]
755,Ka Band,Sat1,Svalbard,23.7920038998127,23.794003900140524,0.0020000003278255463,[],[23],[0.0020000003278255463]
756,Ka Band,Sat1,Svalbard,23.87500391341746,23.876503913663328,0.0015000002458691597,[],[23],[0.0015000002458691597]
769,Ka Band,Sat1,Svalbard,24.79200406372547,24.79350406397134,0.0015000002458691597,[],[24],[0.0015000002458691597]
770,Ka Band,Sat1,Svalbard,24.874504077248275,24.8765040775761,0.0020000003278255463,[],[24],[0.0020000003278255463]
783,Ka Band,Sat1,Svalbard,25.792004227638245,25.793004227802157,0.0010000001639127731,[],[25],[0.0010000001639127731]
784,Ka Band,Sat1,Svalbard,25.87450424116105,25.876504241488874,0.0020000003278255463,[],[25],[0.0020000003278255463]
798,Ka Band,Sat1,Svalbard,26.874004404991865,26.876504405401647,0.002500000409781933,[],[26],[0.002500000409781933]
811,Ka Band,Sat1,Svalbard,27.791504555381835,27.792504555545747,0.0010000001639127731,[],[27],[0.0010000001639127731]
812,Ka Band,Sat1,Svalbard,27.87400456890464,27.876004569232464,0.0020000003278255463,[],[27],[0.0020000003278255463]
825,Ka Band,Sat1,Svalbard,28.791504719294608,28.79250471945852,0.0010000001639127731,[],[28],[0.0010000001639127731]
826,Ka Band,Sat1,Svalbard,28.873504732735455,28.876004733145237,0.002500000409781933,[],[28],[0.002500000409781933]
839,Ka Band,Sat1,Svalbard,29.79150488320738,29.803504885174334,0.012000001966953278,"[{'Item1': 418, 'Item2': 3}]",[29],[0.012000001966953278]
840,Ka Band,Sat1,Svalbard,29.873004896566272,29.87600489705801,0.0030000004917383194,[],[29],[0.0030000004917383194]
421,Ka Band,Sat1,Svalbard,0.0,0.0005000000819563866,0.0005000000819563866,[],[0],[0.0005000000819563866]
