2461233.5,91125.97358,347538.1029,31267.22562
2461233.542,87306.26349,348431.1949,31165.47848
2461233.583,83476.62354,349285.6579,31060.23888
2461233.625,79637.4747,350101.3697,30951.51603
2461233.667,75789.23986,350878.2132,30839.31964
2461233.708,71932.34375,351616.0763,30723.65988
2461233.75,68067.21283,352314.852,30604.54741
2461233.792,64194.27528,352974.4386,30481.99339
2461233.833,60313.96089,353594.7391,30356.00944
2461233.875,56426.701,354175.6623,30226.60767
2461233.917,52532.92839,354717.1216,30093.80066
2461233.958,48633.07726,355219.0361,29957.60149
2461234,44727.58311,355681.3301,29818.0237
2461234.042,40816.8827,356103.9329,29675.0813
2461234.083,36901.41391,356486.7795,29528.7888
2461234.125,32981.61573,356829.8101,29379.16116
2461234.167,29057.92815,357132.9702,29226.21382
2461234.208,25130.79208,357396.2109,29069.96269
2461234.25,21200.64924,357619.4885,28910.42415
2461234.292,17267.94216,357802.7649,28747.61504
2461234.333,13333.11401,357946.0074,28581.55268
2461234.375,9396.608564,358049.1887,28412.25481
2461234.417,5458.870117,358112.2872,28239.73968
2461234.458,1520.343385,358135.2865,28064.02595
2461234.5,-2418.526567,358118.1759,27885.13277
2461234.542,-6357.294413,358060.9502,27703.07971
2461234.583,-10295.51465,357963.6097,27517.8868
2461234.625,-14232.74167,357826.1603,27329.57451
2461234.667,-18168.52988,357648.6133,27138.16376
2461234.708,-22102.43373,357430.9856,26943.67588
2461234.75,-26034.00786,357173.2997,26746.13267
2461234.792,-29962.80714,356875.5836,26545.55632
2461234.833,-33888.38677,356537.8708,26341.96946
2461234.875,-37810.30237,356160.2004,26135.39515
2461234.917,-41728.11005,355742.6169,25925.85686
2461234.958,-45641.36651,355285.1706,25713.37846
2461235,-49549.62914,354787.917,25497.98425
2461235.042,-53452.45604,354250.9173,25279.6989
2461235.083,-57349.4062,353674.2381,25058.54752
2461235.125,-61240.03948,353057.9516,24834.55557
2461235.167,-65123.9168,352402.1352,24607.74893
2461235.208,-69000.60013,351706.8721,24378.15384
2461235.25,-72869.65264,350972.2507,24145.79695
2461235.292,-76730.63873,350198.3649,23910.70523
2461235.333,-80583.12416,349385.3138,23672.90608
2461235.375,-84426.67612,348533.2021,23432.42721
2461235.417,-88260.86327,347642.1398,23189.29671
2461235.458,-92085.25589,346712.2421,22943.54301
2461235.5,-95899.4259,345743.6296,22695.19491
2461235.542,-99702.94696,344736.4281,22444.2815
2461235.583,-103495.3946,343690.7686,22190.83225
2461235.625,-107276.3462,342606.7873,21934.87693
2461235.667,-111045.3811,341484.6256,21676.44565
2461235.708,-114802.0807,340324.4301,21415.5688
2461235.75,-118546.0287,339126.3522,21152.2771
2461235.792,-122276.8108,337890.5487,20886.60159
2461235.833,-125994.015,336617.1811,20618.57357
2461235.875,-129697.2318,335306.4162,20348.22464
2461235.917,-133386.054,333958.4254,20075.58668
2461235.958,-137060.0769,332573.3851,19800.69186
2461236,-140718.8985,331151.4766,19523.57261
2461236.042,-144362.1193,329692.8859,19244.2616
2461236.083,-147989.3425,328197.8039,18962.79177
2461236.125,-151600.1742,326666.4259,18679.19633
2461236.167,-155194.2233,325098.9522,18393.50869
2461236.208,-158771.1015,323495.5874,18105.76253
2461236.25,-162330.4237,321856.5407,17815.99172
2461236.292,-165871.8075,320182.026,17524.23039
2461236.333,-169394.8739,318472.2613,17230.51284
2461236.375,-172899.247,316727.4692,16934.87361
2461236.417,-176384.554,314947.8767,16637.34742
2461236.458,-179850.4254,313133.7147,16337.96918
2461236.5,-183296.4951,311285.2187,16036.774
2461236.542,-186722.4004,309402.6281,15733.79715
2461236.583,-190127.7819,307486.1865,15429.07408
2461236.625,-193512.2839,305536.1415,15122.64039
2461236.667,-196875.5541,303552.7445,14814.53185
2461236.708,-200217.2438,301536.2511,14504.78436
2461236.75,-203537.008,299486.9206,14193.43398
2461236.792,-206834.5053,297405.0159,13880.51689
2461236.833,-210109.3982,295290.804,13566.0694
2461236.875,-213361.3528,293144.555,13250.12795
2461236.917,-216590.0392,290966.5432,12932.72906
2461236.958,-219795.1312,288757.0458,12613.9094
2461237,-222976.3066,286516.344,12293.7057
2461237.042,-226133.2472,284244.7219,11972.15479
2461237.083,-229265.6385,281942.4673,11649.2936
2461237.125,-232373.1704,279609.871,11325.15913
2461237.167,-235455.5367,277247.227,10999.78843
2461237.208,-238512.4351,274854.8324,10673.21863
2461237.25,-241543.5677,272432.9875,10345.48692
2461237.292,-244548.6406,269981.9954,10016.63053
2461237.333,-247527.3642,267502.1622,9686.686729
2461237.375,-250479.4528,264993.7966,9355.692834
2461237.417,-253404.6254,262457.2103,9023.686182
2461237.458,-256302.6047,259892.7177,8690.704132
2461237.5,-259173.1182,257300.6356,8356.784062
2461237.542,-262015.8974,254681.2836,8021.963356
2461237.583,-264830.6782,252034.9835,7686.279404
2461237.625,-267617.2008,249362.0597,7349.769588
2461237.667,-270375.2098,246662.839,7012.471283
2461237.708,-273104.4541,243937.6503,6674.421846
2461237.75,-275804.6871,241186.8247,6335.658612
2461237.792,-278475.6665,238410.6955,5996.218888
2461237.833,-281117.1545,235609.5981,5656.139944
2461237.875,-283728.9177,232783.8698,5315.459011
2461237.917,-286310.727,229933.8499,4974.213274
2461237.958,-288862.3579,227059.8793,4632.439862
2461238,-291383.5903,224162.3011,4290.175851
2461238.042,-293874.2086,221241.4598,3947.458248
2461238.083,-296334.0015,218297.7017,3604.323994
2461238.125,-298762.7624,215331.3745,3260.809954
2461238.167,-301160.2889,212342.8277,2916.952911
2461238.208,-303526.3832,209332.4119,2572.789566
2461238.25,-305860.8521,206300.4794,2228.356525
2461238.292,-308163.5065,203247.3836,1883.6903
2461238.333,-310434.1622,200173.4792,1538.827303
2461238.375,-312672.6391,197079.1221,1193.803838
2461238.417,-314878.7617,193964.6693,848.6560974
2461238.458,-317052.3589,190830.479,503.4201604
2461238.5,-319193.2642,187676.91,158.131984
2461238.542,-321301.3152,184504.3226,-187.1725996
2461238.583,-323376.3542,181313.0774,-532.4578877
2461238.625,-325418.2279,178103.5362,-877.6883115
2461238.667,-327426.7873,174876.0614,-1222.828441
2461238.708,-329401.8878,171631.016,-1567.842988
2461238.75,-331343.3891,168368.7638,-1912.696811
2461238.792,-333251.1554,165089.669,-2257.354921
2461238.833,-335125.0553,161794.0964,-2601.782482
2461238.875,-336964.9616,158482.4114,-2945.944817
2461238.917,-338770.7514,155154.9794,-3289.807411
2461238.958,-340542.3061,151812.1666,-3633.335917
2461239,-342279.5115,148454.339,-3976.496154
2461239.042,-343982.2577,145081.8633,-4319.254118
2461239.083,-345650.4387,141695.106,-4661.575979
2461239.125,-347283.9531,138294.4339,-5003.428089
2461239.167,-348882.7036,134880.2139,-5344.77698
2461239.208,-350446.597,131452.8129,-5685.589374
2461239.25,-351975.5443,128012.5976,-6025.832178
2461239.292,-353469.4606,124559.9349,-6365.472496
2461239.333,-354928.2653,121095.1912,-6704.477624
2461239.375,-356351.8816,117618.7331,-7042.815056
2461239.417,-357740.2369,114130.9268,-7380.452487
2461239.458,-359093.2628,110632.1381,-7717.357816
2461239.5,-360410.8948,107122.7327,-8053.499147
2461239.542,-361693.0722,103603.0758,-8388.844792
2461239.583,-362939.7385,100073.5323,-8723.363273
2461239.625,-364150.8411,96534.46645,-9057.023327
2461239.667,-365326.3312,92986.24221,-9389.793902
2461239.708,-366466.1642,89429.2229,-9721.644167
2461239.75,-367570.2988,85863.77126,-10052.54351
2461239.792,-368638.6981,82290.24943,-10382.46153
2461239.833,-369671.3287,78709.01888,-10711.36807
2461239.875,-370668.1609,75120.44037,-11039.23318
2461239.917,-371629.169,71524.87396,-11366.02714
2461239.958,-372554.3308,67922.67889,-11691.72046
2461240,-373443.628,64314.21361,-12016.28388
2461240.042,-374297.0456,60699.83573,-12339.68837
2461240.083,-375114.5726,57079.90196,-12661.90513
2461240.125,-375896.2014,53454.7681,-12982.9056
2461240.167,-376641.928,49824.78902,-13302.66145
2461240.208,-377351.7518,46190.31858,-13621.1446
2461240.25,-378025.676,42551.70963,-13938.32718
2461240.292,-378663.7071,38909.314,-14254.18158
2461240.333,-379265.8549,35263.48242,-14568.68042
2461240.375,-379832.1328,31614.56452,-14881.79658
2461240.417,-380362.5576,27962.90881,-15193.50315
2461240.458,-380857.1492,24308.86261,-15503.77349
2461240.5,-381315.9312,20652.77208,-15812.58119
2461240.542,-381738.9301,16994.98214,-16119.90008
2461240.583,-382126.1759,13335.83648,-16425.70424
2461240.625,-382477.7018,9675.677537,-16729.96801
2461240.667,-382793.5439,6014.846423,-17032.66595
2461240.708,-383073.7419,2353.682956,-17333.77287
2461240.75,-383318.3384,-1307.474392,-17633.26386
2461240.792,-383527.379,-4968.288511,-17931.11421
2461240.833,-383700.9125,-8628.423675,-18227.29948
2461240.875,-383838.9907,-12287.54556,-18521.79549
2461240.917,-383941.6685,-15945.32129,-18814.57828
2461240.958,-384009.0035,-19601.41939,-19105.62417
2461241,-384041.0566,-23255.50991,-19394.9097
2461241.042,-384037.8914,-26907.26433,-19682.41167
2461241.083,-383999.5742,-30556.35567,-19968.10713
2461241.125,-383926.1746,-34202.45847,-20251.97339
2461241.167,-383817.7646,-37845.24878,-20533.98798
2461241.208,-383674.4192,-41484.40424,-20814.12869
2461241.25,-383496.2161,-45119.60404,-21092.37359
2461241.292,-383283.2357,-48750.52896,-21368.70095
2461241.333,-383035.5612,-52376.86139,-21643.08932
2461241.375,-382753.2783,-55998.28533,-21915.51748
2461241.417,-382436.4755,-59614.48641,-22185.96448
2461241.458,-382085.2439,-63225.15191,-22454.4096
2461241.5,-381699.6769,-66829.97076,-22720.83236
2461241.542,-381279.8709,-70428.63356,-22985.21256
2461241.583,-380825.9244,-74020.83261,-23247.53021
2461241.625,-380337.9387,-77606.26188,-23507.76559
2461241.667,-379816.0173,-81184.61705,-23765.89922
2461241.708,-379260.2664,-84755.59552,-24021.91186
2461241.75,-378670.7945,-88318.89641,-24275.78453
2461241.792,-378047.7123,-91874.22059,-24527.49847
2461241.833,-377391.1332,-95421.27066,-24777.0352
2461241.875,-376701.1726,-98959.75098,-25024.37644
2461241.917,-375977.9483,-102489.3677,-25269.5042
2461241.958,-375221.5806,-106009.8286,-25512.40069
2461242,-374432.1916,-109520.8435,-25753.0484
2461242.042,-373609.9061,-113022.1238,-25991.43004
2461242.083,-372754.8507,-116513.3827,-26227.52856
2461242.125,-371867.1543,-119994.3354,-26461.32716
2461242.167,-370946.9481,-123464.6986,-26692.80927
2461242.208,-369994.3653,-126924.191,-26921.95858
2461242.25,-369009.541,-130372.5332,-27148.759
2461242.292,-367992.6126,-133809.4474,-27373.19468
2461242.333,-366943.7195,-137234.6578,-27595.25001
2461242.375,-365863.0032,-140647.8904,-27814.90962
2461242.417,-364750.6069,-144048.8731,-28032.15838
2461242.458,-363606.676,-147437.3354,-28246.98138
2461242.5,-362431.3579,-150813.0089,-28459.36395
2461242.542,-361224.8018,-154175.6271,-28669.29168
2461242.583,-359987.1587,-157524.925,-28876.75035
2461242.625,-358718.5818,-160860.6399,-29081.726
2461242.667,-357419.2258,-164182.5106,-29284.20491
2461242.708,-356089.2475,-167490.2781,-29484.17356
2461242.75,-354728.8053,-170783.6849,-29681.61869
2461242.792,-353338.0595,-174062.4757,-29876.52725
2461242.833,-351917.1723,-177326.397,-30068.88643
2461242.875,-350466.3073,-180575.1969,-30258.68365
2461242.917,-348985.6302,-183808.6258,-30445.90655
2461242.958,-347475.3082,-187026.4357,-30630.543
2461243,-345935.5102,-190228.3806,-30812.5811
2461243.042,-344366.4068,-193414.2163,-30992.00916
2461243.083,-342768.1702,-196583.7007,-31168.81574
2461243.125,-341140.9742,-199736.5932,-31342.98961
2461243.167,-339484.9945,-202872.6554,-31514.51975
2461243.208,-337800.408,-205991.6508,-31683.39539
2461243.25,-336087.3933,-209093.3447,-31849.60595
2461243.292,-334346.1306,-212177.5042,-32013.14111
2461243.333,-332576.8016,-215243.8984,-32173.99073
2461243.375,-330779.5896,-218292.2983,-32332.14491
2461243.417,-328954.6793,-221322.4769,-32487.59398
2461243.458,-327102.2569,-224334.2087,-32640.32846
2461243.5,-325222.5099,-227327.2707,-32790.33911
2461243.542,-323315.6277,-230301.4412,-32937.61689
2461243.583,-321381.8006,-233256.5008,-33082.153
2461243.625,-319421.2206,-236192.2319,-33223.93882
2461243.667,-317434.0811,-239108.4186,-33362.96597
2461243.708,-315420.5768,-242004.8472,-33499.22628
2461243.75,-313380.9037,-244881.3057,-33632.71179
2461243.792,-311315.2593,-247737.584,-33763.41476
2461243.833,-309223.8424,-250573.474,-33891.32763
2461243.875,-307106.853,-253388.7695,-34016.4431
2461243.917,-304964.4926,-256183.266,-34138.75405
2461243.958,-302796.9637,-258956.7612,-34258.25357
2461244,-300604.4703,-261709.0545,-34374.93497
2461244.042,-298387.2176,-264439.9471,-34488.79175
2461244.083,-296145.4121,-267149.2424,-34599.81764
2461244.125,-293879.2614,-269836.7455,-34708.00657
2461244.167,-291588.9743,-272502.2633,-34813.35267
2461244.208,-289274.761,-275145.6048,-34915.85028
2461244.25,-286936.8328,-277766.5809,-35015.49395
2461244.292,-284575.402,-280365.0042,-35112.27842
2461244.333,-282190.6823,-282940.6893,-35206.19865
2461244.375,-279782.8884,-285493.4528,-35297.24979
2461244.417,-277352.2362,-288023.1131,-35385.42721
2461244.458,-274898.9428,-290529.4904,-35470.72647
2461244.5,-272423.2261,-293012.407,-35553.14333
2461244.542,-269925.3054,-295471.6869,-35632.67375
2461244.583,-267405.4011,-297907.1561,-35709.31391
2461244.625,-264863.7345,-300318.6425,-35783.06017
2461244.667,-262300.528,-302705.9759,-35853.9091
2461244.708,-259716.005,-305068.9879,-35921.85746
2461244.75,-257110.3902,-307407.5122,-35986.90221
2461244.792,-254483.909,-309721.3841,-36049.04052
2461244.833,-251836.7879,-312010.4411,-36108.26975
2461244.875,-249169.2546,-314274.5224,-36164.58745
2461244.917,-246481.5376,-316513.4691,-36217.99138
2461244.958,-243773.8663,-318727.1243,-36268.47949
2461245,-241046.4713,-320915.3331,-36316.04992
2461245.042,-238299.5841,-323077.9421,-36360.70101
2461245.083,-235533.4369,-325214.8001,-36402.4313
2461245.125,-232748.2632,-327325.7579,-36441.23953
2461245.167,-229944.2971,-329410.6679,-36477.12461
2461245.208,-227121.774,-331469.3847,-36510.08566
2461245.25,-224280.9297,-333501.7645,-36540.122
2461245.292,-221422.0014,-335507.6656,-36567.23313
2461245.333,-218545.2267,-337486.9481,-36591.41875
2461245.375,-215650.8446,-339439.4742,-36612.67874
2461245.417,-212739.0945,-341365.1078,-36631.0132
2461245.458,-209810.2169,-343263.7147,-36646.42239
2461245.5,-206864.453,-345135.1628,-36658.90677
2461245.542,-203902.045,-346979.3218,-36668.46701
2461245.583,-200923.2359,-348796.0632,-36675.10394
2461245.625,-197928.2693,-350585.2606,-36678.81861
2461245.667,-194917.3898,-352346.7894,-36679.61223
2461245.708,-191890.8428,-354080.5269,-36677.48623
2461245.75,-188848.8744,-355786.3524,-36672.4422
2461245.792,-185791.7315,-357464.1471,-36664.48194
2461245.833,-182719.6617,-359113.7941,-36653.60744
2461245.875,-179632.9135,-360735.1784,-36639.82086
2461245.917,-176531.7361,-362328.187,-36623.12456
2461245.958,-173416.3794,-363892.7087,-36603.5211
2461246,-170287.094,-365428.6343,-36581.01319
2461246.042,-167144.1312,-366935.8566,-36555.60377
2461246.083,-163987.7431,-368414.2702,-36527.29594
2461246.125,-160818.1824,-369863.7718,-36496.093
2461246.167,-157635.7027,-371284.2598,-36461.99843
2461246.208,-154440.5579,-372675.6348,-36425.0159
2461246.25,-151233.003,-374037.7991,-36385.14926
2461246.292,-148013.2933,-375370.6572,-36342.40256
2461246.333,-144781.685,-376674.1153,-36296.78003
2461246.375,-141538.4348,-377948.0818,-36248.28607
2461246.417,-138283.8,-379192.4668,-36196.92528
2461246.458,-135018.0387,-380407.1824,-36142.70245
2461246.5,-131741.4094,-381592.1429,-36085.62254
2461246.542,-128454.1714,-382747.2644,-36025.69071
2461246.583,-125156.5844,-383872.4648,-35962.9123
2461246.625,-121848.9089,-384967.6643,-35897.29283
2461246.667,-118531.4059,-386032.7848,-35828.838
2461246.708,-115204.3367,-387067.7502,-35757.5537
2461246.75,-111867.9635,-388072.4867,-35683.44602
2461246.792,-108522.549,-389046.922,-35606.5212
2461246.833,-105168.3562,-389990.9862,-35526.7857
2461246.875,-101805.6489,-390904.611,-35444.24613
2461246.917,-98434.6912,-391787.7305,-35358.90931
2461246.958,-95055.74786,-392640.2805,-35270.78223
2461247,-91669.08405,-393462.199,-35179.87206
2461247.042,-88274.96546,-394253.4257,-35086.18616
2461247.083,-84873.65823,-395013.9027,-34989.73207
2461247.125,-81465.42897,-395743.5739,-34890.51753
2461247.167,-78050.54477,-396442.3852,-34788.55042
2461247.208,-74629.27313,-397110.2845,-34683.83885
2461247.25,-71201.88199,-397747.2219,-34576.39107
2461247.292,-67768.63974,-398353.1492,-34466.21555
2461247.333,-64329.81515,-398928.0207,-34353.32092
2461247.375,-60885.6774,-399471.7923,-34237.716
2461247.417,-57436.49607,-399984.4222,-34119.40977
2461247.458,-53982.54111,-400465.8706,-33998.41142
2461247.5,-50524.08286,-400916.0995,-33874.73032
2461247.542,-47061.39198,-401335.0733,-33748.37599
2461247.583,-43594.73951,-401722.7584,-33619.35817
2461247.625,-40124.39682,-402079.123,-33487.68675
2461247.667,-36650.63559,-402404.1376,-33353.37183
2461247.708,-33173.72783,-402697.7748,-33216.42366
2461247.75,-29693.94584,-402960.0091,-33076.85268
2461247.792,-26211.56223,-403190.8172,-32934.66953
2461247.833,-22726.84985,-403390.1778,-32789.885
2461247.875,-19240.08187,-403558.0717,-32642.51008
2461247.917,-15751.53167,-403694.482,-32492.55593
2461247.958,-12261.4729,-403799.3936,-32340.0339
2461248,-8770.179422,-403872.7936,-32184.9555
2461248.042,-5277.925336,-403914.6713,-32027.33244
2461248.083,-1784.984939,-403925.018,-31867.1766
2461248.125,1708.367277,-403903.8272,-31704.50004
2461248.167,5201.856637,-403851.0944,-31539.31498
2461248.208,8695.208296,-403766.8174,-31371.63385
2461248.25,12188.14725,-403650.9959,-31201.46925
2461248.292,15680.39836,-403503.6319,-31028.83393
2461248.333,19171.68635,-403324.7296,-30853.74084
2461248.375,22661.73582,-403114.2951,-30676.20312
2461248.417,26150.27127,-402872.3369,-30496.23406
2461248.458,29637.01711,-402598.8654,-30313.84714
2461248.5,33121.69768,-402293.8934,-30129.05601
2461248.542,36604.03724,-401957.4357,-29941.87452
2461248.583,40083.76001,-401589.5093,-29752.31665
2461248.625,43560.59017,-401190.1334,-29560.39661
2461248.667,47034.25187,-400759.3293,-29366.12873
2461248.708,50504.46926,-400297.1206,-29169.52756
2461248.75,53970.9665,-399803.533,-28970.6078
2461248.792,57433.46775,-399278.5942,-28769.38434
2461248.833,60891.69723,-398722.3346,-28565.87222
2461248.875,64345.37918,-398134.7862,-28360.08669
2461248.917,67794.23793,-397515.9836,-28152.04313
2461248.958,71237.99787,-396865.9634,-27941.75713
2461249,74676.38349,-396184.7645,-27729.24443
2461249.042,78109.11939,-395472.4279,-27514.52095
2461249.083,81535.93029,-394728.997,-27297.60278
2461249.125,84956.54104,-393954.5173,-27078.50619
2461249.167,88370.67665,-393149.0365,-26857.24761
2461249.208,91778.06232,-392312.6045,-26633.84364
2461249.25,95178.4234,-391445.2735,-26408.31106
2461249.292,98571.48548,-390547.0979,-26180.6668
2461249.333,101956.9743,-389618.1343,-25950.92799
2461249.375,105334.616,-388658.4416,-25719.1119
2461249.417,108704.1366,-387668.0809,-25485.23598
2461249.458,112065.2629,-386647.1156,-25249.31784
2461249.5,115417.7216,-385595.6112,-25011.37528
2461249.542,118761.2399,-384513.6356,-24771.42623
2461249.583,122095.545,-383401.2589,-24529.48882
2461249.625,125420.3649,-382258.5534,-24285.58132
2461249.667,128735.4277,-381085.5937,-24039.72219
2461249.708,132040.4617,-379882.4567,-23791.93002
2461249.75,135335.196,-378649.2214,-23542.2236
2461249.792,138619.3596,-377385.9694,-23290.62186
2461249.833,141892.6825,-376092.7841,-23037.14389
2461249.875,145154.8945,-374769.7516,-22781.80896
2461249.917,148405.7264,-373416.96,-22524.63649
2461249.958,151644.9092,-372034.4997,-22265.64606
2461250,154872.1743,-370622.4635,-22004.85741
2461250.042,158087.254,-369180.9463,-21742.29043
2461250.083,161289.8806,-367710.0455,-21477.96519
2461250.125,164479.7874,-366209.8606,-21211.9019
2461250.167,167656.708,-364680.4933,-20944.12092
2461250.208,170820.3767,-363122.0478,-20674.6428
2461250.25,173970.5283,-361534.6305,-20403.4882
2461250.292,177106.8984,-359918.35,-20130.67797
2461250.333,180229.2229,-358273.3172,-19856.23309
2461250.375,183337.2388,-356599.6455,-19580.1747
2461250.417,186430.6835,-354897.4501,-19302.5241
2461250.458,189509.295,-353166.849,-19023.30273
2461250.5,192572.8124,-351407.9622,-18742.53218
2461250.542,195620.975,-349620.912,-18460.2342
2461250.583,198653.5234,-347805.823,-18176.43067
2461250.625,201670.1986,-345962.8221,-17891.14363
2461250.667,204670.7426,-344092.0385,-17604.39527
2461250.708,207654.8979,-342193.6036,-17316.20791
2461250.75,210622.4084,-340267.6512,-17026.60402
2461250.792,213573.0182,-338314.3172,-16735.60622
2461250.833,216506.4727,-336333.7399,-16443.23727
2461250.875,219422.5181,-334326.0598,-16149.52005
2461250.917,222320.9014,-332291.4198,-15854.47761
2461250.958,225201.3707,-330229.965,-15558.13312
2461251,228063.675,-328141.8425,-15260.5099
2461251.042,230907.5641,-326027.2022,-14961.6314
2461251.083,233732.7891,-323886.1958,-14661.52119
2461251.125,236539.1018,-321718.9774,-14360.20299
2461251.167,239326.2553,-319525.7035,-14057.70067
2461251.208,242094.0036,-317306.5326,-13754.03819
2461251.25,244842.1018,-315061.6256,-13449.23968
2461251.292,247570.3062,-312791.1457,-13143.32937
2461251.333,250278.374,-310495.2582,-12836.33164
2461251.375,252966.0638,-308174.1307,-12528.27097
2461251.417,255633.1352,-305827.933,-12219.172
2461251.458,258279.3489,-303456.8372,-11909.05946
2461251.5,260904.4671,-301061.0175,-11597.95823
2461251.542,263508.253,-298640.6505,-11285.89329
2461251.583,266090.471,-296195.9149,-10972.88975
2461251.625,268650.8869,-293726.9916,-10658.97284
2461251.667,271189.2677,-291234.0637,-10344.16791
2461251.708,273705.3819,-288717.3166,-10028.5004
2461251.75,276198.999,-286176.9377,-9711.995905
2461251.792,278669.8902,-283613.1168,-9394.680098
2461251.833,281117.8278,-281026.0457,-9076.578781
2461251.875,283542.5856,-278415.9185,-8757.717859
2461251.917,285943.9388,-275782.9315,-8438.123348
2461251.958,288321.6642,-273127.283,-8117.821368
2461252,290675.5397,-270449.1735,-7796.838145
2461252.042,293005.3451,-267748.8058,-7475.200009
2461252.083,295310.8614,-265026.3845,-7152.933391
2461252.125,297591.8712,-262282.1168,-6830.064822
2461252.167,299848.1586,-259516.2117,-6506.620931
2461252.208,302079.5096,-256728.8803,-6182.628445
2461252.25,304285.7112,-253920.3359,-5858.114184
2461252.292,306466.5526,-251090.794,-5533.105065
2461252.333,308621.8242,-248240.472,-5207.628092
2461252.375,310751.3183,-245369.5894,-4881.710362
2461252.417,312854.8288,-242478.3679,-4555.37906
2461252.458,314932.1512,-239567.0312,-4228.661456
2461252.5,316983.083,-236635.805,-3901.584905
2461252.542,319007.423,-233684.9171,-3574.176847
2461252.583,321004.9722,-230714.5972,-3246.464799
2461252.625,322975.5331,-227725.0773,-2918.47636
2461252.667,324918.9102,-224716.5912,-2590.239206
2461252.708,326834.9097,-221689.3746,-2261.781087
2461252.75,328723.3396,-218643.6654,-1933.129828
2461252.792,330584.0099,-215579.7034,-1604.313325
2461252.833,332416.7324,-212497.7304,-1275.359543
2461252.875,334221.3209,-209397.99,-946.2965147
2461252.917,335997.5911,-206280.7279,-617.1523401
2461252.958,337745.3606,-203146.1918,-287.9551814
2461253,339464.449,-199994.631,41.26673679
2461253.042,341154.6779,-196826.297,370.4851304
2461253.083,342815.871,-193641.4431,699.6716576
2461253.125,344447.8539,-190440.3244,1028.797921
2461253.167,346050.4544,-187223.198,1357.835469
2461253.208,347623.5023,-183990.3227,1686.755799
2461253.25,349166.8294,-180741.9593,2015.53036
2461253.292,350680.2699,-177478.3702,2344.130552
2461253.333,352163.6599,-174199.8198,2672.52773
2461253.375,353616.8378,-170906.5743,3000.693207
2461253.417,355039.6442,-167598.9015,3328.598254
2461253.458,356431.9216,-164277.0711,3656.214104
2461253.5,357793.5152,-160941.3545,3983.511954
2461253.542,359124.2722,-157592.0248,4310.462966
2461253.583,360424.042,-154229.357,4637.038269
2461253.625,361692.6764,-150853.6276,4963.208964
2461253.667,362930.0296,-147465.1148,5288.946123
2461253.708,364135.9579,-144064.0985,5614.220793
2461253.75,365310.3201,-140650.8603,5939.003999
2461253.792,366452.9774,-137225.6834,6263.266743
2461253.833,367563.7933,-133788.8525,6586.980012
2461253.875,368642.6336,-130340.6542,6910.114772
2461253.917,369689.3669,-126881.3764,7232.64198
2461253.958,370703.864,-123411.3085,7554.53258
2461254,371685.998,-119930.7418,7875.757504
2461254.042,372635.6448,-116439.9689,8196.287682
2461254.083,373552.6828,-112939.2838,8516.094036
2461254.125,374436.9926,-109428.9822,8835.147488
2461254.167,375288.4578,-105909.3613,9153.418961
2461254.208,376106.9641,-102380.7194,9470.879379
2461254.25,376892.4002,-98843.35662,9787.499673
2461254.292,377644.6571,-95297.57433,10103.25078
2461254.333,378363.6286,-91743.6753,10418.10365
2461254.375,379049.2111,-88181.96368,10732.02925
2461254.417,379701.3037,-84612.74497,11044.99854
2461254.458,380319.808,-81036.32599,11356.98254
2461254.5,380904.6285,-77453.01488,11667.95224
2461254.542,381455.6724,-73863.12109,11977.87869
2461254.583,381972.8495,-70266.9553,12286.73296
2461254.625,382456.0724,-66664.82947,12594.48613
2461254.667,382905.2565,-63057.05675,12901.10932
2461254.708,383320.3202,-59443.95152,13206.5737
2461254.75,383701.1842,-55825.82934,13510.85045
2461254.792,384047.7725,-52203.00691,13813.91081
2461254.833,384360.0117,-48575.80209,14115.72603
2461254.875,384637.8313,-44944.53382,14416.26744
2461254.917,384881.1637,-41309.52216,14715.50641
2461254.958,385089.9442,-37671.08822,15013.41432
2461255,385264.111,-34029.55416,15309.96266
2461255.042,385403.6053,-30385.24316,15605.12293
2461255.083,385508.3709,-26738.47938,15898.86671
2461255.125,385578.3551,-23089.58796,16191.16563
2461255.167,385613.5077,-19438.895,16481.99139
2461255.208,385613.7818,-15786.7275,16771.31574
2461255.25,385579.1334,-12133.41337,17059.11051
2461255.292,385509.5214,-8479.281382,17345.3476
2461255.333,385404.908,-4824.661159,17629.99899
2461255.375,385265.2581,-1169.883144,17913.03672
2461255.417,385090.5401,2484.721425,18194.43293
2461255.458,384880.7252,6138.820543,18474.15981
2461255.5,384635.7876,9792.081463,18752.18967
2461255.542,384355.705,13444.17072,19028.49488
2461255.583,384040.4579,17094.75417,19303.04792
2461255.625,383690.03,20743.49699,19575.82136
2461255.667,383304.4083,24390.06373,19846.78785
2461255.708,382883.5828,28034.11835,20115.92016
2461255.75,382427.5468,31675.32421,20383.19114
2461255.792,381936.2968,35313.34411,20648.57376
2461255.833,381409.8324,38947.84037,20912.0411
2461255.875,380848.1566,42578.47476,21173.56634
2461255.917,380251.2754,46204.90863,21433.12279
2461255.958,379619.1984,49826.80287,21690.68384
2461256,378951.938,53443.81796,21946.22304
2461256.042,378249.5104,57055.61401,22199.71404
2461256.083,377511.9347,60661.85078,22451.13062
2461256.125,376739.2335,64262.18772,22700.44669
2461256.167,375931.4326,67856.28397,22947.63629
2461256.208,375088.5611,71443.79843,23192.67359
2461256.25,374210.6517,75024.38975,23435.53291
2461256.292,373297.7401,78597.71642,23676.18869
2461256.333,372349.8656,82163.43672,23914.61553
2461256.375,371367.0709,85721.20883,24150.78816
2461256.417,370349.4018,89270.69081,24384.68148
2461256.458,369296.9077,92811.54065,24616.27052
2461256.5,368209.6415,96343.41631,24845.53049
2461256.542,367087.6594,99865.97573,25072.43673
2461256.583,365931.0208,103378.8769,25296.96476
2461256.625,364739.789,106881.7778,25519.09026
2461256.667,363514.0303,110374.3366,25738.78908
2461256.708,362253.8147,113856.2115,25956.03723
2461256.75,360959.2157,117327.061,26170.81091
2461256.792,359630.31,120786.5436,26383.08648
2461256.833,358267.178,124234.3182,26592.84049
2461256.875,356869.9036,127670.0438,26800.04967
2461256.917,355438.5741,131093.3798,27004.69093
2461256.958,353973.2802,134503.9859,27206.74139
2461257,352474.1163,137901.5222,27406.17833
2461257.042,350941.1802,141285.6492,27602.97926
2461257.083,349374.5733,144656.0277,27797.12185
2461257.125,347774.4004,148012.3192,27988.58402
2461257.167,346140.77,151354.1855,28177.34384
2461257.208,344473.794,154681.2891,28363.37964
2461257.25,342773.5879,157993.293,28546.66992
2461257.292,341040.2706,161289.8607,28727.19342
2461257.333,339273.9649,164570.6566,28904.92908
2461257.375,337474.7967,167835.3457,29079.85608
2461257.417,335642.8959,171083.5936,29251.95381
2461257.458,333778.3956,174315.0668,29421.20188
2461257.5,331881.4327,177529.4326,29587.58015
2461257.542,329952.1475,180726.3591,29751.06871
2461257.583,327990.684,183905.5152,29911.64787
2461257.625,325997.1898,187066.5709,30069.29819
2461257.667,323971.8158,190209.1971,30224.00047
2461257.708,321914.7169,193333.0656,30375.73577
2461257.75,319826.0512,196437.8494,30524.48538
2461257.792,317705.9805,199523.2223,30670.23086
2461257.833,315554.6703,202588.8596,30812.954
2461257.875,313372.2895,205634.4375,30952.63687
2461257.917,311159.0107,208659.6333,31089.26181
2461257.958,308915.0099,211664.1259,31222.8114
2461258,306640.4669,214647.5951,31353.26851
2461258.042,304335.5649,217609.7223,31480.61626
2461258.083,302000.4908,220550.1901,31604.83807
2461258.125,299635.4348,223468.6826,31725.91762
2461258.167,297240.5911,226364.8852,31843.83887
2461258.208,294816.1569,229238.485,31958.58607
2461258.25,292362.3335,232089.1704,32070.14377
2461258.292,289879.3253,234916.6315,32178.49679
2461258.333,287367.3406,237720.56,32283.63026
2461258.375,284826.5909,240500.6493,32385.52958
2461258.417,282257.2915,243256.5943,32484.18048
2461258.458,279659.661,245988.092,32579.56898
2461258.5,277033.9217,248694.8407,32671.68141
2461258.542,274380.2993,251376.541,32760.50441
2461258.583,271699.023,254032.8951,32846.02491
2461258.625,268990.3256,256663.6071,32928.23019
2461258.667,266254.4431,259268.3833,33007.10783
2461258.708,263491.6152,261846.9316,33082.64573
2461258.75,260702.085,264398.9624,33154.83212
2461258.792,257886.099,266924.1879,33223.65555
2461258.833,255043.9073,269422.3224,33289.10491
2461258.875,252175.7631,271893.0827,33351.16941
2461258.917,249281.9233,274336.1874,33409.83861
2461258.958,246362.648,276751.3577,33465.1024
2461259,243418.2008,279138.3169,33516.95102
2461259.042,240448.8485,281496.7909,33565.37505
2461259.083,237454.8614,283826.5077,33610.36541
2461259.125,234436.5131,286127.1979,33651.91338
2461259.167,231394.0804,288398.5947,33690.0106
2461259.208,228327.8435,290640.4336,33724.64904
2461259.25,225238.0858,292852.4528,33755.82106
2461259.292,222125.0941,295034.3933,33783.51936
2461259.333,218989.1581,297185.9985,33807.737
2461259.375,215830.5712,299307.0146,33828.46744
2461259.417,212649.6295,301397.1907,33845.70447
2461259.458,209446.6325,303456.2784,33859.44227
2461259.5,206221.8829,305484.0326,33869.67539
2461259.542,202975.6865,307480.2107,33876.39877
2461259.583,199708.352,309444.5731,33879.60771
2461259.625,196420.1913,311376.8835,33879.2979
2461259.667,193111.5195,313276.9083,33875.46542
2461259.708,189782.6544,315144.4171,33868.10672
2461259.75,186433.9171,316979.1826,33857.21866
2461259.792,183065.6314,318780.9807,33842.79847
2461259.833,179678.1242,320549.5905,33824.84379
2461259.875,176271.7253,322284.7943,33803.35264
2461259.917,172846.7673,323986.3778,33778.32345
2461259.958,169403.5856,325654.13,33749.75505
2461260,165942.5186,327287.8433,33717.64666
2461260.042,162463.9072,328887.3134,33681.99791
2461260.083,158968.0953,330452.3397,33642.80883
2461260.125,155455.4293,331982.7249,33600.07986
2461260.167,151926.2585,333478.2755,33553.81186
2461260.208,148380.9346,334938.8013,33504.00609
2461260.25,144819.8121,336364.116,33450.6642
2461260.292,141243.2479,337754.0369,33393.7883
2461260.333,137651.6014,339108.385,33333.38089
2461260.375,134045.2347,340426.9851,33269.44487
2461260.417,130424.5122,341709.6658,33201.98359
2461260.458,126789.8007,342956.2595,33131.0008
2461260.5,123141.4694,344166.6027,33056.50067
2461260.542,119479.8897,345340.5355,32978.48781
2461260.583,115805.4354,346477.9023,32896.96722
2461260.625,112118.4825,347578.5513,32811.94436
2461260.667,108419.4093,348642.3347,32723.4251
2461260.708,104708.5959,349669.109,32631.41572
2461260.75,100986.4249,350658.7346,32535.92295
2461260.792,97253.28062,351611.0763,32436.95394
2461260.833,93509.5496,352526.003,32334.51626
2461260.875,89755.62021,353403.3876,32228.61791
2461260.917,85991.88275,354243.1076,32119.26733
2461260.958,82218.72938,355045.0446,32006.47339
2461261,78436.55402,355809.0846,31890.24536
2461261.042,74645.75237,356535.1181,31770.59298
2461261.083,70846.72181,357223.0397,31647.52639
2461261.125,67039.86134,357872.7486,31521.05618
2461261.167,63225.57158,358484.1486,31391.19336
2461261.208,59404.25465,359057.1477,31257.94937
2461261.25,55576.31414,359591.6587,31121.33607
2461261.292,51742.15509,360087.5987,30981.36578
2461261.333,47902.18386,360544.8897,30838.05122
2461261.375,44056.80813,360963.458,30691.40555
2461261.417,40206.43683,361343.2346,30541.44235
2461261.458,36351.48006,361684.1554,30388.17563
2461261.5,32492.34905,361986.1607,30231.61983
2461261.542,28629.45609,362249.1956,30071.78983
2461261.583,24763.21449,362473.21,29908.70089
2461261.625,20894.03848,362658.1585,29742.36874
2461261.667,17022.34317,362804.0004,29572.80951
2461261.708,13148.54451,362910.7,29400.03975
2461261.75,9273.059163,362978.2263,29224.07644
2461261.792,5396.304522,363006.553,29044.93697
2461261.833,1518.698579,362995.6588,28862.63913
2461261.875,-2359.340106,362945.5274,28677.20117
2461261.917,-6237.39248,362856.1472,28488.6417
2461261.958,-10115.03906,362727.5114,28296.97977
2461262,-13991.86001,362559.6184,28102.23484
2461262.042,-17867.43518,362352.4713,27904.42677
2461262.083,-21741.34421,362106.0782,27703.57582
2461262.125,-25613.16658,361820.4522,27499.70266
2461262.167,-29482.48166,361495.6113,27292.82835
2461262.208,-33348.8688,361131.5785,27082.97436
2461262.25,-37211.90741,360728.3818,26870.16254
2461262.292,-41071.17701,360286.0539,26654.41514
2461262.333,-44926.25728,359804.6329,26435.75479
2461262.375,-48776.72817,359284.1617,26214.20452
2461262.417,-52622.16995,358724.688,25989.78774
2461262.458,-56462.16328,358126.2648,25762.52822
2461262.5,-60296.28928,357488.9499,25532.45013
2461262.542,-64124.12959,356812.8061,25299.57801
2461262.583,-67945.26647,356097.9012,25063.93674
2461262.625,-71759.28285,355344.3081,24825.5516
2461262.667,-75565.76238,354552.1043,24584.44822
2461262.708,-79364.28954,353721.3728,24340.65258
2461262.75,-83154.4497,352852.2011,24094.19103
2461262.792,-86935.82916,351944.6819,23845.09026
2461262.833,-90708.01526,350998.9128,23593.3773
2461262.875,-94470.59644,350014.9962,23339.07953
2461262.917,-98223.16229,348993.0395,23082.22467
2461262.958,-101965.3036,347933.1552,22822.84077
2461263,-105696.6126,346835.4602,22560.95621
2461263.042,-109416.6827,345700.0768,22296.59969
2461263.083,-113125.109,344527.1319,22029.80023
2461263.125,-116821.4877,343316.7571,21760.58716
2461263.167,-120505.4171,342069.0892,21488.99014
2461263.208,-124176.4968,340784.2693,21215.03911
2461263.25,-127834.3282,339462.4437,20938.76432
2461263.292,-131478.5146,338103.7631,20660.19633
2461263.333,-135108.6609,336708.3833,20379.36596
2461263.375,-138724.3742,335276.4645,20096.30433
2461263.417,-142325.2635,333808.1716,19811.04285
2461263.458,-145910.9397,332303.6742,19523.61318
2461263.5,-149481.0161,330763.1465,19234.04727
2461263.542,-153035.1079,329186.7673,18942.37732
2461263.583,-156572.8328,327574.7199,18648.63579
2461263.625,-160093.8107,325927.1921,18352.85539
2461263.667,-163597.6638,324244.3762,18055.06907
2461263.708,-167084.0169,322526.469,17755.31004
2461263.75,-170552.4973,320773.6716,17453.61173
2461263.792,-174002.7347,318986.1894,17150.00779
2461263.833,-177434.3616,317164.2325,16844.53211
2461263.875,-180847.0131,315308.0147,16537.21878
2461263.917,-184240.3271,313417.7547,16228.1021
2461263.958,-187613.9443,311493.6748,15917.2166
2461264,-190967.5081,309536.0018,15604.59698
2461264.042,-194300.6652,307544.9666,15290.27813
2461264.083,-197613.0649,305520.804,14974.29515
2461264.125,-200904.3597,303463.753,14656.68329
2461264.167,-204174.2053,301374.0566,14337.478
2461264.208,-207422.2603,299251.9615,14016.71487
2461264.25,-210648.1866,297097.7184,13694.42967
2461264.292,-213851.6495,294911.5819,13370.65832
2461264.333,-217032.3173,292693.8104,13045.43687
2461264.375,-220189.8619,290444.6658,12718.80154
2461264.417,-223323.9585,288164.4138,12390.78865
2461264.458,-226434.2858,285853.3239,12061.43467
2461264.5,-229520.5259,283511.6689,11730.77619