2461649.50000000,-342089.16621946,113542.22868655,-16845.78494855
2461649.54166666,-343385.19027756,109845.82879408,-17157.04794149
2461649.58333333,-344643.35415324,106137.35979677,-17466.39420899
2461649.62500000,-345863.55040793,102417.24577144,-17773.79087638
2461649.66666666,-347045.67692990,98685.91162506,-18079.20539229
2461649.70833333,-348189.63693542,94943.78301273,-18382.60553362
2461649.75000000,-349295.33896834,91191.28625582,-18683.95941043
2461649.79166666,-350362.69689814,87428.84826034,-18983.23547066
2461649.83333333,-351391.62991633,83656.89643563,-19280.40250483
2461649.87500000,-352382.06253145,79875.85861339,-19575.42965045
2461649.91666666,-353333.92456241,76086.16296701,-19868.28639648
2461649.95833333,-354247.15113041,72288.23793139,-20158.94258750
2461650.00000000,-355121.68264929,68482.51212307,-20447.36842788
2461650.04166666,-355957.46481451,64669.41426095,-20733.53448571
2461650.08333333,-356754.44859052,60849.37308742,-21017.41169669
2461650.12500000,-357512.59019684,57022.81729008,-21298.97136783
2461650.16666666,-358231.85109259,53190.17542396,-21578.18518103
2461650.20833333,-358912.19795972,49351.87583443,-21855.02519655
2461650.25000000,-359553.60268478,45508.34658062,-22129.46385628
2461650.29166666,-360156.04233938,41660.01535962,-22401.47398698
2461650.33333333,-360719.49915928,37807.30943125,-22671.02880329
2461650.37500000,-361243.96052221,33950.65554365,-22938.10191062
2461650.41666666,-361729.41892436,30090.47985951,-23202.66730800
2461650.45833333,-362175.87195560,26227.20788316,-23464.69939065
2461650.50000000,-362583.32227353,22361.26438840,-23724.17295252
2461650.54166666,-362951.77757621,18493.07334716,-23981.06318868
2461650.58333333,-363281.25057379,14623.05785901,-24235.34569752
2461650.62500000,-363571.75895897,10751.64008153,-24486.99648289
2461650.66666666,-363823.32537624,6879.24116159,-24735.99195607
2461650.70833333,-364035.97739016,3006.28116748,-24982.30893760
2461650.75000000,-364209.74745243,-866.82097793,-25225.92465901
2461650.79166666,-364344.67286799,-4739.64756317,-25466.81676438
2461650.83333333,-364440.79576005,-8611.78215315,-25704.96331183
2461650.87500000,-364498.16303419,-12482.80965314,-25940.34277480
2461650.91666666,-364516.82634147,-16352.31637174,-26172.93404327
2461650.95833333,-364496.84204054,-20219.89008290,-26402.71642484
2461651.00000000,-364438.27115899,-24085.12008681,-26629.66964564
2461651.04166666,-364341.17935372,-27947.59726980,-26853.77385121
2461651.08333333,-364205.63687049,-31806.91416317,-27075.00960714
2461651.12500000,-364031.71850268,-35662.66500095,-27293.35789967
2461651.16666666,-363819.50354928,-39514.44577658,-27508.80013618
2461651.20833333,-363569.07577208,-43361.85429847,-27721.31814547
2461651.25000000,-363280.52335222,-47204.49024447,-27930.89417806
2461651.29166666,-362953.93884594,-51041.95521527,-28137.51090622
2461651.33333333,-362589.41913981,-54873.85278661,-28341.15142402
2461651.37500000,-362187.06540519,-58699.78856043,-28541.79924720
2461651.41666666,-361746.98305222,-62519.37021487,-28739.43831297
2461651.45833333,-361269.28168316,-66332.20755307,-28934.05297961
2461651.50000000,-360754.07504524,-70137.91255096,-29125.62802611
2461651.54166666,-360201.48098295,-73936.09940379,-29314.14865158
2461651.58333333,-359611.62138992,-77726.38457158,-29499.60047464
2461651.62500000,-358984.62216030,-81508.38682342,-29681.96953264
2461651.66666666,-358320.61313976,-85281.72728057,-29861.24228084
2461651.70833333,-357619.72807605,-89046.02945852,-30037.40559147
2461651.75000000,-356882.10456929,-92800.91930777,-30210.44675270
2461651.79166666,-356107.88402179,-96546.02525359,-30380.35346750
2461651.83333333,-355297.21158772,-100280.97823456,-30547.11385245
2461651.87500000,-354450.23612239,-104005.41174003,-30710.71643642
2461651.91666666,-353567.11013134,-107718.96184638,-30871.15015921
2461651.95833333,-352647.98971915,-111421.26725222,-31028.40437004
2461652.00000000,-351693.03453817,-115111.96931241,-31182.46882603
2461652.04166666,-350702.40773692,-118790.71207102,-31333.33369055
2461652.08333333,-349676.27590849,-122457.14229311,-31480.98953155
2461652.12500000,-348614.80903875,-126110.90949546,-31625.42731972
2461652.16666666,-347518.18045448,-129751.66597621,-31766.63842669
2461652.20833333,-346386.56677142,-133379.06684335,-31904.61462309
2461652.25000000,-345220.14784231,-136992.77004219,-32039.34807653
2461652.29166666,-344019.10670489,-140592.43638174,-32170.83134958
2461652.33333333,-342783.62952988,-144177.72956005,-32299.05739765
2461652.37500000,-341513.90556903,-147748.31618844,-32424.01956676
2461652.41666666,-340210.12710316,-151303.86581478,-32545.71159136
2461652.45833333,-338872.48939037,-154844.05094568,-32664.12759199
2461652.50000000,-337501.19061420,-158368.54706770,-32779.26207296
2461652.54166666,-336096.43183198,-161877.03266748,-32891.10991989
2461652.58333333,-334658.41692326,-165369.18925097,-32999.66639730
2461652.62500000,-333187.35253851,-168844.70136165,-33104.92714610
2461652.66666666,-331683.44804784,-172303.25659781,-33206.88818103
2461652.70833333,-330146.91549002,-175744.54562881,-33305.54588805
2461652.75000000,-328577.96952157,-179168.26221047,-33400.89702172
2461652.79166666,-326976.82736624,-182574.10319951,-33492.93870253
2461652.83333333,-325343.70876460,-185961.76856706,-33581.66841415
2461652.87500000,-323678.83592390,-189330.96141134,-33667.08400073
2461652.91666666,-321982.43346825,-192681.38796937,-33749.18366406
2461652.95833333,-320254.72838906,-196012.75762789,-33827.96596077
2461653.00000000,-318495.94999573,-199324.78293340,-33903.42979950
2461653.04166666,-316706.32986676,-202617.17960137,-33975.57443800
2461653.08333333,-314886.10180105,-205889.66652462,-34044.39948022
2461653.12500000,-313035.50176964,-209141.96578091,-34109.90487342
2461653.16666666,-311154.76786778,-212373.80263976,-34172.09090516
2461653.20833333,-309244.14026730,-215584.90556844,-34230.95820039
2461653.25000000,-307303.86116946,-218775.00623729,-34286.50771841
2461653.29166666,-305334.17475810,-221943.83952422,-34338.74074986
2461653.33333333,-303335.32715317,-225091.14351852,-34387.65891373
2461653.37500000,-301307.56636479,-228216.65952400,-34433.26415430
2461653.41666666,-299251.14224754,-231320.13206136,-34475.55873807
2461653.45833333,-297166.30645533,-234401.30886996,-34514.54525073
2461653.50000000,-295053.31239662,-237459.94090887,-34550.22659404
2461653.54166666,-292912.41519010,-240495.78235735,-34582.60598279
2461653.58333333,-290743.87162076,-243508.59061462,-34611.68694170
2461653.62500000,-288547.94009654,-246498.12629910,-34637.47330230
2461653.66666666,-286324.88060529,-249464.15324699,-34659.96919987
2461653.70833333,-284074.95467229,-252406.43851031,-34679.17907031
2461653.75000000,-281798.42531820,-255324.75235437,-34695.10764706
2461653.79166666,-279495.55701749,-258218.86825471,-34707.75995796
2461653.83333333,-277166.61565735,-261088.56289348,-34717.14132220
2461653.87500000,-274811.86849710,-263933.61615529,-34723.25734720
2461653.91666666,-272431.58412803,-266753.81112267,-34726.11392551
2461653.95833333,-270026.03243380,-269548.93407088,-34725.71723171
2461654.00000000,-267595.48455130,-272318.77446239,-34722.07371936
2461654.04166666,-265140.21283196,-275063.12494086,-34715.19011790
2461654.08333333,-262660.49080366,-277781.78132466,-34705.07342961
2461654.12500000,-260156.59313303,-280474.54260000,-34691.73092650
2461654.16666666,-257628.79558834,-283141.21091362,-34675.17014731
2461654.20833333,-255077.37500279,-285781.59156515,-34655.39889446
2461654.25000000,-252502.60923844,-288395.49299900,-34632.42523102
2461654.29166666,-249904.77715048,-290982.72679597,-34606.25747771
2461654.33333333,-247284.15855215,-293543.10766444,-34576.90420987
2461654.37500000,-244641.03418006,-296076.45343130,-34544.37425453
2461654.41666666,-241975.68566005,-298582.58503248,-34508.67668739
2461654.45833333,-239288.39547357,-301061.32650321,-34469.82082992
2461654.50000000,-236579.44692453,-303512.50496800,-34427.81624637
2461654.54166666,-233849.12410662,-305935.95063029,-34382.67274089
2461654.58333333,-231097.71187121,-308331.49676189,-34334.40035465
2461654.62500000,-228325.49579567,-310698.97969208,-34283.00936289
2461654.66666666,-225532.76215221,-313038.23879657,-34228.51027214
2461654.70833333,-222719.79787723,-315349.11648615,-34170.91381732
2461654.75000000,-219886.89054109,-317631.45819514,-34110.23095897
2461654.79166666,-217034.32831845,-319885.11236963,-34046.47288041
2461654.83333333,-214162.39995904,-322109.93045556,-33979.65098498
2461654.87500000,-211271.39475890,-324305.76688654,-33909.77689330
2461654.91666666,-208361.60253214,-326472.47907157,-33836.86244052
2461654.95833333,-205433.31358314,-328609.92738256,-33760.91967362
2461655.00000000,-202486.81867918,-330717.97514169,-33681.96084870
2461655.04166666,-199522.40902364,-332796.48860868,-33599.99842837
2461655.08333333,-196540.37622954,-334845.33696785,-33515.04507908
2461655.12500000,-193541.01229363,-336864.39231510,-33427.11366847
2461655.16666666,-190524.60957084,-338853.52964483,-33336.21726288
2461655.20833333,-187491.46074925,-340812.62683664,-33242.36912467
2461655.25000000,-184441.85882548,-342741.56464205,-33145.58270976
2461655.29166666,-181376.09708051,-344640.22667108,-33045.87166511
2461655.33333333,-178294.46905589,-346508.49937876,-32943.24982618
2461655.37500000,-175197.26853048,-348346.27205157,-32837.73121454
2461655.41666666,-172084.78949750,-350153.43679388,-32729.33003536
2461655.45833333,-168957.32614205,-351929.88851422,-32618.06067505
2461655.50000000,-165815.17281904,-353675.52491167,-32503.93769887
2461655.54166666,-162658.62403150,-355390.24646207,-32386.97584856
2461655.58333333,-159487.97440935,-357073.95640430,-32267.19003998
2461655.62500000,-156303.51868845,-358726.56072646,-32144.59536086
2461655.66666666,-153105.55169014,-360347.96815218,-32019.20706848
2461655.70833333,-149894.36830113,-361938.09012673,-31891.04058745
2461655.75000000,-146670.26345376,-363496.84080332,-31760.11150743
2461655.79166666,-143433.53210661,-365024.13702927,-31626.43558098
2461655.83333333,-140184.46922552,-366519.89833231,-31490.02872135
2461655.87500000,-136923.36976491,-367984.04690678,-31350.90700035
2461655.91666666,-133650.52864952,-369416.50759999,-31209.08664624
2461655.95833333,-130366.24075645,-370817.20789850,-31064.58404159
2461656.00000000,-127070.80089750,-372186.07791451,-30917.41572126
2461656.04166666,-123764.50380198,-373523.05037229,-30767.59837030
2461656.08333333,-120447.64409966,-374828.06059460,-30615.14882198
2461656.12500000,-117120.51630423,-376101.04648925,-30460.08405579
2461656.16666666,-113783.41479689,-377341.94853566,-30302.42119543
2461656.20833333,-110436.63381043,-378550.70977150,-30142.17750691
2461656.25000000,-107080.46741346,-379727.27577943,-29979.37039662
2461656.29166666,-103715.20949503,-380871.59467383,-29814.01740942
2461656.33333333,-100341.15374949,-381983.61708773,-29646.13622682
2461656.37500000,-96958.59366168,-383063.29615972,-29475.74466506
2461656.41666666,-93567.82249232,-384110.58752097,-29302.86067337
2461656.45833333,-90169.13326377,-385125.44928236,-29127.50233211
2461656.50000000,-86762.81874598,-386107.84202171,-28949.68785104
2461656.54166666,-83349.17144271,-387057.72877105,-28769.43556756
2461656.58333333,-79928.48357805,-387975.07500406,-28586.76394499
2461656.62500000,-76501.04708311,-388859.84862356,-28401.69157084
2461656.66666666,-73067.15358301,-389712.01994911,-28214.23715519
2461656.70833333,-69627.09438409,-390531.56170473,-28024.41952897
2461656.75000000,-66181.16046133,-391318.44900673,-27832.25764237
2461656.79166666,-62729.64244601,-392072.65935167,-27637.77056321
2461656.83333333,-59272.83061357,-392794.17260435,-27440.97747536
2461656.87500000,-55811.01487169,-393482.97098605,-27241.89767716
2461656.91666666,-52344.48474860,-394139.03906275,-27040.55057990
2461656.95833333,-48873.52938152,-394762.36373358,-26836.95570624
2461657.00000000,-45398.43750534,-395352.93421930,-26631.13268877
2461657.04166666,-41919.49744151,-395910.74205099,-26423.10126849
2461657.08333333,-38436.99708702,-396435.78105878,-26212.88129333
2461657.12500000,-34951.22390367,-396928.04736079,-26000.49271674
2461657.16666666,-31462.46490743,-397387.53935209,-25785.95559624
2461657.20833333,-27971.00665796,-397814.25769391,-25569.29009203
2461657.25000000,-24477.13524836,-398208.20530287,-25350.51646558
2461657.29166666,-20981.13629498,-398569.38734042,-25129.65507826
2461657.33333333,-17483.29492745,-398897.81120232,-24906.72639002
2461657.37500000,-13983.89577878,-399193.48650836,-24681.75095803
2461657.41666666,-10483.22297571,-399456.42509214,-24454.74943534
2461657.45833333,-6981.56012904,-399686.64099095,-24225.74256963
2461657.50000000,-3479.19032421,-399884.15043589,-23994.75120188
2461657.54166666,23.60388805,-400048.97184200,-23761.79626513
2461657.58333333,3526.54050099,-400181.12579861,-23526.89878323
2461657.62500000,7029.33806092,-400280.63505977,-23290.07986957
2461657.66666666,10531.71567625,-400347.52453482,-23051.36072588
2461657.70833333,14033.39302640,-400381.82127911,-22810.76264104
2461657.75000000,17534.09037063,-400383.55448484,-22568.30698985
2461657.79166666,21033.52855680,-400352.75547202,-22324.01523188
2461657.83333333,24531.42902997,-400289.45767954,-22077.90891029
2461657.87500000,28027.51384099,-400193.69665642,-21830.00965068
2461657.91666666,31521.50565502,-400065.51005317,-21580.33915996
2461657.95833333,35013.12775992,-399904.93761323,-21328.91922521
2461658.00000000,38502.10407463,-399712.02116458,-21075.77171257
2461658.04166666,41988.15915744,-399486.80461149,-20820.91856615
2461658.08333333,45471.01821427,-399229.33392635,-20564.38180691
2461658.12500000,48950.40710678,-398939.65714162,-20306.18353162
2461658.16666666,52426.05236060,-398617.82434198,-20046.34591173
2461658.20833333,55897.68117336,-398263.88765647,-19784.89119239
2461658.25000000,59365.02142273,-397877.90125087,-19521.84169133
2461658.29166666,62827.80167449,-397459.92132016,-19257.21979787
2461658.33333333,66285.75119046,-397010.00608100,-18991.04797183
2461658.37500000,69738.59993648,-396528.21576452,-18723.34874259
2461658.41666666,73186.07859033,-396014.61260902,-18454.14470801
2461658.45833333,76627.91854964,-395469.26085291,-18183.45853344
2461658.50000000,80063.85193978,-394892.22672771,-17911.31295075
2461658.54166666,83493.61162175,-394283.57845117,-17637.73075729
2461658.58333333,86916.93120001,-393643.38622049,-17362.73481497
2461658.62500000,90333.54503038,-392971.72220564,-17086.34804922
2461658.66666666,93743.18822790,-392268.66054280,-16808.59344807
2461658.70833333,97145.59667466,-391534.27732786,-16529.49406115
2461658.75000000,100540.50702768,-390768.65061007,-16249.07299875
2461658.79166666,103927.65672679,-389971.86038576,-15967.35343088
2461658.83333333,107306.78400249,-389143.98859212,-15684.35858628
2461658.87500000,110677.62788388,-388285.11910113,-15400.11175151
2461658.91666666,114039.92820652,-387395.33771357,-15114.63627000
2461658.95833333,117393.42562041,-386474.73215304,-14827.95554112
2461659.00000000,120737.86159792,-385523.39206018,-14540.09301924
2461659.04166666,124072.97844177,-384541.40898689,-14251.07221280
2461659.08333333,127398.51929306,-383528.87639064,-13960.91668339
2461659.12500000,130714.22813926,-382485.88962891,-13669.65004482
2461659.16666666,134019.84982235,-381412.54595363,-13377.29596222
2461659.20833333,137315.13004686,-380308.94450574,-13083.87815107
2461659.25000000,140599.81538807,-379175.18630980,-12789.42037636
2461659.29166666,143873.65330017,-378011.37426870,-12493.94645157
2461659.33333333,147136.39212450,-376817.61315837,-12197.48023787
2461659.37500000,150387.78109783,-375594.00962261,-11900.04564310
2461659.41666666,153627.57036067,-374340.67216797,-11601.66662094
2461659.45833333,156855.51096569,-373057.71115865,-11302.36716993
2461659.50000000,160071.35488609,-371745.23881148,-11002.17133258
2461659.54166666,163274.85502412,-370403.36919097,-10701.10319448
2461659.58333333,166465.76521960,-369032.21820438,-10399.18688334
2461659.62500000,169643.84025855,-367631.90359683,-10096.44656808
2461659.66666666,172808.83588180,-366202.54494646,-9792.90645795
2461659.70833333,175960.50879374,-364744.26365967,-9488.59080155
2461659.75000000,179098.61667111,-363257.18296631,-9183.52388595
2461659.79166666,182222.91817181,-361741.42791499,-8877.73003575
2461659.83333333,185333.17294385,-360197.12536838,-8571.23361215
2461659.87500000,188429.14163432,-358624.40399853,-8264.05901201
2461659.91666666,191510.58589845,-357023.39428223,-7956.23066692
2461659.95833333,194577.26840871,-355394.22849642,-7647.77304230
2461660.00000000,197628.95286402,-353737.04071352,-7338.71063638
2461660.04166666,200665.40399905,-352051.96679692,-7029.06797932
2461660.08333333,203686.38759349,-350339.14439638,-6718.86963225
2461660.12500000,206691.67048153,-348598.71294344,-6408.14018628
2461660.16666666,209681.02056135,-346830.81364689,-6096.90426156
2461660.20833333,212654.20680467,-345035.58948825,-5785.18650635
2461660.25000000,215610.99926641,-343213.18521715,-5473.01159600
2461660.29166666,218551.16909441,-341363.74734682,-5160.40423198
2461660.33333333,221474.48853929,-339487.42414954,-4847.38914094
2461660.37500000,224380.73096428,-337584.36565205,-4533.99107369
2461660.41666666,227269.67085523,-335654.72363099,-4220.23480419
2461660.45833333,230141.08383065,-333698.65160830,-3906.14512861
2461660.50000000,232994.74665187,-331716.30484661,-3591.74686427
2461660.54166666,235830.43723321,-329707.84034461,-3277.06484865
2461660.58333333,238647.93465237,-327673.41683242,-2962.12393835
2461660.62500000,241447.01916072,-325613.19476686,-2646.94900811
2461660.66666666,244227.47219384,-323527.33632680,-2331.56494971
2461660.70833333,246989.07638206,-321416.00540837,-2015.99667101
2461660.75000000,249731.61556107,-319279.36762022,-1700.26909480
2461660.79166666,252454.87478270,-317117.59027868,-1384.40715784
2461660.83333333,255158.64032565,-314930.84240289,-1068.43580973
2461660.87500000,257842.69970647,-312719.29470995,-752.38001186
2461660.91666666,260506.84169047,-310483.11960991,-436.26473633
2461660.95833333,263150.85630279,-308222.49120078,-120.11496484
2461661.00000000,265774.53483958,-305937.58526352,196.04431237
2461661.04166666,268377.66987917,-303628.57925686,512.18809767
2461661.08333333,270960.05529343,-301295.65231218,828.29138715
2461661.12500000,273521.48625911,-298938.98522824,1144.32917173
2461661.16666666,276061.75926937,-296558.76046590,1460.27643830
2461661.20833333,278580.67214529,-294155.16214274,1776.10817088
2461661.25000000,281078.02404749,-291728.37602761,2091.79935175
2461661.29166666,283553.61548790,-289278.58953513,2407.32496265
2461661.33333333,286007.24834150,-286805.99172010,2722.65998593
2461661.37500000,288438.72585823,-284310.77327178,3037.77940573
2461661.41666666,290847.85267489,-281793.12650819,3352.65820920
2461661.45833333,293234.43482720,-279253.24537023,3667.27138768
2461661.50000000,295598.27976191,-276691.32541575,3981.59393792
2461661.54166666,297939.19634893,-274107.56381355,4295.60086333
2461661.58333333,300256.99489359,-271502.15933723,4609.26717519
2461661.62500000,302551.48714901,-268875.31235897,4922.56789388
2461661.66666666,304822.48632839,-266227.22484325,5235.47805019
2461661.70833333,307069.80711758,-263558.10034040,5547.97268655
2461661.75000000,309293.26568752,-260868.14398008,5860.02685831
2461661.79166666,311492.67970687,-258157.56246465,6171.61563503
2461661.83333333,313667.86835467,-255426.56406243,6482.71410181
2461661.87500000,315818.65233306,-252675.35860085,6793.29736054
2461661.91666666,317944.85388006,-249904.15745945,7103.34053128
2461661.95833333,320046.29678241,-247113.17356283,7412.81875357
2461662.00000000,322122.80638851,-244302.62137339,7721.70718776
2461662.04166666,324174.20962132,-241472.71688404,8029.98101640
2461662.08333333,326200.33499145,-238623.67761073,8337.61544555
2461662.12500000,328201.01261017,-235755.72258484,8644.58570623
2461662.16666666,330176.07420257,-232869.07234550,8950.86705572
2461662.20833333,332125.35312073,-229963.94893169,9256.43477905
2461662.25000000,334048.68435693,-227040.57587431,9561.26419034
2461662.29166666,335945.90455692,-224099.17818801,9865.33063425
2461662.33333333,337816.85203326,-221139.98236296,10168.60948740
2461662.37500000,339661.36677861,-218163.21635644,10471.07615982
2461662.41666666,341479.29047922,-215169.10958429,10772.70609643
2461662.45833333,343270.46652826,-212157.89291221,11073.47477843
2461662.50000000,345034.74003937,-209129.79864694,11373.35772486
2461662.54166666,346771.95786012,-206085.06052726,11672.33049403
2461662.58333333,348481.96858556,-203023.91371484,11970.36868503
2461662.62500000,350164.62257174,-199946.59478498,12267.44793925
2461662.66666666,351819.77194938,-196853.34171713,12563.54394189
2461662.70833333,353447.27063741,-193744.39388529,12858.63242348
2461662.75000000,355046.97435662,-190619.99204824,13152.68916144
2461662.79166666,356618.74064333,-187480.37833965,13445.68998160
2461662.83333333,358162.42886306,-184325.79625796,13737.61075980
2461662.87500000,359677.90022419,-181156.49065613,14028.42742340
2461662.91666666,361165.01779169,-177972.70773123,14318.11595295
2461662.95833333,362623.64650077,-174774.69501389,14606.65238368
2461663.00000000,364053.65317067,-171562.70135748,14894.01280717
2461663.04166666,365454.90651829,-168336.97692727,15180.17337294
2461663.08333333,366827.27717198,-165097.77318927,15465.11029006
2461663.12500000,368170.63768520,-161845.34289902,15748.79982882
2461663.16666666,369484.86255025,-158579.94009012,16031.21832229
2461663.20833333,370769.82821200,-155301.82006263,16312.34216806
2461663.25000000,372025.41308153,-152011.23937129,16592.14782984
2461663.29166666,373251.49754985,-148708.45581355,16870.61183915
2461663.33333333,374447.96400155,-145393.72841742,17147.71079697
2461663.37500000,375614.69682844,-142067.31742918,17423.42137547
2461663.41666666,376751.58244321,-138729.48430084,17697.72031968
2461663.45833333,377858.50929297,-135380.49167748,17970.58444918
2461663.50000000,378935.36787291,-132020.60338441,18241.99065983
2461663.54166666,379982.05073975,-128650.08441407,18511.91592548
2461663.58333333,380998.45252532,-125269.20091287,18780.33729971
2461663.62500000,381984.46995002,-121878.22016771,19047.23191755
2461663.66666666,382940.00183624,-118477.41059246,19312.57699722
2461663.70833333,383864.94912178,-115067.04171412,19576.34984191
2461663.75000000,384759.21487318,-111647.38415887,19838.52784151
2461663.79166666,385622.70429905,-108218.70963795,20099.08847438
2461663.83333333,386455.32476331,-104781.29093329,20358.00930914
2461663.87500000,387256.98579838,-101335.40188301,20615.26800642
2461663.91666666,388027.59911835,-97881.31736668,20870.84232067
2461663.95833333,388767.07863205,-94419.31329047,21124.71010195
2461664.00000000,389475.34045606,-90949.66657204,21376.84929772
2461664.04166666,390152.30292770,-87472.65512526,21627.23795465
2461664.08333333,390797.88661791,-83988.55784480,21875.85422041
2461664.12500000,391412.01434403,-80497.65459043,22122.67634555
2461664.16666666,391994.61118261,-77000.22617123,22367.68268523
2461664.20833333,392545.60448202,-73496.55432956,22610.85170112
2461664.25000000,393064.92387506,-69986.92172486,22852.16196320
2461664.29166666,393552.50129149,-66471.61191725,23091.59215160
2461664.33333333,394008.27097038,-62950.90935098,23329.12105846
2461664.37500000,394432.16947252,-59425.09933763,23564.72758974
2461664.41666666,394824.13569259,-55894.46803923,23798.39076708
2461664.45833333,395184.11087135,-52359.30245103,24030.08972970
2461664.50000000,395512.03860766,-48819.89038427,24259.80373619
2461664.54166666,395807.86487041,-45276.52044867,24487.51216641
2461664.58333333,396071.53801042,-41729.48203468,24713.19452334
2461664.62500000,396303.00877211,-38179.06529571,24936.83043495
2461664.66666666,396502.23030514,-34625.56113001,25158.39965608
2461664.70833333,396669.15817597,-31069.26116248,25377.88207027
2461664.75000000,396803.75037919,-27510.45772623,25595.25769171
2461664.79166666,396905.96734885,-23949.44384404,25810.50666704
2461664.83333333,396975.77196962,-20386.51320953,26023.60927726
2461664.87500000,397013.12958780,-16821.96016829,26234.54593962
2461664.91666666,397018.00802225,-13256.07969869,26443.29720947
2461664.95833333,396990.37757517,-9689.16739262,26649.84378217
2461665.00000000,396930.21104276,-6121.51943600,26854.16649495
2461665.04166666,396837.48372574,-2553.43258916,27056.24632882
2461665.08333333,396712.17343973,1014.79583302,27256.06441040
2461665.12500000,396554.26052548,4582.86798104,27453.60201387
2461665.16666666,396363.72785901,8150.48549100,27648.84056281
2461665.20833333,396140.56086152,11717.34950490,27841.76163206
2461665.25000000,395884.74750924,15283.16069113,28032.34694968
2461665.29166666,395596.27834310,18847.61926515,28220.57839874
2461665.33333333,395275.14647821,22410.42501031,28406.43801925
2461665.37500000,394921.34761323,25971.27729884,28589.90801004
2461665.41666666,394534.88003959,29529.87511299,28770.97073058
2461665.45833333,394115.74465052,33085.91706638,28949.60870295
2461665.50000000,393663.94494992,36639.10142545,29125.80461359
2461665.54166666,393179.48706113,40189.12613108,29299.54131528
2461665.58333333,392662.37973543,43735.68882040,29470.80182894
2461665.62500000,392112.63436044,47278.48684872,29639.56934549
2461665.66666666,391530.26496836,50817.21731165,29805.82722775
2461665.70833333,390915.28824402,54351.57706729,29969.55901227
2461665.75000000,390267.72353270,57881.26275870,30130.74841117
2461665.79166666,389587.59284790,61405.97083638,30289.37931401
2461665.83333333,388874.92087879,64925.39758100,30445.43578964
2461665.87500000,388129.73499760,68439.23912625,30598.90208798
2461665.91666666,387352.06526675,71947.19148176,30749.76264194
2461665.95833333,386541.94444582,75448.95055629,30898.00206919
2461666.00000000,385699.40799836,78944.21218095,31043.60517399
2461666.04166666,384824.49409846,82432.67213261,31186.55694904
2461666.08333333,383917.24363717,85914.02615743,31326.84257724
2461666.12500000,382977.70022872,89387.96999455,31464.44743356
2461666.16666666,382005.91021657,92854.19939987,31599.35708678
2461666.20833333,381001.92267917,96312.41017001,31731.55730133
2461666.25000000,379965.78943566,99762.29816634,31861.03403905
2461666.29166666,378897.56505129,103203.55933919,31987.77346098
2461666.33333333,377797.30684263,106635.88975217,32111.76192914
2461666.37500000,376665.07488263,110058.98560662,32232.98600827
2461666.41666666,375500.93200542,113472.54326611,32351.43246765
2461666.45833333,374304.94381098,116876.25928123,32467.08828276
2461666.50000000,373077.17866951,120269.83041428,32579.94063711
2461666.54166666,371817.70772570,123652.95366426,32689.97692392
2461666.58333333,370526.60490267,127025.32629188,32797.18474786
2461666.62500000,369203.94690580,130386.64584468,32901.55192680
2461666.66666666,367849.81322631,133736.61018232,33003.06649346
2461666.70833333,366464.28614460,137074.91750196,33101.71669716
2461666.75000000,365047.45073345,140401.26636365,33197.49100550
2461666.79166666,363599.39486090,143715.35571602,33290.37810602
2461666.83333333,362120.20919302,147016.88492186,33380.36690790
2461666.87500000,360609.98719638,150305.55378397,33467.44654361
2461666.91666666,359068.82514034,153581.06257102,33551.60637057
2461666.95833333,357496.82209910,156843.11204354,33632.83597277
2461667.00000000,355894.07995357,160091.40347999,33711.12516243
2461667.04166666,354260.70339294,163325.63870293,33786.46398163
2461667.08333333,352596.79991612,166545.52010533,33858.84270387
2461667.12500000,350902.47983284,169750.75067686,33928.25183571
2461667.16666666,349177.85626465,172941.03403040,33994.68211838
2461667.20833333,347423.04514561,176116.07442856,34058.12452929
2461667.25000000,345638.16522274,179275.57681028,34118.57028367
2461667.29166666,343823.33805631,182419.24681757,34176.01083607
2461667.33333333,341978.68801984,185546.79082230,34230.43788193
2461667.37500000,340104.34229989,188657.91595306,34281.84335912
2461667.41666666,338200.43089562,191752.33012212,34330.21944943
2461667.45833333,336267.08661809,194829.74205245,34375.55858010
2461667.50000000,334304.44508935,197889.86130487,34417.85342530
2461667.54166666,332312.64474130,200932.39830518,34457.09690763
2461667.58333333,330291.82681431,203957.06437148,34493.28219958
2461667.62500000,328242.13535552,206963.57174142,34526.40272496
2461667.66666666,326163.71721706,209951.63359970,34556.45216040
2461667.70833333,324056.72205389,212920.96410544,34583.42443674
2461667.75000000,321921.30232145,215871.27841980,34607.31374043
2461667.79166666,319757.61327306,218802.29273355,34628.11451499
2461667.83333333,317565.81295710,221713.72429471,34645.82146236
2461667.87500000,315346.06221393,224605.29143634,34660.42954426
2461667.91666666,313098.52467253,227476.71360431,34671.93398359
2461667.95833333,310823.36674692,230327.71138513,34680.33026577
2461668.00000000,308520.75763237,233158.00653390,34685.61414005
2461668.04166666,306190.86930129,235967.32200227,34687.78162084
2461668.08333333,303833.87649892,238755.38196646,34686.82898903
2461668.12500000,301449.95673874,241521.91185534,34682.75279323
2461668.16666666,299039.29029763,244266.63837860,34675.54985112
2461668.20833333,296602.06021082,246989.28955487,34665.21725063
2461668.25000000,294138.45226650,249689.59474006,34651.75235123
2461668.29166666,291648.65500023,252367.28465554,34635.15278516
2461668.33333333,289132.85968913,255022.09141658,34615.41645862
2461668.37500000,286591.26034570,257653.74856064,34592.54155295
2461668.41666666,284024.05371148,260261.99107588,34566.52652587
2461668.45833333,281431.43925038,262846.55542959,34537.37011258
2461668.50000000,278813.61914182,265407.17959672,34505.07132694
2461668.54166666,276170.79827352,267943.60308846,34469.62946262
2461668.58333333,273503.18423408,270455.56698080,34431.04409416
2461668.62500000,270810.98730529,272942.81394320,34389.31507810
2461668.66666666,268094.42045414,275405.08826727,34344.44255408
2461668.70833333,265353.69932458,277842.13589547,34296.42694586
2461668.75000000,262589.04222901,280253.70444988,34245.26896239
2461668.79166666,259800.67013947,282639.54326096,34190.96959885
2461668.83333333,256988.80667860,284999.40339641,34133.53013761
2461668.87500000,254153.67811029,287333.03768995,34072.95214930
2461668.91666666,251295.51333003,289640.20077029,34009.23749370
2461668.95833333,248414.54385506,291920.64908995,33942.38832077
2461669.00000000,245511.00381410,294174.14095427,33872.40707152
2461669.04166666,242585.12993695,296400.43655033,33799.29647899
2461669.08333333,239637.16154371,298599.29797594,33723.05956910
2461669.12500000,236667.34053369,300770.48926867,33643.69966155
2461669.16666666,233675.91137412,302913.77643486,33561.22037070
2461669.20833333,230663.12108850,305028.92747872,33475.62560637
2461669.25000000,227629.21924465,307115.71243132,33386.91957468
2461669.29166666,224574.45794249,309173.90337975,33295.10677887
2461669.33333333,221499.09180156,311203.27449621,33200.19202003
2461669.37500000,218403.37794809,313203.60206710,33102.18039791
2461669.41666666,215287.57600197,315174.66452219,33001.07731163
2461669.45833333,212151.94806324,317116.24246373,32896.88846042
2461669.50000000,208996.75869837,319028.11869563,32789.61984427
2461669.54166666,205822.27492617,320910.07825257,32679.27776465
2461669.58333333,202628.76620345,322761.90842925,32565.86882515
2461669.62500000,199416.50441029,324583.39880946,32449.39993208
2461669.66666666,196185.76383504,326374.34129531,32329.87829513
2461669.70833333,192936.82115897,328134.53013638,32207.31142790
2461669.75000000,189669.95544063,329863.76195887,32081.70714849
2461669.79166666,186385.44809983,331561.83579480,31953.07358003
2461669.83333333,183083.58290134,333228.55311113,31821.41915118
2461669.87500000,179764.64593822,334863.71783890,31686.75259664
2461669.91666666,176428.92561482,336467.13640237,31549.08295761
2461669.95833333,173076.71262945,338038.61774816,31408.41958221
2461670.00000000,169708.29995672,339577.97337433,31264.77212591
2461670.04166666,166323.98282949,341085.01735943,31118.15055190
2461670.08333333,162924.05872051,342559.56639163,30968.56513149
2461670.12500000,159508.82732370,344001.43979769,30816.02644440
2461670.16666666,156078.59053503,345410.45957199,30660.54537909
2461670.20833333,152633.65243313,346786.45040551,30502.13313303
2461670.25000000,149174.31925947,348129.23971476,30340.80121299
2461670.29166666,145700.89939815,349438.65767068,30176.56143521
2461670.33333333,142213.70335543,350714.53722753,30009.42592563
2461670.37500000,138713.04373875,351956.71415166,29839.40712005
2461670.41666666,135199.23523549,353165.02705032,29666.51776429
2461670.45833333,131672.59459130,354339.31740035,29490.77091424
2461670.50000000,128133.44058799,355479.42957689,29312.17993602
2461670.54166666,124582.09402119,356585.21088191,29130.75850595
2461670.58333333,121018.87767742,357656.51157283,28946.52061062
2461670.62500000,117444.11631096,358693.18489094,28759.48054686
2461670.66666666,113858.13662017,359695.08708980,28569.65292166
2461670.70833333,110261.26722349,360662.07746362,28377.05265216
2461670.75000000,106653.83863502,361594.01837543,28181.69496546
2461670.79166666,103036.18323969,362490.77528529,27983.59539853
2461670.83333333,99408.63526801,363352.21677835,27782.76979799
2461670.87500000,95771.53077040,364178.21459279,27579.23431992
2461670.91666666,92125.20759114,364968.64364775,27373.00542961
2461670.95833333,88470.00534187,365723.38207103,27164.09990123
2461671.00000000,84806.26537463,366442.31122677,26952.53481758
2461671.04166666,81134.33075454,367125.31574302,26738.32756965
2461671.08333333,77454.54623200,367772.28353908,26521.49585628
2461671.12500000,73767.25821446,368383.10585285,26302.05768370
2461671.16666666,70072.81473779,368957.67726792,26080.03136506
2461671.20833333,66371.56543713,369495.89574064,25855.43551990
2461671.25000000,62663.86151738,369997.66262691,25628.28907361
2461671.29166666,58950.05572315,370462.88270892,25398.61125686
2461671.33333333,55230.50230837,370891.46422167,25166.42160492
2461671.37500000,51505.55700534,371283.31887936,24931.73995698
2461671.41666666,47775.57699334,371638.36190156,24694.58645548
2461671.45833333,44040.92086688,371956.51203925,24454.98154531
2461671.50000000,40301.94860332,372237.69160058,24212.94597300
2461671.54166666,36559.02153015,372481.82647657,23968.50078588
2461671.58333333,32812.50229178,372688.84616643,23721.66733119
2461671.62500000,29062.75481577,372858.68380285,23472.46725512
2461671.66666666,25310.14427872,372991.27617690,23220.92250186
2461671.70833333,21555.03707156,373086.56376278,22967.05531249
2461671.75000000,17797.80076447,373144.49074235,22710.88822400
2461671.79166666,14038.80407118,373165.00502936,22452.44406806
2461671.83333333,10278.41681295,373148.05829343,22191.74596991
2461671.87500000,6517.00988193,373093.60598379,21928.81734711
2461671.91666666,2754.95520410,373001.60735271,21663.68190825
2461671.95833333,-1007.37429832,372872.02547864,21396.36365164
2461672.00000000,-4769.60474486,372704.82728912,21126.88686390
2461672.04166666,-8531.36133543,372499.98358327,20855.27611856
2461672.08333333,-12292.26838930,372257.46905407,20581.55627456
2461672.12500000,-16051.94938469,371977.26231024,20305.75247471
2461672.16666666,-19810.02699872,371659.34589781,20027.89014410
2461672.20833333,-23566.12314801,371303.70632134,19747.99498843
2461672.25000000,-27319.85902967,370910.33406480,19466.09299235
2461672.29166666,-31070.85516278,370479.22361203,19182.21041768
2461672.33333333,-34818.73143047,370010.37346683,18896.37380158
2461672.37500000,-38563.10712234,369503.78617273,18608.60995468
2461672.41666666,-42303.60097751,368959.46833223,18318.94595919
2461672.45833333,-46039.83122809,368377.43062575,18027.40916686
2461672.50000000,-49771.41564317,367757.68783004,17734.02719696
2461672.54166666,-53497.97157327,367100.25883623,17438.82793415
2461672.58333333,-57219.11599531,366405.16666738,17141.83952637
2461672.62500000,-60934.46555807,365672.43849558,16843.09038252
2461672.66666666,-64643.63662808,364902.10565859,16542.60917025
2461672.70833333,-68346.24533605,364094.20367599,16240.42481359
2461672.75000000,-72041.90762378,363248.77226477,15936.56649052
2461672.79166666,-75730.23929146,362365.85535447,15631.06363049
2461672.83333333,-79410.85604556,361445.50110179,15323.94591191
2461672.87500000,-83083.37354711,360487.76190459,15015.24325955
2461672.91666666,-86747.40746048,359492.69441544,14704.98584181
2461672.95833333,-90402.57350258,358460.35955449,14393.20406808
2461673.00000000,-94048.48749256,357390.82252185,14079.92858588
2461673.04166666,-97684.76540192,356284.15280934,13765.19027802
2461673.08333333,-101311.02340510,355140.42421165,13449.02025968
2461673.12500000,-104926.87793047,353959.71483684,13131.44987540
2461673.16666666,-108531.94571177,352742.10711623,12812.51069604
2461673.20833333,-112125.84383998,351487.68781370,12492.23451563
2461673.25000000,-115708.18981561,350196.54803422,12170.65334822
2461673.29166666,-119278.60160136,348868.78323179,11847.79942457
2461673.33333333,-122836.69767524,347504.49321665,11523.70518887
2461673.37500000,-126382.09708403,346103.78216185,11198.40329529
2461673.41666666,-129914.41949719,344666.75860900,10871.92660458
2461673.45833333,-133433.28526105,343193.53547341,10544.30818050
2461673.50000000,-136938.31545346,341684.23004843,10215.58128625
2461673.54166666,-140429.13193875,340138.96400901,9885.77938077
2461673.58333333,-143905.35742303,338557.86341456,9554.93611504
2461673.62500000,-147366.61550987,336941.05871098,9223.08532825
2461673.66666666,-150812.53075623,335288.68473195,8890.26104398
2461673.70833333,-154242.72872879,333600.88069934,8556.49746620
2461673.75000000,-157656.83606048,331877.79022288,8221.82897531
2461673.79166666,-161054.48050743,330119.56129893,7886.29012406
2461673.83333333,-164435.29100604,328326.34630847,7549.91563339
2461673.87500000,-167798.89773042,326498.30201423,7212.74038826
2461673.91666666,-171144.93215009,324635.58955686,6874.79943336
2461673.95833333,-174473.02708778,322738.37445038,6536.12796877
2461674.00000000,-177782.81677765,320806.82657659,6196.76134553
2461674.04166666,-181073.93692349,318841.12017870,5856.73506124
2461674.08333333,-184346.02475731,316841.43385395,5516.08475544
2461674.12500000,-187598.71909800,314807.95054536,5174.84620509
2461674.16666666,-190831.66041010,312740.85753256,4833.05531984
2461674.20833333,-194044.49086287,310640.34642163,4490.74813733
2461674.25000000,-197236.85438929,308506.61313403,4147.96081841
2461674.29166666,-200408.39674532,306339.85789455,3804.72964227
2461674.33333333,-203558.76556918,304140.28521825,3461.09100154
2461674.37500000,-206687.61044067,301908.10389653,3117.08139730
2461674.41666666,-209794.58294060,299643.52698206,2772.73743405
2461674.45833333,-212879.33671024,297346.77177284,2428.09581462
2461674.50000000,-215941.52751074,295018.05979520,2083.19333503
2461674.54166666,-218980.81328257,292657.61678577,1738.06687926
2461674.58333333,-221996.85420495,290265.67267248,1392.75341400
2461674.62500000,-224989.31275521,287842.46155451,1047.28998330
2461674.66666666,-227957.85376806,285388.22168119,701.71370325
2461674.70833333,-230902.14449482,282903.19542987,356.06175652
2461674.75000000,-233821.85466249,280387.62928283,10.37138688
2461674.79166666,-236716.65653269,277841.77380298,-335.32010633
2461674.83333333,-239586.22496049,275265.88360866,-680.97537375
2461674.87500000,-242430.23745304,272660.21734733,-1026.55702166
2461674.91666666,-245248.37422791,270025.03766817,-1372.02761762
2461674.95833333,-248040.31827139,267360.61119370,-1717.34969619
2461675.00000000,-250805.75539636,264667.20849024,-2062.48576473
2461675.04166666,-253544.37429999,261945.10403744,-2407.39830912
2461675.08333333,-256255.86662113,259194.57619657,-2752.04979970
2461675.12500000,-258939.92699737,256415.90717793,-3096.40269704
2461675.16666666,-261596.25312177,253609.38300711,-3440.41945794
2461675.20833333,-264224.54579919,250775.29349013,-3784.06254135
2461675.25000000,-266824.50900229,247913.93217767,-4127.29441433
2461675.29166666,-269395.84992710,245025.59632813,-4470.07755809
2461675.33333333,-271938.27904807,242110.58686964,-4812.37447405
2461675.37500000,-274451.51017281,239169.20836110,-5154.14768986
2461675.41666666,-276935.26049618,236201.76895212,-5495.35976553
2461675.45833333,-279389.25065400,233208.58034190,-5835.97329954
2461675.50000000,-281813.20477616,230189.95773713,-6175.95093500
2461675.54166666,-284206.85053917,227146.21980882,-6515.25536578
2461675.58333333,-286569.91921812,224077.68864816,-6853.84934268
2461675.62500000,-288902.14573809,220984.68972131,-7191.69567968
2461675.66666666,-291203.26872488,217867.55182323,-7528.75726008
2461675.70833333,-293473.03055502,214726.60703049,-7864.99704274
2461675.75000000,-295711.17740525,211562.19065314,-8200.37806834
2461675.79166666,-297917.45930117,208374.64118553,-8534.86346552
2461675.83333333,-300091.63016520,205164.30025624,-8868.41645721
2461675.87500000,-302233.44786378,201931.51257707,-9201.00036682
2461675.91666666,-304342.67425383,198676.62589099,-9532.57862446
2461675.95833333,-306419.07522836,195399.99091928,-9863.11477320
2461676.00000000,-308462.42076127,192101.96130772,-10192.57247527
2461676.04166666,-310472.48495134,188782.89357187,-10520.91551832
2461676.08333333,-312449.04606531,185443.14704150,-10848.10782156
2461676.12500000,-314391.88658010,182083.08380412,-11174.11344200
2461676.16666666,-316300.79322411,178703.06864772,-11498.89658062
2461676.20833333,-318175.55701755,175303.46900263,-11822.42158853
2461676.25000000,-320015.97331191,171884.65488259,-12144.65297310
2461676.29166666,-321821.84182834,168446.99882504,-12465.55540406
2461676.33333333,-323592.96669515,164990.87583064,-12785.09371963
2461676.37500000,-325329.15648422,161516.66330199,-13103.23293256
2461676.41666666,-327030.22424637,158024.74098169,-13419.93823615
2461676.45833333,-328695.98754579,154515.49088963,-13735.17501027
2461676.50000000,-330326.26849323,150989.29725966,-14048.90882732
2461676.54166666,-331920.89377826,147446.54647551,-14361.10545813
2461676.58333333,-333479.69470034,143887.62700615,-14671.73087787
2461676.62500000,-335002.50719880,140312.92934049,-14980.75127189
2461676.66666666,-336489.17188170,136722.84592147,-15288.13304150
2461676.70833333,-337939.53405345,133117.77107958,-15593.84280973
2461676.75000000,-339353.44374142,129498.10096589,-15897.84742702
2461676.79166666,-340730.75572120,125864.23348449,-16200.11397686
2461676.83333333,-342071.32954082,122216.56822452,-16500.60978140
2461676.87500000,-343375.02954368,118555.50639159,-16799.30240696
2461676.91666666,-344641.72489028,114881.45073892,-17096.15966950
2461676.95833333,-345871.28957871,111194.80549799,-17391.14964005
2461677.00000000,-347063.60246397,107495.97630876,-17684.24065003
2461677.04166666,-348218.54727593,103785.37014959,-17975.40129655
2461677.08333333,-349336.01263614,100063.39526687,-18264.60044760
2461677.12500000,-350415.89207331,96330.46110419,-18551.80724720
2461677.16666666,-351458.08403754,92586.97823141,-18836.99112045
2461677.20833333,-352462.49191330,88833.35827339,-19120.12177855
2461677.25000000,-353429.02403105,85070.01383852,-19401.16922367
2461677.29166666,-354357.59367765,81297.35844705,-19680.10375380
2461677.33333333,-355248.11910545,77515.80645928,-19956.89596751
2461677.37500000,-356100.52354008,73725.77300364,-20231.51676859
2461677.41666666,-356914.73518692,69927.67390459,-20503.93737069
2461677.45833333,-357690.68723630,66121.92561058,-20774.12930173
2461677.50000000,-358428.31786741,62308.94512182,-21042.06440836
2461677.54166666,-359127.57025087,58489.14991816,-21307.71486028
2461677.58333333,-359788.39255001,54662.95788692,-21571.05315443
2461677.62500000,-360410.73792087,50830.78725080,-21832.05211915
2461677.66666666,-360994.56451091,46993.05649585,-22090.68491818
2461677.70833333,-361539.83545635,43150.18429955,-22346.92505464
2461677.75000000,-362046.51887833,39302.58945904,-22600.74637483
2461677.79166666,-362514.58787771,35450.69081953,-22852.12307198
2461677.83333333,-362944.02052863,31594.90720283,-23101.02968992
2461677.87500000,-363334.79987074,27735.65733619,-23347.44112657
2461677.91666666,-363686.91390023,23873.35978138,-23591.33263739
2461677.95833333,-364000.35555960,20008.43286396,-23832.67983872
2461678.00000000,-364275.12272609,16141.29460302,-24071.45871101
2461678.04166666,-364511.21819899,12272.36264110,-24307.64560190
2461678.08333333,-364708.64968565,8402.05417457,-24541.21722928
2461678.12500000,-364867.42978629,4530.78588437,-24772.15068415
2461678.16666666,-364987.57597759,658.97386719,-25000.42343345
2461678.20833333,-365069.11059510,-3212.96643297,-25226.01332271
2461678.25000000,-365112.06081447,-7084.62029264,-25448.89857867
2461678.29166666,-365116.45863151,-10955.57377637,-25669.05781171
2461678.33333333,-365082.34084107,-14825.41380360,-25886.47001820
2461678.37500000,-365009.74901484,-18693.72821499,-26101.11458279
2461678.41666666,-364898.72947797,-22560.10583822,-26312.97128049
2461678.45833333,-364749.33328462,-26424.13655318,-26522.02027872
2461678.50000000,-364561.61619237,-30285.41135651,-26728.24213921
2461678.54166666,-364335.63863568,-34143.52242552,-26931.61781980
2461678.58333333,-364071.46569812,-37998.06318146,-27132.12867613
2461678.62500000,-363769.16708372,-41848.62835206,-27329.75646321
2461678.66666666,-363428.81708723,-45694.81403342,-27524.48333686
2461678.70833333,-363050.49456339,-49536.21775115,-27716.29185512
2461678.75000000,-362634.28289523,-53372.43852070,-27905.16497941
2461678.79166666,-362180.26996143,-57203.07690705,-28091.08607574
2461678.83333333,-361688.54810274,-61027.73508349,-28274.03891566
2461678.87500000,-361159.21408744,-64846.01688966,-28454.00767722
2461678.91666666,-360592.36907602,-68657.52788878,-28630.97694573
2461678.95833333,-359988.11858486,-72461.87542400,-28804.93171448
2461679.00000000,-359346.57244917,-76258.66867392,-28975.85738531
2461679.04166666,-358667.84478503,-80047.51870725,-29143.73976908
2461679.08333333,-357952.05395070,-83828.03853655,-29308.56508605
2461679.12500000,-357199.32250708,-87599.84317114,-29470.31996614
2461679.16666666,-356409.77717752,-91362.54966898,-29628.99144908
2461679.20833333,-355583.54880677,-95115.77718781,-29784.56698447
2461679.25000000,-354720.77231934,-98859.14703516,-29937.03443172
2461679.29166666,-353821.58667711,-102592.28271754,-30086.38205995
2461679.33333333,-352886.13483633,-106314.80998863,-30232.59854765
2461679.37500000,-351914.56370398,-110026.35689651,-30375.67298241
2461679.41666666,-350907.02409349,-113726.55382993,-30515.59486043
2461679.45833333,-349863.67067990,-117415.03356355,-30652.35408599
2461679.50000000,-348784.66195451,-121091.43130226,-30785.94097078