2460819.5,8486.794460717987,-62.810079669445756,-28389.840677068052
2460819.5006944444,8486.794460717987,-62.810079669445756,-28389.840677068052
2460819.501388889,8484.391072604743,-68.71365653157882,-28367.780363736652
2460819.502083333,8481.548009950697,-75.68417899619838,-28341.713891790692
2460819.5027777776,8478.69924726412,-82.65453276038245,-28315.627180391188
2460819.503472222,8475.844771696024,-89.6247107103522,-28289.52020522207
2460819.5041666664,8472.984570152381,-96.59470710770466,-28263.392937635163
2460819.504861111,8470.11862884501,-103.56451678452308,-28237.245345297008
2460819.505555555,8467.24693408082,-110.53413470602844,-28211.07739590978
2460819.5062499996,8464.369472004788,-117.50355571105563,-28184.88905703781
2460819.506944444,8461.486228867285,-124.47277471215439,-28158.680296170176
2460819.5076388884,8458.597190742013,-131.4417865339782,-28132.451080673316
2460819.508333333,8455.70234370568,-138.41058599658308,-28106.201377779955
2460819.5090277772,8452.801673753465,-145.37916789933058,-28079.93115466423
2460819.5097222216,8449.89516844816,-152.34752318594832,-28053.640392724777
2460819.510416666,8446.982810477732,-159.3156540940589,-28027.32903004292
2460819.5111111104,8444.064587752415,-166.28355087981117,-28000.997051281418
2460819.511805555,8441.140485289798,-173.25120982970842,-27974.64441652057
2460819.5124999993,8438.210489212179,-180.218624771071,-27948.27109560523
2460819.5131944437,8435.27458521011,-187.18579032129114,-27921.877055013956
2460819.513888888,8432.332758948516,-194.1527010415721,-27895.462261126653
2460819.5145833325,8429.3849960167,-201.11935154104984,-27869.026680208284
2460819.515277777,8426.431281922109,-208.08573635609022,-27842.5702783743
2460819.5159722213,8423.471602189913,-215.05185000599346,-27816.093021686545
2460819.5166666657,8420.505942161113,-222.0176868648236,-27789.59487591962
2460819.51736111,8417.534288964851,-228.98323779434733,-27763.07582162122
2460819.5180555545,8414.55662463778,-235.9485047209943,-27736.535795348973
2460819.518749999,8411.572936411494,-242.913477401653,-27709.974780480843
2460819.5194444433,8408.583208742408,-249.87815189570998,-27683.39273585732
2460819.5201388877,8405.587427179862,-256.84252173567427,-27656.78963011742
2460819.520833332,8402.585576804584,-263.8065812108529,-27630.16542846335
2460819.5215277765,8399.577642680255,-270.7703245727953,-27603.520095991218
2460819.522222221,8396.563609784127,-277.7337461205304,-27576.853597683174
2460819.5229166653,8393.543463013635,-284.6968400533604,-27550.165898401843
2460819.5236111097,8390.517187189822,-291.6596004731402,-27523.456962757322
2460819.524305554,8387.484767287422,-298.62202174285477,-27496.726755600856
2460819.5249999985,8384.446187949081,-305.58409786848966,-27469.975241299366
2460819.525694443,8381.401435550779,-312.5458191895216,-27443.20239887057
2460819.5263888873,8378.350491782503,-319.5071865120942,-27416.40816665122
2460819.5270833317,8375.293342138757,-326.46819177725007,-27389.592516709847
2460819.527777776,8372.229971501021,-333.428828126789,-27362.75541638007
2460819.5284722205,8369.16036431114,-340.3890895497033,-27335.89682953907
2460819.529166665,8366.084505010384,-347.34896999968925,-27309.01671994243
2460819.5298611093,8363.002377846664,-354.30846328296946,-27282.115051096946
2460819.5305555537,8359.913967206507,-361.2675634710405,-27255.191786732536
2460819.531249998,8356.81925729537,-368.22626430726376,-27228.246890124025
2460819.5319444425,8353.718232197985,-375.18455964930433,-27201.280324500534
2460819.532638887,8350.610876070377,-382.14244321423956,-27174.292052972003
2460819.5333333313,8347.497174614422,-389.099904987918,-27147.282053304956
2460819.5340277757,8344.377108801324,-396.05694541602423,-27120.250262210237
2460819.53472222,8341.250663455385,-403.0135561117295,-27093.196650429447
2460819.5354166646,8338.117822789902,-409.96972986405734,-27066.121183935677
2460819.536111109,8334.978570558857,-416.9254601975927,-27039.023825074768
2460819.5368055534,8331.832890573787,-423.8807408259325,-27011.904536407605
2460819.5374999978,8328.68076643929,-430.83556529299733,-26984.763280024577
2460819.538194442,8325.522181708198,-437.78992704851714,-26957.600017992656
2460819.5388888866,8322.357119957656,-444.7438195664889,-26930.41471226771
2460819.539583331,8319.18556460668,-451.6972363232489,-26903.207324608902
2460819.5402777754,8316.007499088879,-458.6501706893538,-26875.977816703184
2460819.54097222,8312.822908425895,-465.6026122461384,-26848.726164984346
2460819.541666664,8309.631772407327,-472.55456196750345,-26821.452301049383
2460819.5423611086,8306.434076373698,-479.5060084191691,-26794.156204433908
2460819.543055553,8303.229802594678,-486.4569465465062,-26766.837829368964
2460819.5437499974,8300.018934650101,-493.40736888126787,-26739.497140425323
2460819.544444442,8296.801455447954,-500.35726853355095,-26712.13409834329
2460819.545138886,8293.577347919814,-507.3066386438025,-26684.748663821847
2460819.5458333306,8290.346594962279,-514.2554723052516,-26657.340797411627
2460819.546527775,8287.10917931406,-521.2037626430504,-26629.910459537503
2460819.5472222194,8283.865083706532,-528.1515026566628,-26602.457610461868
2460819.547916664,8280.614290765803,-535.0986853642238,-26574.982210314938
2460819.548611108,8277.356783101028,-542.0453037244399,-26547.4842190805
2460819.5493055526,8274.092544926534,-548.9913467775885,-26519.963611539923
2460819.549999997,8270.821555626211,-555.9368143192717,-26492.42032097347
2460819.5506944414,8267.543798464305,-562.8816970370008,-26464.854314981178
2460819.551388886,8264.259256187326,-569.8259869001163,-26437.265556392933
2460819.55208333,8260.967910971593,-576.7696766295297,-26409.654004490556
2460819.5527777746,8257.669744946554,-583.7127589742717,-26382.019618340506
2460819.553472219,8254.3647402489,-590.655226634792,-26354.362356936348
2460819.5541666634,8251.052878845398,-597.5970722232624,-26326.682179063264
2460819.554861108,8247.734142640837,-604.5382884176129,-26298.979043402083
2460819.5555555522,8244.40851344228,-611.4788676015221,-26271.25290832951
2460819.5562499966,8241.075973159332,-618.4188025648136,-26243.503732433262
2460819.556944441,8237.736505263734,-625.3580818382281,-26215.73148896976
2460819.5576388855,8234.390088101569,-632.296704648283,-26187.93610911864
2460819.55833333,8231.036704276248,-639.2346612758503,-26160.117559020502
2460819.5590277743,8227.67633563521,-646.1719432367729,-26132.275799855666
2460819.5597222187,8224.308963588708,-653.1085428660377,-26104.410789231184
2460819.560416663,8220.934569461817,-660.0444523997131,-26076.52248455874
2460819.5611111075,8217.553134488886,-666.9796641014485,-26048.61084310799
2460819.561805552,8214.164639853407,-673.9141701157182,-26020.675821980316
2460819.5624999963,8210.769066513909,-680.8479625344888,-25992.717378031575
2460819.5631944407,8207.366395676534,-687.7810335970396,-25964.735468261253
2460819.563888885,8203.956608176068,-694.7133752808892,-25936.73004918322
2460819.5645833295,8200.53968669068,-701.6449758226427,-25908.701092589912
2460819.565277774,8197.115608308675,-708.5758347467181,-25880.648524162832
2460819.5659722183,8193.684355966598,-715.5059393293387,-25852.57231883908
2460819.5666666627,8190.245909420518,-722.4352831546452,-25824.472425611206
2460819.567361107,8186.800249630262,-729.3638571783436,-25796.348803779318
2460819.5680555515,8183.347357028928,-736.2916531796583,-25768.201408977933
2460819.568749996,8179.887211865731,-743.2186628575264,-25740.030196596083
2460819.5694444403,8176.419794618967,-750.144877993302,-25711.83512214015
2460819.5701388847,8172.945085333908,-757.0702901954878,-25683.616140648992
2460819.570833329,8169.463064151639,-763.9948910555938,-25655.373207107856
2460819.5715277735,8165.973711092413,-770.9186720736202,-25627.106276290073
2460819.572222218,8162.477007978889,-777.8416209762494,-25598.815318306475
2460819.5729166623,8158.97293080556,-784.7637368067891,-25570.50025668462
2460819.5736111067,8155.461461760319,-791.6850062819647,-25542.161064695854
2460819.574305551,8151.9425795650895,-798.6054224772544,-25513.797689390423
2460819.5749999955,8148.416264241592,-805.5249757365251,-25485.410088106877
2460819.57569444,8144.882495330672,-812.4436575329089,-25456.998214846397
2460819.5763888843,8141.341252234471,-819.3614589033302,-25428.56202305114
2460819.5770833287,8137.79251425452,-826.278371059931,-25400.10146613072
2460819.577777773,8134.236260618784,-833.1943850409584,-25371.616497311283
2460819.5784722175,8130.672470438812,-840.1094919479076,-25343.10706963459
2460819.579166662,8127.101122801901,-847.0236827189971,-25314.573135945488
2460819.5798611064,8123.522196637568,-853.9369483094694,-25286.014648926586
2460819.5805555508,8119.9356727623735,-860.8492758363695,-25257.43157670284
2460819.581249995,8116.341526465696,-867.760662844091,-25228.82384391723
2460819.5819444396,8112.739737489279,-874.6710979687984,-25200.191411057946
2460819.582638884,8109.1302848956075,-881.5805712217651,-25171.534233861636
2460819.5833333284,8105.513147172045,-888.489073209773,-25142.852263957026
2460819.584027773,8101.888302683514,-895.3965945400865,-25114.145452923967
2460819.584722217,8098.255729728243,-902.30312577887,-25085.413752123917
2460819.5854166616,8094.615406503835,-909.208657450444,-25056.657112736317
2460819.586111106,8090.967311137878,-916.1131799768214,-25027.875485767658
2460819.5868055504,8087.311421600413,-923.0166837885233,-24999.06882200417
2460819.587499995,8083.647715834126,-929.919159226906,-24970.237072070213
2460819.588194439,8079.976173578274,-936.8205926652874,-24941.3802020078
2460819.5888888836,8076.296768653932,-943.720982091034,-24912.49813076234
2460819.589583328,8072.609481074876,-950.6203129513718,-24883.590827593234
2460819.5902777724,8068.914287410068,-957.5185770833622,-24854.65823511042
2460819.590972217,8065.21116558331,-964.41576364134,-24825.700306549945
2460819.591666661,8061.500092848459,-971.3118626378184,-24796.71699132286
2460819.5923611056,8057.781046454085,-978.2068640171174,-24767.7082386713
2460819.59305555,8054.054003445048,-985.100757622728,-24738.67399759031
2460819.5937499944,8050.318940873347,-991.9935332989875,-24709.61421691127
2460819.594444439,8046.575835524954,-998.8851807149925,-24680.528845119465
2460819.595138883,8042.824664349862,-1005.7756896746075,-24651.41783086824
2460819.5958333276,8039.065406023987,-1012.6650460301703,-24622.281138158778
2460819.596527772,8035.298032983517,-1019.5532468227294,-24593.118683132983
2460819.5972222164,8031.522524221483,-1026.4402769579074,-24563.930433161524
2460819.597916661,8027.738855182007,-1033.3261276003975,-24534.716328493494
2460819.5986111052,8023.947002597789,-1040.2107872459724,-24505.476320161884
2460819.5993055496,8020.146942593898,-1047.0942452125564,-24476.21035530063
2460819.599999994,8016.338651177258,-1053.9764907575968,-24446.918380837153
2460819.6006944384,8012.522104330794,-1060.8575130700208,-24417.600343496888
2460819.601388883,8008.6972777488145,-1067.7373011415323,-24388.256189665237
2460819.6020833272,8004.86414728275,-1074.615844256924,-24358.885865845295
2460819.6027777717,8001.02268847379,-1081.4931312513158,-24329.489318005784
2460819.603472216,7997.172876745654,-1088.3691511037434,-24300.066491986563
2460819.6041666605,7993.314689598447,-1095.2438888852078,-24270.617349483797
2460819.604861105,7989.448098549366,-1102.117340031401,-24241.141807420237
2460819.6055555493,7985.573079860266,-1108.9894911871093,-24211.63981970106
2460819.6062499937,7981.68960900653,-1115.8603301611893,-24182.11133495026
2460819.606944438,7977.797660923638,-1122.7298455560776,-24152.55629789083
2460819.6076388825,7973.8972102800335,-1129.5980257473861,-24122.974652901717
2460819.608333327,7969.988231899698,-1136.46485936422,-24093.366344477276
2460819.6090277713,7966.070700247247,-1143.3303346935188,-24063.731316523917
2460819.6097222157,7962.144589695431,-1150.1944400196187,-24034.06951288708
2460819.61041666,7950.104457616261,-1171.1425987103023,-23943.342983290346
2460819.6111111045,7950.104457616261,-1171.1425987103023,-23943.342983290346
2460819.611805549,7950.104457616261,-1171.1425987103023,-23943.342983290346
2460819.6124999933,7946.353845728387,-1177.6369198882044,-23915.153429034035
2460819.6131944377,7942.384452882011,-1184.4939969935388,-23885.356895675763
2460819.613888882,7938.406325038618,-1191.349632226732,-23855.533244382965
2460819.6145833265,7934.419435907886,-1198.2038135150858,-23825.682417508626
2460819.615277771,7930.423758812235,-1205.0565284782244,-23795.804356832898
2460819.6159722153,7926.419267066987,-1211.907764732783,-23765.899003997358
2460819.6166666597,7922.4059338083525,-1218.7575098457626,-23735.966300433833
2460819.617361104,7918.383732142975,-1225.6057512520129,-23706.006187279545
2460819.6180555485,7914.352634925867,-1232.4524763576549,-23676.018605450052
2460819.618749993,7910.312614933071,-1239.297672471137,-23646.00349561667
2460819.6194444373,7906.263647059447,-1246.141323070674,-23615.960814575512
2460819.6201388817,7902.2056993654,-1252.9834227577699,-23585.89046969623
2460819.620833326,7898.1387469005185,-1259.8239539512201,-23555.792420882666
2460819.6215277705,7894.062760977505,-1266.6629055259418,-23525.666600527467
2460819.622222215,7889.977714225406,-1273.5002634195398,-23495.51295164453
2460819.6229166593,7885.883578569198,-1280.336014439897,-23465.33141334207
2460819.6236111037,7881.780325793894,-1287.170145354491,-23435.121924521867
2460819.624305548,7877.667927683712,-1294.0026427907378,-23404.884423736672
2460819.6249999925,7873.546355741796,-1300.8334933192002,-23374.61884933739
2460819.625694437,7869.415581385682,-1307.6626834273804,-23344.325139403343
2460819.6263888814,7865.275575879033,-1314.490199503357,-23314.003231727118
2460819.6270833258,7861.126312602216,-1321.316023988191,-23283.65308028593
2460819.62777777,7856.967758065279,-1328.1401508235062,-23253.274589466062
2460819.6284722146,7852.799885872256,-1334.962561405649,-23222.867716468452
2460819.629166659,7848.622665712216,-1341.783243499604,-23192.43239043309
2460819.6298611034,7844.4360685878555,-1348.6021822066919,-23161.968551582682
2460819.630555548,7840.240064955352,-1355.419363367279,-23131.47613606542
2460819.631249992,7836.034625028628,-1362.2347727558904,-23100.955079787782
2460819.6319444366,7831.819718915972,-1369.0483960611202,-23070.405318332498
2460819.632638881,7827.595316580548,-1375.8602188738691,-23039.826787020425
2460819.6333333254,7823.3613877696325,-1382.670226553715,-23009.2194207504
2460819.63402777,7819.117902235598,-1389.4784046935495,-22978.583154517444
2460819.634722214,7814.864829430258,-1396.2847385290888,-22947.917922646
2460819.6354166586,7810.602141027053,-1403.0892095061445,-22917.223676080273
2460819.636111103,7806.329802055818,-1409.891809343989,-22886.500318998846
2460819.6368055474,7802.0477828175435,-1416.6925210137886,-22855.747794074086
2460819.637499992,7797.756052715348,-1423.491328623074,-22824.96603842752
2460819.638194436,7793.454580440565,-1430.2882169227855,-22794.154985043446
2460819.6388888806,7789.143334578444,-1437.0831706366253,-22763.314566589714
2460819.639583325,7784.822283472947,-1443.87617441311,-22732.444715486876
2460819.6402777694,7780.49139529413,-1450.6672126239662,-22701.545363664864
2460819.640972214,7776.1506382500065,-1457.4562699116684,-22670.616443156163
2460819.641666658,7771.799980131548,-1464.243330427367,-22639.657885316225
2460819.6423611026,7767.439388711942,-1471.0283784113985,-22608.66962128851
2460819.643055547,7763.068833875493,-1477.8113942557973,-22577.651598890276
2460819.6437499914,7758.6882782865,-1484.5923693366044,-22546.603714774337
2460819.644444436,7754.297692122912,-1491.3712829724725,-22515.52591996458
2460819.6451388802,7749.8970412893295,-1498.1481206557983,-22484.418136627337
2460819.6458333246,7745.486293189133,-1504.9228652241272,-22453.280298218673
2460819.646527769,7741.065414492067,-1511.695500127656,-22422.112333890058
2460819.6472222134,7736.634371855173,-1518.4660089418394,-22390.914172804452
2460819.647916658,7732.193131564907,-1525.234374986512,-22359.685743480262
2460819.6486111023,7727.7416597738165,-1532.0005814475392,-22328.42697421086
2460819.6493055467,7723.279922504555,-1538.7646114196953,-22297.137792925623
2460819.649999991,7718.80788554224,-1545.5264479340951,-22265.81812727904
2460819.6506944355,7714.325516975154,-1552.2860701494467,-22234.467921690124
2460819.65138888,7709.832777363417,-1559.043468251735,-22203.087068885037
2460819.6520833243,7705.3296349472175,-1565.798620286577,-22171.67551650447
2460819.6527777687,7700.816053658411,-1572.5515104282458,-22140.233182879376
2460819.653472213,7696.2919990465725,-1579.3021204102902,-22108.759998103367
2460819.6541666575,7691.7574357775975,-1586.0504324303633,-22077.255887641335
2460819.654861102,7687.212328308746,-1592.796428658544,-22045.72077675248
2460819.6555555463,7682.656641042937,-1599.5400911339054,-22014.154590324128
2460819.6562499907,7678.09033799375,-1606.28140180146,-21982.5572529106
2460819.656944435,7673.5133831991625,-1613.0203424239928,-21950.92868870423
2460819.6576388795,7668.9257403422525,-1619.7568947138318,-21919.2688215294
2460819.658333324,7664.327372966307,-1626.4910401610475,-21887.577574855026
2460819.6590277683,7659.718246965383,-1633.2227565696558,-21855.854889140333
2460819.6597222127,7655.098320925152,-1639.952031588366,-21824.100656321734
2460819.660416657,7650.467559241962,-1646.678844653637,-21792.314808445746
2460819.6611111015,7645.8259252358885,-1653.4031757945997,-21760.49727133561
2460819.661805546,7641.173381387384,-1660.125005895367,-21728.647966655608
2460819.6624999903,7636.509890012496,-1666.8443157854513,-21696.766815677347
2460819.6631944347,7631.835413251155,-1673.5610860755428,-21664.853739292532
2460819.663888879,7627.149913023886,-1680.2752971944078,-21632.90865799849
2460819.6645833235,7622.453351005666,-1686.9869295629337,-21600.931491972147
2460819.665277768,7617.745688645835,-1693.6959633883055,-21568.92216093211
2460819.6659722123,7613.026887201868,-1700.4023786685882,-21536.880584143488
2460819.6666666567,7608.296910384499,-1707.1061518512263,-21504.80669833895
2460819.667361101,7603.555714409063,-1713.8072691484872,-21472.700390956896
2460819.6680555455,7598.803261310374,-1720.505708181819,-21440.561589719193
2460819.66874999,7594.039512033335,-1727.2014476929164,-21408.390216386797
2460819.6694444343,7589.26442678344,-1733.8944669740551,-21376.18618836578
2460819.6701388787,7584.477965452321,-1740.5847453005103,-21343.949422651564
2460819.670833323,7579.680087799213,-1747.2722617293903,-21311.679835830957
2460819.6715277676,7574.870753298214,-1753.9569951545,-21279.377344086522
2460819.672222212,7570.04992112918,-1760.6389243194171,-21247.041863067752
2460819.6729166564,7565.217550445672,-1767.3180279618293,-21214.673308363443
2460819.6736111008,7560.373600012855,-1773.994284493855,-21182.271594796188
2460819.674305545,7555.518030988102,-1780.6676685736695,-21149.836654596344
2460819.6749999896,7550.650796451365,-1787.3381656400486,-21117.368366460945
2460819.675694434,7545.771857680005,-1794.005749205147,-21084.86666579424
2460819.6763888784,7540.881171280888,-1800.670398791964,-21052.331457755296
2460819.677083323,7535.978695516365,-1807.3320912131733,-21019.76265918901
2460819.677777767,7531.064387725267,-1813.9908040220323,-20987.16018248103
2460819.6784722116,7526.138204963328,-1820.6465145627194,-20954.523939571114
2460819.679166656,7521.200104048376,-1827.2991999150136,-20921.853841838103
2460819.6798611004,7516.250041720767,-1833.948837259126,-20889.14980058046
2460819.680555545,7511.287974235916,-1840.595403431444,-20856.411726283495
2460819.681249989,7506.31385769603,-1847.2388750397604,-20823.639529108597
2460819.6819444336,7501.327650665989,-1853.879225006385,-20790.83313667364
2460819.682638878,7496.329303253416,-1860.5164369437275,-20757.99242242579
2460819.6833333224,7491.318774146315,-1867.1504825116356,-20725.11731713534
2460819.684027767,7486.296017144588,-1873.7813393987135,-20692.20772094615
2460819.684722211,7481.260987597771,-1880.4089825497485,-20659.26354581741
2460819.6854166556,7476.213640039237,-1887.0333875263902,-20626.284699010816
2460819.6861111,7471.153928787611,-1893.6545299623936,-20593.271087694182
2460819.6868055444,7466.081807758585,-1900.2723850270495,-20560.22261816893
2460819.687499989,7460.997230672735,-1906.8869278171408,-20527.139196413842
2460819.688194433,7455.900150907965,-1913.4981332185696,-20494.020727922045
2460819.6888888776,7450.790521643258,-1920.1059759530237,-20460.86711764112
2460819.689583322,7445.668295694396,-1926.7104305596988,-20427.67827011382
2460819.6902777664,7440.533428491519,-1933.3114676851794,-20394.454107457197
2460819.690972211,7435.385867346809,-1939.909067948307,-20361.19450109524
2460819.6916666552,7430.225565658895,-1946.5032032000015,-20327.899363713543
2460819.6923610996,7425.052475960345,-1953.0938465423867,-20294.5686022189
2460819.693055544,7419.866549574759,-1959.6809714114636,-20261.20211848163
2460819.6937499885,7414.667737635244,-1966.2645511754197,-20227.799813982158
2460819.694444433,7409.455990949385,-1972.844558991936,-20194.361589680746
2460819.6951388773,7404.23126001116,-1979.4209677709382,-20160.887346037463
2460819.6958333217,7398.993495082577,-1985.9937502523785,-20127.376982948426
2460819.696527766,7393.742646037181,-1992.562878946616,-20093.830399817467
2460819.6972222105,7388.478662442528,-1999.1283261993326,-20060.247495514534
2460819.697916655,7383.201496549889,-2005.6900605232363,-20026.628186706184
2460819.6986110993,7377.911091419308,-2012.248060851335,-19992.97233439451
2460819.6993055437,7372.607399416434,-2018.8022946294857,-19959.27985856242
2460819.699999988,7367.2903674613735,-2025.3527348699595,-19925.55064740009
2460819.7006944325,7361.959944244661,-2031.8993520083652,-19891.78460123958
2460819.701388877,7356.616077463243,-2038.4421169844577,-19857.981615669014
2460819.7020833213,7351.258714435989,-2044.981000655814,-19824.141585719663
2460819.7027777657,7345.887802229061,-2051.515973525628,-19790.26440584427
2460819.70347221,7340.503287506429,-2058.0470059140994,-19756.349969933857
2460819.7041666545,7335.105116641948,-2064.5740679389505,-19722.398171295918
2460819.704861099,7329.693235511225,-2071.09712936987,-19688.40890256811
2460819.7055555433,7324.267593021202,-2077.616156428808,-19654.38207471397
2460819.7062499877,7318.828128379981,-2084.1311255377373,-19620.3175420493
2460819.706944432,7313.374790242105,-2090.642001442262,-19586.215218359175
2460819.7076388765,7307.907521902292,-2097.1487546903118,-19552.07498552324
2460819.708333321,7302.426268265119,-2103.6513530966486,-19517.896737577008
2460819.7090277653,7296.930973263338,-2110.1497651036716,-19483.680363706244
2460819.7097222097,7291.42158044024,-2116.6439587923933,-19449.425752461648
2460819.710416654,7285.898032992678,-2123.133902113066,-19415.13279179382
2460819.7111110985,7280.360273622054,-2129.619562623231,-19380.80136892386
2460819.711805543,7274.808244970691,-2136.100907843879,-19346.43137080511
2460819.7124999873,7269.24188901252,-2142.577904793769,-19312.022683382398
2460819.7131944317,7263.661147418384,-2149.0505203962616,-19277.57519212267
2460819.713888876,7258.065964574915,-2155.518717660432,-19243.08880063886
2460819.7145833205,7252.456275998691,-2161.9824691840395,-19208.563359786243
2460819.715277765,7246.832023867057,-2168.4417390481913,-19173.998763252104
2460819.7159722093,7241.193149039596,-2174.8964922761793,-19139.3948982146
2460819.7166666538,7235.53959123862,-2181.346694325988,-19104.7516468605
2460819.717361098,7229.8712898369595,-2187.792310406784,-19070.06889072708
2460819.7180555426,7224.1881836817565,-2194.233305389909,-19035.346510556137
2460819.718749987,7218.4902115016175,-2200.669644050853,-19000.58438677371
2460819.7194444314,7212.777311299121,-2207.101290721241,-18965.782398780986
2460819.720138876,7184.161905839971,-2238.9942440197906,-18792.228970247976
2460819.72083332,7184.161905839971,-2238.9942440197906,-18792.228970247976
2460819.7215277646,7184.161905839971,-2238.9942440197906,-18792.228970247976
2460819.722222209,7184.161905839971,-2238.9942440197906,-18792.228970247976
2460819.7229166534,7183.986699495606,-2239.187870791487,-18791.170253387027
2460819.723611098,7178.182908538956,-2245.5906000397963,-18756.126510922328
2460819.724305542,7172.36374457917,-2251.9883792392657,-18721.042041114717
2460819.7249999866,7166.529142504681,-2258.38117049301,-18685.916718082484
2460819.725694431,7160.679036442228,-2264.76893536152,-18650.7504148367
2460819.7263888754,7154.813360259676,-2271.1516351136397,-18615.543003747942
2460819.72708332,7148.932047247744,-2277.529230686047,-18580.294356453902
2460819.727777764,7143.035030338132,-2283.901682731116,-18545.00434385901
2460819.7284722086,7137.122241972304,-2290.2689515067486,-18509.672836088303
2460819.729166653,7131.193617323866,-2296.6309935459785,-18474.299721819916
2460819.7298610974,7125.24908139693,-2302.9877753879464,-18438.88483107267
2460819.730555542,7119.288569166112,-2309.33925196609,-18403.428055246448
2460819.731249986,7113.312009759161,-2315.6853840106696,-18367.929252777296
2460819.7319444306,7107.319333916623,-2322.0261291626316,-18332.38829422496
2460819.732638875,7101.310471225988,-2328.361445688659,-18296.80504505967
2460819.7333333194,7095.28535069248,-2334.6912914419986,-18261.179369906575
2460819.734027764,7089.24390085444,-2341.015623951118,-18225.51113264741
2460819.734722208,7083.186049844539,-2347.3344003235106,-18189.80019628728
2460819.7354166526,7077.111725147921,-2353.6475773806005,-18154.046423033746
2460819.736111097,7071.020853784775,-2359.95511147453,-18118.249674285486
2460819.7368055414,7064.913362319345,-2366.256958647529,-18082.409810550995
2460819.737499986,7058.789179953941,-2372.5530710194394,-18046.526711003105
2460819.7381944302,7052.648226382879,-2378.8434100821964,-18010.600200083547
2460819.7388888747,7046.49042823842,-2385.127928780907,-17974.630146246232
2460819.739583319,7040.315710666144,-2391.4065807584225,-17938.616411077022
2460819.7402777635,7034.123997495646,-2397.679320088659,-17902.558850825324
2460819.740972208,7027.915212018063,-2403.946100440635,-17866.457320859616
2460819.7416666523,7021.6892768945145,-2410.2068750868366,-17830.311675666864
2460819.7423610967,7015.446114350581,-2416.461596833948,-17794.12176880927
2460819.743055541,7009.185645896748,-2422.7102181163846,-17757.887452966446
2460819.7437499855,7002.907792515852,-2428.9526908389425,-17721.608579784275
2460819.74444443,6996.612474757758,-2435.1889667563387,-17685.285000347285
2460819.7451388743,6990.29961587339,-2441.418993534505,-17648.916584305487
2460819.7458333187,6983.969128978352,-2447.6427278879764,-17612.50314549692
2460819.746527763,6977.620934580822,-2453.860118219152,-17576.044542697124
2460819.7472222075,6971.254951557476,-2460.071113581533,-17539.540627524733
2460819.747916652,6964.871097268466,-2466.275663330902,-17502.99124609186
2460819.7486110963,6958.4692886139,-2472.4737163522796,-17466.396243546733
2460819.7493055407,6952.049441748289,-2478.6652211261376,-17429.755464075355
2460819.749999985,6945.611472132222,-2484.8501254993585,-17393.06875071645
2460819.7506944295,6939.155294898801,-2491.0283771475565,-17356.335945910574
2460819.751388874,6932.680601568513,-2497.19963751246,-17319.556762195072
2460819.7520833183,6926.187751488237,-2503.364424335215,-17282.7312973414
2460819.7527777627,6919.67643815499,-2509.522394599017,-17245.85928154193
2460819.753472207,6913.146566756551,-2515.673500556053,-17208.940512650926
2460819.7541666515,6906.598053288119,-2521.81768316924,-17171.974852476957
2460819.754861096,6900.030807112293,-2527.9548884765063,-17134.9621277851
2460819.7555555403,6893.444739311769,-2534.085059706739,-17097.902178134034
2460819.7562499847,6886.839759472974,-2540.2081404092405,-17060.794837423968
2460819.756944429,6880.215776399714,-2546.3240734651517,-17023.639938327426
2460819.7576388735,6873.572698466159,-2552.4328014986486,-16986.437312794078
2460819.758333318,6866.910433010651,-2558.534266282932,-16949.186791317497
2460819.7590277623,6860.228886826217,-2564.628409239229,-16911.888203384067
2460819.7597222067,6853.5279658387,-2570.715171143966,-16874.54137736996
2460819.760416651,6846.807579127367,-2576.794488936163,-16837.146160947075
2460819.7611110955,6840.067623796775,-2582.8663089463075,-16799.702339399428
2460819.76180554,6833.308008160839,-2588.930566193549,-16762.209762752944
2460819.7624999844,6826.528633526341,-2594.9872007366916,-16724.668245422334
2460819.7631944288,6819.729402924815,-2601.0361496457963,-16687.07761456301
2460819.763888873,6812.9102179554075,-2607.077350515481,-16649.43769186846
2460819.7645833176,6806.070979231711,-2613.1107399715743,-16611.748297420454
2460819.765277762,6799.211586644554,-2619.1362541466665,-16574.009250240615
2460819.7659722064,6792.3319392312005,-2625.153828623115,-16536.220368128623
2460819.766666651,6785.43193529386,-2631.163398229611,-16498.381467634743
2460819.767361095,6778.511472240649,-2637.1648972925127,-16460.49236409865
2460819.7680555396,6771.570446696365,-2643.158259441489,-16422.55287156159
2460819.768749984,6764.608758214964,-2649.143414408869,-16384.562823578864
2460819.7694444284,6757.6262949344355,-2655.1203001920558,-16346.521994829582
2460819.770138873,6750.622953058115,-2661.0888469215774,-16308.430207019534
2460819.770833317,6743.59862663311,-2667.048984710527,-16270.287273659496
2460819.7715277616,6736.553207894313,-2673.0006439080557,-16232.093002389789
2460819.772222206,6729.486588264563,-2678.9437541566185,-16193.84719945929
2460819.7729166504,6722.398658302548,-2684.8782443683303,-16155.54966979277
2460819.773611095,6715.28930755231,-2690.804042757451,-16117.200216974736
2460819.774305539,6708.158424711481,-2696.7210768886625,-16078.798643186934
2460819.7749999836,6701.005897538052,-2702.629273510586,-16040.344749280868
2460819.775694428,6693.831612733606,-2708.52855861166,-16001.83833451558
2460819.7763888724,6686.635460273548,-2714.418854485431,-15963.279218231455
2460819.777083317,6679.417317082243,-2720.3000919952706,-15924.667154812045
2460819.777777761,6672.177071911572,-2726.1721910142223,-15886.00196524462
2460819.7784722056,6664.914605840443,-2732.035076050937,-15847.28343357752
2460819.77916665,6657.6298017603,-2737.888668571493,-15808.511356853582
2460819.7798610944,6650.322540530196,-2743.7328900596467,-15769.685525815785
2460819.780555539,6642.992702060143,-2749.567661175486,-15730.805729708421
2460819.7812499832,6635.640165200099,-2755.3929017264923,-15691.87175626546
2460819.7819444276,6628.264807760328,-2761.2085307420925,-15652.883391678059
2460819.782638872,6620.866506432735,-2767.014466293459,-15613.840420475515
2460819.7833333164,6613.445137048524,-2772.8106259056653,-15574.74262602893
2460819.784027761,6606.000578141137,-2778.596922837383,-15535.589811105723
2460819.7847222053,6598.53269511838,-2784.3732789359847,-15496.381712907276
2460819.7854166497,6591.0413653771675,-2790.1396051189085,-15457.118136028954
2460819.786111094,6583.526458289923,-2795.8958166015486,-15417.798847322298
2460819.7868055385,6575.9878448972795,-2801.641825636407,-15378.42362677025
2460819.787499983,6568.425394185922,-2807.377544210013,-15338.99224776153
2460819.7881944273,6560.838973919803,-2813.1028834192325,-15299.504482030934
2460819.7888888717,6553.228450700928,-2818.817753283702,-15259.960099449954
2460819.789583316,6545.593690070075,-2824.52206321945,-15220.358868634916
2460819.7902777605,6537.934556192507,-2830.2157213086175,-15180.700556002537
2460819.790972205,6530.250912047248,-2835.8986348224594,-15140.984926415527
2460819.7916666493,6522.542619380379,-2841.5707099654232,-15101.21174292955
2460819.7923610937,6514.80954293664,-2847.2318489320937,-15061.380788587798
2460819.793055538,6507.051534477525,-2852.8819613889436,-15021.491784411855
2460819.7937499825,6499.268454163325,-2858.5209488322544,-14981.544499800399
2460819.794444427,6491.460159645956,-2864.1487126940074,-14941.538695551322
2460819.7951388713,6483.626506163393,-2869.76515393027,-14901.474125486198
2460819.7958333157,6475.767347820854,-2875.3701727147104,-14861.350541959579
2460819.79652776,6467.882537197359,-2880.9636678209285,-14821.16769498968
2460819.7972222045,6459.9719254876945,-2886.5455370651603,-14780.925332838397
2460819.797916649,6452.035362642568,-2892.1156770544867,-14740.623201809987
2460819.7986110933,6444.072697075205,-2897.6739833088845,-14700.261046231757
2460819.7993055377,6436.0837758055,-2903.220350190493,-14659.838608456485
2460819.799999982,6428.068448860255,-2908.754667833943,-14619.355650932657
2460819.8006944265,6420.02655257982,-2914.2768335673436,-14578.811872879545
2460819.801388871,6411.95793199808,-2919.786736522811,-14538.207022490351
2460819.8020833153,6403.862429172877,-2925.2842654583173,-14497.540838852952
2460819.8027777597,6395.739883914192,-2930.769308844604,-14456.813054341063
2460819.803472204,6387.590134189587,-2936.2417536248454,-14416.023398776302
2460819.8041666485,6379.41301660553,-2941.701485546312,-14375.171599970481
2460819.804861093,6371.208366046726,-2947.1483890759555,-14334.257383581125
2460819.8055555373,6362.976015878986,-2952.5823473431456,-14293.280473034982
2460819.8062499817,6354.715797834728,-2958.003242104772,-14252.240589567307
2460819.806944426,6346.427542023082,-2963.4109538094413,-14211.137452184856
2460819.8076388706,6338.111081327156,-2968.805358591673,-14169.97080004272
2460819.808333315,6329.766233412728,-2974.186339889054,-14128.740302538283
2460819.8090277594,6321.392828943757,-2979.5537704611133,-14087.445699648111
2460819.8097222038,6312.990689078472,-2984.9075264087933,-14046.086690629336
2460819.810416648,6304.559636355288,-2990.2474803656896,-14004.662988051246
2460819.8111110926,6296.099490501681,-2995.5735041536414,-13963.174296848756
2460819.811805537,6287.6100694612705,-3000.8854681054386,-13921.620319570855
2460819.8124999814,6279.091189334956,-3006.183241029573,-13880.000756306632
2460819.813194426,6270.54266432479,-3011.4666901917653,-13838.315304650747
2460819.81388887,6261.964306798311,-3016.735681234461,-13796.56365964651
2460819.8145833146,6253.355927138338,-3021.9900781307424,-13754.745513721617
2460819.815277759,6244.717333950307,-3027.2297435222085,-13712.860557065324
2460819.8159722034,6236.0483384722465,-3032.4545352068753,-13670.908499798867
2460819.816666648,6227.348736884487,-3037.6643173720604,-13628.888986132515
2460819.817361092,6218.618334257445,-3042.8589458607594,-13586.801710441629
2460819.8180555366,6209.8569321269815,-3048.038275682538,-13544.646357320824
2460819.818749981,6201.064328926453,-3053.2021607306115,-13502.422603371382
2460819.8194444254,6192.240320916473,-3058.35045316752,-13460.13012241553
2460819.82013887,6183.384702272217,-3063.483003281329,-13417.768585511616
2460819.820833314,6174.497264959093,-3068.599659485509,-13375.33766084289
2460819.8215277586,6165.577798682017,-3073.7002683673663,-13332.83701361143
2460819.822222203,6156.626091163922,-3078.784674718991,-13290.26630651971
2460819.8229166474,6147.641927611444,-3083.85272120965,-13247.625198938395
2460819.823611092,6138.625095938342,-3088.9042459135635,-13204.91337069057
2460819.824305536,6129.5753680558855,-3093.939092471365,-13162.130434060005
2460819.8249999806,6120.492524948477,-3098.9570961306467,-13119.276052063704
2460819.825694425,6111.376343620038,-3103.9580909850906,-13076.349877437506
2460819.8263888694,6102.226597494677,-3108.941909588792,-13033.35155443297
2460819.827083314,6093.04305756284,-3113.908382476039,-12990.280724145801
2460819.8277777582,6083.825492240497,-3118.8573377954376,-12947.137024305102
2460819.8284722026,6074.573667544061,-3123.7886018614086,-12903.920089846333
2460819.829166647,6065.287346755574,-3128.7019984335507,-12860.62955200226
2460819.8298610914,6055.966290581322,-3133.5973490700003,-12817.265038783624
2460819.830555536,6000.381297119242,-3162.038021054268,-12560.482592002309
2460819.8312499803,6000.381297119242,-3162.038021054268,-12560.482592002309
2460819.8319444247,6000.381297119242,-3162.038021054268,-12560.482592002309
2460819.832638869,6000.381297119242,-3162.038021054268,-12560.482592002309
2460819.8333333135,6000.381297119242,-3162.038021054268,-12560.482592002309
2460819.834027758,5999.296774519636,-3162.5801974203446,-12555.503246654924
2460819.8347222023,5989.725640951252,-3167.3440315339903,-12511.610202719308
2460819.8354166467,5980.117758070698,-3172.088305667705,-12467.640082822845
2460819.836111091,5970.4728610186685,-3176.8128191080787,-12423.592483110753
2460819.8368055355,5960.790681875927,-3181.5173684508723,-12379.466995924007
2460819.83749998,5951.070949665821,-3186.2017475224725,-12335.26320980775
2460819.8381944243,5941.313390201922,-3190.8657473310213,-12290.980709401929
2460819.8388888687,5931.517731438161,-3195.5091535757183,-12246.619099622394
2460819.839583313,5921.683682027531,-3200.1317566472126,-12202.177908849499
2460819.8402777575,5911.810964518677,-3204.7333357123025,-12157.6567394027
2460819.840972202,5901.899289195132,-3209.3136714074067,-12113.055148937949
2460819.8416666463,5891.94836646658,-3213.8725394664975,-12068.372707461012
2460819.8423610907,5881.957902076388,-3218.4097130398195,-12023.608975183504
2460819.843055535,5871.927598250366,-3222.92496223204,-11978.763508144764
2460819.8437499795,5861.857153536335,-3227.4180538868873,-11933.835858025384
2460819.844444424,5851.746262958777,-3231.888751546182,-11888.825572162114
2460819.8451388683,5841.5946176908365,-3236.3368154581913,-11843.73219343998
2460819.8458333127,5831.401905191338,-3240.7620024487433,-11798.555260261826
2460819.846527757,5821.167809103072,-3245.1640658649812,-11753.294306466023
2460819.8472222015,5810.89201457075,-3249.542753134045,-11707.948885893125
2460819.847916646,5800.574187621019,-3253.8978148989827,-11662.51847961255
2460819.8486110903,5790.214002872106,-3258.228992357052,-11617.002620608553
2460819.8493055347,5779.811129143332,-3262.5360238772478,-11571.400829549653
2460819.849999979,5769.36522978192,-3266.8186445111933,-11525.712616542485
2460819.8506944235,5758.875963970556,-3271.0765854934616,-11479.937486709834
2460819.851388868,5748.342986489839,-3275.309574092725,-11434.074940218266
2460819.8520833123,5737.7659476921135,-3279.51733355886,-11388.124472102805
2460819.8527777568,5727.144493518843,-3283.699583065883,-11342.085572238093
2460819.853472201,5716.478265210647,-3287.8560375325856,-11295.957725125656
2460819.8541666456,5705.76689965032,-3291.986407864796,-11249.740410381226
2460819.85486109,5695.010034615696,-3296.090398151363,-11203.433127087459
2460819.8555555344,5684.207285530482,-3300.167714851821,-11157.035293224691
2460819.8562499788,5673.358281930698,-3304.2180526897864,-11110.546402761303
2460819.856944423,5662.462638343575,-3308.2411055689267,-11063.965901368405
2460819.8576388676,5651.519968376121,-3312.23656117888,-11017.293246460751
2460819.858333312,5640.529879096439,-3316.204102931831,-10970.527883850098
2460819.8590277564,5629.491972307297,-3320.143409352119,-10923.669253445167
2460819.859722201,5618.405844368379,-3324.054153929509,-10876.716789081303
2460819.860416645,5607.271086450717,-3327.9360053276487,-10829.66991896897
2460819.8611110896,5596.087283889238,-3331.7886267780186,-10782.528064715863
2460819.861805534,5584.854016495046,-3335.611676303938,-10735.290641870948
2460819.8624999784,5573.570864421599,-3339.404804462982,-10687.95708547018
2460819.863194423,5562.237383562119,-3343.1676625531104,-10640.526746685353
2460819.863888867,5550.853143588289,-3346.8998895342843,-10592.999053526544
2460819.8645833116,5539.4176977895395,-3350.6011221548947,-10545.373383734153
2460819.865277756,5527.930597353917,-3354.270989845336,-10497.64912617378
2460819.8659722004,5516.3913859025915,-3357.9091165847735,-10449.82565697113
2460819.866666645,5504.799600367686,-3361.515120117538,-10401.902345124532
2460819.867361089,5493.154771448772,-3365.088612266216,-10353.87855311558
2460819.8680555336,5481.4564227907085,-3368.6291982132784,-10305.753635768404
2460819.868749978,5469.70407137313,-3372.136476701946,-10257.526940839174
2460819.8694444224,5457.897227187286,-3375.6100398536337,-10209.197808727873
2460819.870138867,5446.0353930918845,-3379.0494730056266,-10160.765572298977
2460819.870833311,5434.118071217288,-3382.454352749468,-10112.229583384866
2460819.8715277556,5422.144738312883,-3385.824253658432,-10063.589112732945
2460819.8722222,5410.114878476526,-3389.1587388099574,-10014.843484326753
2460819.8729166444,5398.0279661791865,-3392.4573643787976,-9965.992005880165
2460819.873611089,5385.883466660495,-3395.7196797058746,-9917.03397138145
2460819.8743055332,5373.680837024979,-3398.945226062088,-9867.968666161916
2460819.8749999776,5361.419526113503,-3402.133536960599,-9818.795367306862
2460819.875694422,5349.098974601177,-3405.2841377899827,-9769.513343449795
2460819.8763888665,5336.718614520056,-3408.396545740305,-9720.12185458728
2460819.877083311,5324.27786929207,-3411.470269441333,-9670.620151943947
2460819.8777777553,5311.776153393656,-3414.504808963436,-9621.00747784185
2460819.8784721997,5299.212879118128,-3417.499653923358,-9571.283092694657
2460819.879166644,5286.587430484348,-3420.45428921867,-9521.44617243574
2460819.8798610885,5273.899198076264,-3423.368187032324,-9471.495946660893
2460819.880555533,5261.147560414996,-3426.2408103421976,-9421.431626675103
2460819.8812499773,5248.331884743342,-3429.071612787831,-9371.25240797942
2460819.8819444217,5235.451528193084,-3431.860038192329,-9320.957476289032
2460819.882638866,5222.505837583409,-3434.6055201361255,-9270.546007283257
2460819.8833333105,5209.494149242718,-3437.3074818272194,-9220.01716652134
2460819.884027755,5196.415788751011,-3439.965335804611,-9169.370109219104
2460819.8847221993,5183.270070672292,-3442.5784836555044,-9118.603980042304
2460819.8854166437,5170.056298361634,-3445.1463158196298,-9067.717913024526
2460819.886111088,5156.773770805825,-3447.668209809538,-9016.711058989971
2460819.8868055325,5143.421753808948,-3450.143535783745,-8965.582474701485
2460819.887499977,5129.999524304475,-3452.571647150455,-8914.331295077674
2460819.8881944213,5116.5063347058895,-3454.9518873895213,-8862.956596641672
2460819.8888888657,5102.941429950611,-3457.283586381065,-8811.45746357353
2460819.88958331,5089.3040404209705,-3459.5660614266712,-8759.832961793178
2460819.8902777545,5075.59338332452,-3461.7986164804006,-8708.08214519017
2460819.890972199,5061.808662424221,-3463.9805418691194,-8656.2040553622
2460819.8916666433,5047.949067716155,-3466.111113951466,-8604.197721457065
2460819.8923610877,5034.013774985114,-3468.1895946944046,-8552.062159776127
2460819.893055532,5020.001945832311,-3470.215231580681,-8499.796374152316
2460819.8937499765,5005.912726838346,-3472.1872567157957,-8447.399354836067
2460819.894444421,4991.7452572365055,-3474.1048858412328,-8394.870107511411
2460819.8951388653,4977.498639425358,-3475.9673216453443,-8342.207544905481
2460819.8958333097,4963.171977603438,-3477.773747981207,-8289.410631940045
2460819.896527754,4948.764357427572,-3479.523332433853,-8236.478310642346
2460819.8972221985,4934.274846086696,-3481.215225476172,-8183.409502072516
2460819.897916643,4919.702493624382,-3482.8485599720393,-8130.203112627553
2460819.8986110874,4905.046332572172,-3484.4224505006946,-8076.858033738494
2460819.8993055318,4890.3053776983825,-3485.9359933104365,-8023.373142065951
2460819.899999976,4875.478625119808,-3487.388265115758,-7969.747298418431
2460819.9006944206,4860.565052138949,-3488.778323075469,-7915.979348019687
2460819.901388865,4845.563616753358,-3490.1052040578165,-7862.068120070353
2460819.9020833094,4830.473265319268,-3491.3679233920825,-7808.012457025869
2460819.902777754,4815.292900996224,-3492.565476984935,-7753.811103043733
2460819.903472198,4800.021425012023,-3493.6968369513634,-7699.462853368921
2460819.9041666426,4784.657714621646,-3494.7609530627556,-7644.966476997915
2460819.904861087,4769.200623024271,-3495.756751795744,-7590.320718379594
2460819.9055555314,4753.648981173294,-3496.683135913505,-7535.524304623469
2460819.906249976,4738.001596463803,-3497.5389831631637,-7480.575944148273
2460819.90694442,4722.257252487092,-3498.323145994362,-7425.474326973874
2460819.9076388646,4706.414708458685,-3499.034450578455,-7370.2181242586885
2460819.908333309,4690.472698283922,-3499.6716961619213,-7314.805987905585
2460819.9090277534,4674.429930094294,-3500.233654220117,-7259.236550193557
2460819.909722198,4658.285094269421,-3500.7190672402403,-7203.508453878575
2460819.910416642,4642.0368274128905,-3501.126649083452,-7147.6202302084685
2460819.9111110866,4625.683766413987,-3501.455082228026,-7091.570487780386
2460819.911805531,4609.224504336245,-3501.7030181759696,-7035.357762513568
2460819.9124999754,4592.65761090212,-3501.8690762131555,-6978.980590360337
2460819.91319442,4575.981622906735,-3501.951841979831,-6922.437477848827
2460819.913888864,4559.1950458416795,-3501.949866789672,-6865.726909324659
2460819.9145833086,4542.296352802269,-3501.8616664948227,-6808.847346368891
2460819.915277753,4525.283983516423,-3501.685720204241,-6751.797227365898
2460819.9159721974,4508.1563434381305,-3501.4204691795453,-6694.574967108247
2460819.916666642,4490.911802660202,-3501.064315604999,-6637.178956278546
2460819.9173610862,4473.548704377161,-3500.6156215926603,-6579.607592489099
2460819.9180555306,4456.065325745588,-3500.0727065691576,-6521.859154007363
2460819.918749975,4438.459936178904,-3499.4338480355377,-6463.931995522381
2460819.9194444194,4420.730748775738,-3498.69727814842,-6405.824392147651
2460819.920138864,4402.875942432702,-3497.8611832415495,-6347.534614547603
2460819.9208333082,4384.893651411123,-3496.9237020210535,-6289.060899247724
2460819.9215277527,4366.781966296917,-3495.8829238538665,-6230.401455348714
2460819.922222197,4348.538932546755,-3494.7368870572736,-6171.554464096729
2460819.9229166415,4330.162549218181,-3493.483577232671,-6112.51807829266
2460819.923611086,4311.650767280557,-3492.120925240516,-6053.290421850694
2460819.9243055303,4293.001488034921,-3490.6468053164144,-5993.869589047601
2460819.9249999747,4274.212561917545,-3489.0590332985535,-5934.253644739099
2460819.925694419,4255.281796527785,-3487.355364968356,-5874.4406553637955
2460819.9263888635,4236.206916399881,-3485.533490645648,-5814.4285662677985
2460819.927083308,4216.985613212478,-3483.5910374097807,-5754.215366308395
2460819.9277777523,4197.615517244864,-3481.5255644286335,-5693.799002281523
2460819.9284721967,4178.094196069565,-3479.3345604024653,-5633.177380828954
2460819.929166641,4158.41915473335,-3477.015441134921,-5572.348375376082
2460819.9298610855,4138.587833746098,-3474.5655468431223,-5511.309825651234
2460819.93055553,4118.597606763334,-3471.98213905513,-5450.05953706623
2460819.9312499743,4098.445778128248,-3469.2623977370104,-5388.595280111655
2460819.9319444187,4078.1295808734294,-3466.403418261655,-5326.914790418258
2460819.932638863,4057.6461734586283,-3463.402207620523,-5265.015767230553
2460819.9333333075,4036.99264889551,-3460.255683064709,-5202.895907562773
2460819.934027752,4016.165986671037,-3456.960661321183,-5140.552769900448
2460819.9347221963,3995.1631200111815,-3453.5138655541177,-5077.983984759893
2460819.9354166407,3973.9808773627155,-3449.9119127214562,-5015.187087455938
2460819.936111085,3952.6160061572396,-3446.1513136332937,-4952.159598587985
2460819.9368055295,3931.065159026971,-3442.228466798385,-4888.898992218855
2460819.937499974,3909.3248927446693,-3438.139653986649,-4825.402703140947
2460819.9381944183,3887.3916650073725,-3433.8810357609764,-4761.668127286819
2460819.9388888627,3865.261829948915,-3429.4486456539266,-4697.692620218945
2460819.939583307,3842.9316345683837,-3424.8383851205613,-4633.47349766307
2460819.9402777515,3820.397214341614,-3420.0460176806214,-4569.008035085982
2460819.940972196,3797.654601369702,-3415.0671655935103,-4504.293502842755
2460819.9416666403,3774.6996698976372,-3409.8972925310804,-4439.327024876514
2460819.9423610847,3751.528208789754,-3404.531713862313,-4374.105798508471
2460819.943055529,3728.135855354021,-3398.965575980824,-4308.62692073706
2460819.9437499736,3704.518119555145,-3393.193855443093,-4242.887472604925
2460819.944444418,3680.6703672582853,-3387.211348847381,-4176.884487404781
2460819.9451388624,3660.542640208164,-3382.0414438476005,-4121.471298624246
2460819.9458333068,3660.542640208164,-3382.0414438476005,-4121.471298624246
2460819.946527751,3660.542640208164,-3382.0414438476005,-4121.471298624246
2460819.9472221956,3660.542640208164,-3382.0414438476005,-4121.471298624246
2460819.94791664,3660.542640208164,-3382.0414438476005,-4121.471298624246
2460819.9486110844,3660.542640208164,-3382.0414438476005,-4121.471298624246
2460819.949305529,3660.542640208164,-3382.0414438476005,-4121.471298624246
2460819.949999973,3660.542640208164,-3382.0414438476005,-4121.471298624246
2460819.9506944176,3454.846953897213,-3322.924244439716,-3570.489826520553
2460819.951388862,3428.408345228064,-3314.501497451452,-3501.679936729399
2460819.9520833064,3401.6774625492994,-3305.79608779909,-3432.571456441596
2460819.952777751,3374.647409272058,-3296.7998408417293,-3363.1610208509646
2460819.953472195,3347.3110404238373,-3287.5042451171626,-3293.445247153764
2460819.9541666396,3319.660951038278,-3277.9004346613824,-3223.420738723719
2460819.954861084,3291.689463648743,-3267.9791697506157,-3153.0840899843543
2460819.9555555284,3263.388615494916,-3257.730816825656,-3082.431891869995
2460819.956249973,3234.7501447261047,-3247.1453266964195,-3011.460738037858
2460819.956944417,3205.7654915051744,-3236.2122175675327,-2940.1672707301154
2460819.9576388616,3176.425723595663,-3224.9205284129534,-2868.5480430023226
2460819.958333306,3146.7215994371554,-3213.2588220039115,-2796.5997236174258
2460819.9590277504,3116.643510427881,-3201.215142301498,-2724.3190069314282
2460819.959722195,3086.1814639264435,-3188.7769848192615,-2651.7026270401066
2460819.960416639,3055.3250674571873,-3175.9312659650845,-2578.7473798295714
2460819.9611110836,3024.0635087325427,-3162.664289042327,-2505.4501376750804
2460819.961805528,2992.38553404067,-3148.9617077307084,-2431.8078661330924
2460819.9624999724,2960.279425713128,-3134.8084871078277,-2357.8176425800784
2460819.963194417,2927.732978089175,-3120.1888616769706,-2283.4766771879918
2460819.9638888612,2894.7334727007965,-3105.086291295414,-2208.7823374591917
2460819.9645833056,2861.267669443875,-3089.483421042035,-2133.732214841256
2460819.96527775,2827.321705514027,-3073.361996169293,-2058.323991902326
2460819.9659721944,2792.881179670815,-3056.7028602443115,-1982.555731112603
2460819.966666639,2757.931030865678,-3039.4858539777215,-1906.4257115967532
2460819.9673610833,2722.4555496471107,-3021.6897730861915,-1829.9325703675754
2460819.9680555277,2686.4383264160133,-3003.2922923118213,-1753.0753129776465
2460819.968749972,2649.8622197719083,-2984.269895071627,-1675.8533779574557
2460819.9694444165,2612.709318598439,-2964.597795624108,-1598.2666986926056
2460819.970138861,2574.960903365663,-2944.2498566080717,-1520.3157742312078
2460819.9708333053,2536.597404509886,-2923.198499099273,-1442.0017470662606
2460819.9715277497,2497.5983607191483,-2901.414608241502,-1363.3264932613617
2460819.972222194,2457.9423752849334,-2878.8674313942947,-1284.292723136302
2460819.9729166385,2417.6070938249595,-2855.5244827104425,-1204.9041386521142
2460819.973611083,2376.569076042564,-2831.3513795702593,-1125.1653992164743
2460819.9743055273,2334.803861375163,-2806.3117838992894,-1045.0824868692173
2460819.9749999717,2292.285867470245,-2780.36723991168,-964.6627587029626
2460819.975694416,2248.988347357494,-2753.4770370951205,-883.9151365164015
2460819.9763888605,2204.8833532669714,-2725.5980692024928,-802.8503289661501
2460819.977083305,2159.9416973093876,-2696.6846818969584,-721.4810695332584
2460819.9777777493,2114.1329183271864,-2666.6885160066845,-639.8223880523097
2460819.9784721937,2067.4252550907468,-2635.5583445690468,-557.8919166784549
2460819.979166638,2019.7856287530742,-2603.2399068677173,-475.7102361228384
2460819.9798610825,1971.1796375990916,-2569.675740903509,-393.3012667437405
2460819.980555527,1921.5715952846003,-2534.805036839926,-310.6927549904912
2460819.9812499713,1870.9244600523525,-2498.563404801711,-227.91660108038363
2460819.9819444157,1819.2000289914681,-2460.882821092234,-145.00964687863586
2460819.98263886,1766.3589592060905,-2421.691448371831,-62.01418578387724
2460819.9833333045,1712.3609018288535,-2380.9135322795178,21.021331059312313
2460819.984027749,1657.1646901422548,-2338.4693374901735,104.04150385389902
2460819.9847221933,1600.7285856498393,-2294.275133401737,186.98311667315784
2460819.9854166377,1543.0105994880776,-2248.243248385215,269.7741835345742
2460819.986111082,1483.9689057999997,-2200.282215360168,352.3329062421376
2460819.9868055265,1423.562364803207,-2150.2970346978486,434.5665476878879
2460819.987499971,1361.7511753664692,-2098.1895858859643,516.3702301812805
2460819.9881944153,1298.4977133222285,-2043.859254515765,597.6256315256205
2460819.9888888597,1233.7673692265107,-1987.2036366006835,678.1998718307601
2460819.989583304,1167.5299349916975,-1928.1198222455992,757.9439575832288
2460819.9902777486,1099.7608160971802,-1866.505668348769,836.6917900449516
2460819.990972193,1030.4427257835534,-1802.261667326326,914.2589975004203
2460819.9916666374,959.5674890344969,-1735.2931303704615,990.4421641074005
2460819.9923610818,887.1381031184025,-1665.512860614422,1065.0183873441051
2460819.993055526,813.170969426843,-1592.8442863533653,1137.7453783234112
2460819.9937499706,737.6982410742095,-1517.225044268758,1208.3622692444656
2460819.994444415,660.7701861510445,-1438.6109505516986,1276.5913139307058
2460819.9951388594,582.4574269828114,-1356.98023941768,1342.140660925935
2460819.995833304,502.85291925125364,-1272.33792812671,1404.7083134019479
2460819.996527748,422.0731916160294,-1184.7197618526282,1463.9875647671743
2460819.9972221926,340.2592781756206,-1094.1961191428527,1519.673376010187
2460819.997916637,257.5761834215369,-1000.8745060516173,1571.4702700128291
2460819.9986110814,174.2114973189314,-904.9011122890048,1619.1008106697948
2460819.999305526,90.37258890690944,-806.460586855222,1662.3145421607335
2460819.99999997,6.282585491199999,-705.7740129852589,1700.8966398797104
2460820.0006944146,-77.82477411768572,-603.0949435015284,1734.6756351083025
2460820.001388859,-141.06898484047707,-523.4826285814534,1756.3247444729898
2460820.0020833034,-200.1787609970667,-446.8647476593043,1771.6803351578612
2460820.002777748,-258.71973326200293,-368.9771186239523,1782.001780857341
2460820.003472192,-316.5255609933118,-290.0410556728786,1787.2597523430388
2460820.0041666366,-373.43196161016266,-210.28089577301836,1787.4393087786868
2460820.004861081,-429.277293717284,-129.92319726651473,1782.5399388386222
2460820.0055555254,-483.9028583890633,-49.19631628220049,1772.5755583977163
2460820.00624997,-537.1534325445904,31.670354780457295,1757.5744779840584
2460820.006944414,-588.8777068051925,112.44703610423439,1737.5793189482195
2460820.0076388586,-638.9287083750987,192.90420324457344,1712.6468927830012
2460820.008333303,-687.1642188317093,272.8132395091323,1682.848039752885
2460820.0090277474,-733.4471774226799,351.94708449902885,1648.2674276628768
2460820.009722192,-777.6460717139338,430.08088080743113,1609.003311322658
2460820.0104166362,-819.6353103745234,506.9926117998681,1565.167253476197
2460820.0111110806,-859.2955803698106,582.4637327691008,1516.8838078302867
2460820.011805525,-896.5141663118819,656.2797521551512,1464.290195070315
2460820.0124999695,-931.1853505014027,728.231000868557,1407.5357961487944
2460820.013194414,-963.2105878621319,798.1129781144664,1346.781907656533
2460820.0138888583,-992.4988842082586,865.7271292103618,1282.2011402414741
2460820.0145833027,-1018.9670097437127,930.8813165311732,1213.9770015037668
2460820.015277747,-1042.53975165836,993.3904000723022,1142.3033449463087
2460820.0159721915,-1063.1501244087608,1053.0767559323947,1067.3838260304803
2460820.016666636,-1080.7395595310634,1109.7707800910885,989.431324043686
2460820.0173610803,-1095.2580722805942,1163.3113707775917,908.6673370251342
2460820.0180555247,-1106.664403771775,1213.5463861041442,825.3213525943098
2460820.018749969,-1114.926138176053,1260.333076515018,739.6301958670476
2460820.0194444135,-1120.019792993267,1303.5384679793715,651.8374048914776
2460820.020138858,-1121.9308952990364,1343.039831933825,562.1923464418288
2460820.0208333023,-1120.654006553628,1378.724888892553,470.94980570456767
2460820.0215277467,-1116.1927498167472,1410.492240444912,378.3690266022063
2460820.022222191,-1108.559797044552,1438.251607055478,284.7130905828593
2460820.0229166355,-1097.776832786412,1461.9241023579425,190.2481238411498
2460820.02361108,-1083.8744925302578,1481.442452943607,95.24255231007885
2460820.0243055243,-1066.8922758686938,1496.7511894600066,-0.0336609759574622
2460820.0249999687,-1046.8784341285032,1507.8068044606018,-95.30978306010948
2460820.025694413,-1023.8898334165317,1514.5778760218507,-190.31508041535562
2460820.0263888575,-997.9917930498958,1517.0451570975786,-284.77958824774316
2460820.027083302,-969.257900006956,1515.2016303742473,-378.4348776584367
2460820.0277777463,-937.769817751166,1509.052532771033,-471.0147684726163
2460820.0284721907,-903.6169885835781,1498.61532626301,-562.2562747793593
2460820.029166635,-866.8964648910822,1483.9196630123768,-651.9000963442411
2460820.0298610795,-827.7125920709487,1465.0072977587906,-739.6914883447344
2460820.030555524,-786.1767115597202,1441.9319666661254,-825.3809808426022
2460820.0312499683,-742.4068486473893,1414.7592358348948,-908.7250761599761
2460820.0319444127,-696.5273770255515,1383.5663149304582,-989.4869409011873
2460820.032638857,-648.668665508221,1348.441837844571,-1067.4370789750405
2460820.0333333015,-598.966707381506,1309.4856109319048,-1142.3539838651222
2460820.034027746,-547.5627340816474,1266.808329320112,-1214.0247681549042
2460820.0347221904,-494.6028139649896,1220.5312623876716,-1282.24576824635
2460820.0354166348,-440.2374669020666,1170.7859372054913,-1346.8230895377314
2460820.036111079,-384.62112470796274,1117.7136615593265,-1407.5732883476535
2460820.0368055236,-327.9118416790309,1061.46525762016,-1464.323712417393
2460820.037499968,-270.2707697023126,1002.2005670288404,-1516.9130884511521
2460820.0381944124,-211.86170183636796,940.0879965038478,-1565.1919753189025
2460820.038888857,-152.8506135250446,875.3040457650195,-1609.0231808643018
2460820.039583301,-93.4051911462402,808.0328059459374,-1648.2821518363214
2460820.0402777456,-33.69435535205754,738.4654362750152,-1682.8573278675362
2460820.04097219,26.112218884974133,666.7996212540043,-1712.6504584542477
2460820.0416666344,85.84458460227624,593.2390083826402,-1737.576882262826
2460820.042361079,145.3330056919555,517.9926296583812,-1757.5657676944747
2460820.043055523,204.40840727609933,441.2743497580205,-1772.5603073656155
2460820.0437499676,262.90298458672737,363.30209016830736,-1782.5179094848459
2460820.044444412,320.65047964288544,284.2974708003702,-1787.4102695807928
2460820.0451388564,377.4868115697164,204.48497372386768,-1787.2234881475558
2460820.045833301,433.25046703997276,124.09140635708309,-1781.9580968945954
2460820.046527745,487.7829884510935,43.345217268364586,-1771.6290602604006
2460820.0472221896,540.9294167440504,-37.52414308622267,-1756.265732168509
2460820.047916634,592.5387320465559,-118.28687460766054,-1735.9117722255128
2460820.0486110784,642.464282602838,-198.71348051158716,-1710.6250218088771
2460820.049305523,690.5642016117358,-278.57541949990184,-1680.4773396288067
2460820.049999967,736.7018103028294,-357.6457552286298,-1645.5543974830655
2460820.0506944116,780.7460064339544,-435.69980124901605,-1605.9554367265416
2460820.051388856,822.5716146034857,-512.5157180470968,-1561.7930114771402
2460820.0520833004,862.0598269668675,-587.8753005866779,-1513.192576511873
2460820.052777745,899.098423868801,-661.564385258244,-1460.2922498913404
2460820.053472189,933.58215510665,-733.3735695570775,-1403.2423632563457
2460820.0541666336,965.4130358843682,-803.0988029266421,-1342.2050341114102
2460820.054861078,994.5006200207124,-870.541957347972,-1277.353709952971
2460820.0555555224,1020.7622570192727,-935.5113900369641,-1208.8726759613066
2460820.056249967,1038.6296827583576,-982.6968171130646,-1155.018776671399
2460820.0569444112,1038.6296827583576,-982.6968171130646,-1155.018776671399
2460820.0576388557,1038.6296827583576,-982.6968171130646,-1155.018776671399
2460820.0583333,1038.6296827583576,-982.6968171130646,-1155.018776671399
2460820.0590277445,1038.6296827583576,-982.6968171130646,-1155.018776671399
2460820.059722189,1038.6296827583576,-982.6968171130646,-1155.018776671399
2460820.0604166333,1120.2593921806708,-1306.5389841519325,-645.3744836177544
2460820.0611110777,1121.9402047166448,-1345.7675515127496,-555.6049208255837
2460820.061805522,1120.4329870001438,-1381.172051560611,-464.2565770251419
2460820.0624999665,1115.7420272733239,-1412.651886736279,-371.58902468633636
2460820.063194411,1107.88066041074,-1440.1176118816195,-277.86558408215467
2460820.0638888553,1096.8712300333452,-1463.4911883975685,-183.35257500717847
2460820.0645832997,1082.7450249821075,-1482.70620588187,-88.3185600055166
2460820.065277744,1065.542190285944,-1497.708070782706,6.966418752322703
2460820.0659721885,1045.3116129857997,-1508.4541613521815,102.23160706560644
2460820.066666633,1022.1107970164658,-1514.9139466734441,197.20625546993105
2460820.0673610773,996.0056469973501,-1517.0690846402722,291.620596594461
2460820.0680555217,967.0703608871758,-1514.9134536016682,385.2062888193242
2460820.068749966,935.3871552833342,-1508.4531845943793,477.69743296456693
2460820.0694444105,901.0460652761276,-1497.7066406043168,568.8312053403381
2460820.070138855,864.1446745520676,-1482.7043639055062,658.3486517622127
2460820.0708332993,824.7878413553398,-1463.4889891244707,745.9954114007949
2460820.0715277437,783.0874006596465,-1440.1151220658103,831.5224396050459
2460820.072222188,739.1618461753553,-1412.649184365268,914.6867156026681
2460820.0729166325,693.1359941990492,-1381.1692252822581,995.2519321676618
2460820.073611077,645.1406280424625,-1345.764698961862,1072.9891682812795
2460820.0743055213,595.3121547070288,-1306.5362332353184,1147.6774988890043
2460820.0749999657,543.792107546505,-1263.59525600451,1219.1047836737923
2460820.07569441,490.72691374390655,-1217.0638128121418,1287.0680174871156
2460820.0763888545,436.26734375116916,-1167.074112789142,1351.3741052714724
2460820.077083299,380.56814961340405,-1113.7682085157728,1411.840317754453
2460820.0777777433,323.7875988317404,-1057.297569248783,1468.294845270374
2460820.0784721877,266.0870311139719,-997.8226563468943,1520.5772771129045
2460820.079166632,207.63039991745174,-935.5124669571796,1568.5390573833001
2460820.0798610765,148.5838073032147,-870.5440549000513,1612.043906497482
2460820.080555521,89.11503085519736,-803.1020260959499,1650.9682092025614
2460820.0812499654,29.393047866034326,-733.3780150151724,1685.201365171997
2460820.0819444098,-30.412445135353025,-661.5701400322615,1714.6461034172412
2460820.082638854,-90.13148191346131,-587.8824810168466,1739.2187465415916
2460820.0833332986,-149.59443196331873,-512.5243477668113,1758.8494971934829
2460820.084027743,-208.63231729679853,-435.70988775872445,1773.4825653690655
2460820.0847221874,-267.07737775030006,-357.6573752284672,1783.0763682352726
2460820.085416632,-324.7635451997508,-278.588592610434,1787.6036441488482
2460820.086111076,-381.5269072773729,-198.7282107783691,1787.051527143928
2460820.0868055206,-437.2061740018045,-118.30314933271067,1781.4215838147006
2460820.087499965,-491.64313538480747,-37.541932648756315,1770.7298086738808
2460820.0881944094,-544.6831111820406,43.32595934292457,1755.0065788006966
2460820.088888854,-596.1753902450977,124.07074346515908,1734.2965675493488
2460820.089583298,-645.9736588614768,204.46298586099124,1708.6586176378944
2460820.0902777426,-693.9363907750923,284.27421092163934,1678.1655919913972
2460820.090972187,-739.9273528303454,363.27772354251545,1642.9040977259695
2460820.0916666314,-783.8158300194149,441.24898326815395,1602.9743449497405
2460820.092361076,-825.4771237206344,517.9664544638166,1558.489777780669
2460820.09305552,-864.7928471060483,593.2121348061826,1509.576797443102
2460820.0937499646,-901.65128325667,666.7722130129264,1456.374383633963
2460820.094444409,-935.9476971736933,738.4376668412365,1399.0337045282724
2460820.0951388534,-967.5846334159322,808.0048569046611,1337.7176872645357
2460820.095833298,-996.4721929320892,875.276105392527,1272.6005550823884
2460820.096527742,-1022.5282886130469,940.0602577032387,1203.8673323834403
2460820.0972221866,-1045.6788786225745,1002.1732257220355,1131.7133190816435
2460820.097916631,-1065.8581665809347,1061.4384795121875,1056.343577468416
2460820.0986110754,-1083.0088307087342,1117.6876757653226,977.9721842869187
2460820.09930552,-1097.0821196819106,1170.7609372331729,896.8218784107628
2460820.0999999642,-1108.0380431336241,1220.5074632951648,813.123224733773
2460820.1006944086,-1115.8454630679526,1266.7858854849787,727.1140605572932
2460820.101388853,-1120.4821898172888,1309.4646964452659,639.0387792745446
2460820.1020832974,-1121.9350431674472,1348.4226167464772,549.1476459927756
2460820.102777742,-1120.199889878198,1383.548939592911,457.6960864643266
2460820.1034721863,-1115.2816555710376,1414.7438455259298,364.94396130374065
2460820.1041666307,-1107.1943106797237,1441.9186860484845,271.15482763510715
2460820.104861075,-1095.9608309040216,1464.9962356923115,176.59519006476495
2460820.1055555195,-1081.6131318302596,1483.9109112226383,81.53374389894917
2460820.106249964,-1064.1919888240934,1498.6089518169078,-13.759337209031715
2460820.1069444083,-1043.7468843059255,1509.0486001125157,-109.0133640358893
2460820.1076388527,-1020.3359133323554,1515.2001778210076,-203.95763787665996
2460820.108333297,-994.0255977945493,1517.0461964583835,-298.3223552153114
2460820.1090277415,-964.8906962312424,1514.581403897037,-391.83937055043873
2460820.109722186,-933.0139937328297,1507.8127976619278,-484.2429464507964
2460820.1104166303,-898.4860667950746,1496.7596051959513,-575.2705086735351
2460820.1111110747,-861.4050259253003,1481.453229315668,-664.6633925073844
2460820.111805519,-821.8762369201946,1461.937158797566,-752.1675773111995
2460820.1124999635,-780.0120214226639,1438.266845173827,-837.534409212596
2460820.113194408,-735.9313378724368,1410.5095451280235,-920.5213072037983
2460820.1138888523,-689.7594690069124,1378.744147656824,-1000.8924096396754
2460820.1145832967,-641.6275705678992,1343.0608834598675,-1078.4194085519641
2460820.115277741,-591.6724247720769,1303.56115384257,-1152.8819745998976
2460820.1159721855,-540.03598871599,1260.357202478026,-1224.0685011734427
2460820.11666663,-486.864991445869,1213.571795311506,-1291.7767006945912
2460820.1173610743,-432.31052289704263,1163.3378758777676,-1355.8141696449457
2460820.1180555187,-376.5276047670644,1109.798187557696,-1415.998935089527
2460820.118749963,-319.67474964652615,1053.1048679188411,-1472.159972284623
2460820.1194444075,-261.9135108053188,993.419016427344,-1524.137690447257
2460820.120138852,-203.40802298804743,930.9102366317595,-1571.7843863725545
2460820.1208332963,-144.3245359642175,865.7561541242144,-1614.9646642090474
2460820.1215277407,-84.83097464820551,798.1419493281518,-1653.5558004956793
2460820.122222185,-25.096331989998113,728.2596826313545,-1687.4481745055652
2460820.1229166295,34.70960924433643,656.3079786546937,-1716.5454503082262
2460820.123611074,94.41691873658704,582.4912792491892,-1740.764951183742
2460820.1243055183,153.85592356672615,507.0193533074296,-1760.0378503534212
2460820.1249999627,212.85772108883495,430.106664254117,-1774.3093817903682
2460820.125694407,271.25465108418774,351.9717698322294,-1783.5389918956146
2460820.1263888516,328.8807722219361,272.83670070696195,-1787.700454772591
2460820.127083296,385.5723337428555,192.92632970754957,-1786.7819466900069
2460820.1277777404,441.1682407716157,112.46773262700489,-1780.7860797171081
2460820.1284721848,495.51051205987005,31.689542978503088,-1769.7298941947524
2460820.129166629,548.4447006818948,-49.17865384762083,-1753.644820499178
2460820.1298610736,599.8204471639075,-129.90714891517035,-1732.5765518643598
2460820.130555518,649.4917279671923,-210.26648855816453,-1706.5849705468954
2460820.1312499624,697.3174111087598,-290.0283427010947,-1675.743931966219
2460820.131944407,743.1615906494839,-368.96604927398226,-1640.1410812624915
2460820.132638851,786.8939980188708,-446.8552986217977,-1599.877592053214
2460820.1333332956,828.3903658381591,-523.474760951065,-1555.067881776211
2460820.13402774,867.5327810459513,-598.6067152072469,-1505.839286435825
2460820.1347221844,904.2100199961167,-672.0376678656332,-1452.3316987475596
2460820.135416629,938.3178644130732,-743.5589594763196,-1394.697170468354
2460820.136111073,969.7593975887434,-812.967357736383,-1333.0994803484848
2460820.1368055176,998.4452797257202,-880.0656349209893,-1267.7136683663398
2460820.137499962,1024.2939885461358,-944.6630938306971,-1198.7255775518447
2460820.1381944064,1047.232102821061,-1006.5762413804309,-1126.331182010659
2460820.138888851,1067.1944378230992,-1065.629129892508,-1050.7362188945385
2460820.139583295,1084.1242709737724,-1121.6539521172083,-972.1555102018475
2460820.1402777396,1097.9735000623991,-1174.4915139290215,-890.8123526127322
2460820.140972184,1108.7027768520943,-1223.9916784978027,-806.9378919520504
2460820.1416666284,1116.2816187383987,-1270.013793035012,-720.7704662376931
2460820.142361073,1120.6884954715997,-1312.4270882865549,-632.5549283886041
2460820.143055517,1121.9108900808938,-1351.1110501573553,-542.5419501722088
2460820.1437499616,1119.9453346820198,-1385.95576209793,-450.98731081752186
2460820.144444406,1114.797419906229,-1416.8622172752487,-358.1511687507721
2460820.1451388504,1106.4817845788557,-1443.7425864315214,-264.29737455175734
2460820.145833295,1095.0220542657482,-1466.520523637768,-169.6925162401894
2460820.1465277392,1080.4508030715751,-1485.1312932860858,-74.60548012634158
2460820.1472221836,1062.809437104827,-1499.5220235709794,20.693565095295494
2460820.147916628,1042.1480913466446,-1509.6518268967484,115.93381311938947
2460820.1486110725,1018.5254801999121,-1515.4919257190143,210.8446375426815
2460820.149305517,992.0087321285991,-1517.025731722847,305.15634908207596
2460820.1499999613,962.6731994067891,-1514.2488932231477,398.60096091877574
2460820.1506944057,930.6022430709879,-1507.1693067776478,490.9129515902402
2460820.15138885,895.8869967147626,-1495.8070951794882,581.830018420983
2460820.1520832945,858.6261071854633,-1480.1945500769193,671.0938231487545
2460820.152777739,818.9254766198201,-1460.3760520250958,758.450678829809
2460820.1534721833,776.8978737492174,-1436.4078989854156,843.6524597541918
2460820.1541666277,732.6627488115938,-1408.3582147395355,926.4570108391856
2460820.154861072,686.3457862956282,-1376.306699800625,1006.6290685081206
2460820.1555555165,638.0786022574309,-1340.3444355075992,1083.940818374562
2460820.156249961,587.9983488535299,-1300.5736123289746,1158.1725838323596
2460820.1569444053,536.2473290139351,-1257.1072416758454,1229.1134408867324
2460820.1576388497,482.97259289887495,-1210.068835470526,1296.561816488507
2460820.158333294,428.3255198028219,-1159.5920549159102,1360.3260614700653
2460820.1590277385,372.46138813456315,-1105.8203308526113,1420.2249950029818
2460820.159722183,315.53893405285834,-1048.9064560073589,1476.088419387108
2460820.1604166273,257.7199006751553,-989.0121510455484,1527.7576035440418
2460820.1611110717,199.16861037903,-926.3076397812056,1575.0857094252256
2460820.161805516,140.0513777404947,-860.9710360152329,1617.938304702693
2460820.1624999605,80.53619791659501,-793.1880086467287,1656.1936113296413
2460820.163194405,20.792187971277034,-723.1511695203013,1689.742923949204
2460820.1638888493,-39.0108929501028,-651.0595255466536,1718.490914833333
2460820.1645832937,-98.70311784450169,-577.1179222133502,1742.355898384679
2460820.165277738,-158.11487465995904,-501.53646140143434,1761.2700634710593
2460820.1659721825,-217.07734832992614,-424.5299044478267,1775.1796659607269
2460820.166666627,-275.4230002864614,-346.31706192945796,1784.0451815227539
2460820.1673610713,-314.07588030051824,-293.3653695252819,1787.1495731093903
2460820.1680555157,-314.07588030051824,-293.3653695252819,1787.1495731093903
2460820.16874996,-314.07588030051824,-293.3653695252819,1787.1495731093903
2460820.1694444045,-314.07588030051824,-293.3653695252819,1787.1495731093903
2460820.170138849,-552.1839210805566,54.978645650230824,1752.3342227225112
2460820.1708332933,-603.4410600107966,135.6868276512688,1730.9105223608578
2460820.1715277378,-652.9835416842546,216.0094622220367,1704.5685053438722
2460820.172222182,-700.6705921276235,295.7183147428978,1673.3830172944558
2460820.1729166266,-746.3667091374937,374.5868941450495,1637.4426661325565
2460820.173611071,-789.9420472098052,452.3910965969606,1596.8495703795666
2460820.1743055154,-831.2727866543198,528.9098419516004,1551.7190690782886
2460820.1749999598,-870.2414853936754,603.9257024914726,1502.1793940992768
2460820.175694404,-906.7374122039581,677.2255194612117,1448.3713060288364
2460820.1763888486,-940.6568443999251,748.6009720887773,1390.4477266249135
2460820.177083293,-971.9034345503381,817.8493227093886,1328.5731763641968
2460820.1777777374,-1000.3883700610763,884.7737517453608,1262.9235045238722
2460820.178472182,-1026.0307150454832,949.1841070181841,1193.685232154122
2460820.179166626,-1048.757599373361,1010.8973538774932,1121.0551023642047
2460820.1798610706,-1068.5044406995894,1069.738129467156,1045.239488602749
2460820.180555515,-1085.2151241357562,1125.539232473899,966.4538164126144
2460820.1812499594,-1098.8421618776515,1178.1420983483483,884.9219513052577
2460820.181944404,-1109.346827813641,1227.3972493053443,800.875563102346
2460820.182638848,-1116.699268199166,1273.1647201414587,714.5534670734453
2460820.1833332926,-1120.8785861133738,1315.3144553088475,626.2009458361069
2460820.184027737,-1121.87290106713,1353.7266786675857,536.0690523210586
2460820.1847221814,-1119.6793848184993,1388.292216230221,444.4139466879007
2460820.185416626,-1114.3042638336647,1418.9128758802601,351.4959801058023
2460820.18611107,-1105.7628058069456,1445.501628605699,257.5792069841638
2460820.1868055146,-1094.0792772372397,1467.9829100492734,162.93050646652605
2460820.187499959,-1079.286872596131,1486.2928313512348,67.81882676844985
2460820.1881944034,-1061.4276205986994,1500.3793568615456,-27.48556756954594
2460820.188888848,-1040.552264694997,1510.2024515502155,-122.71186304930649
2460820.189583292,-1016.7201190702278,1515.7341955262768,-217.5894676592542
2460820.1902777366,-989.9989001079006,1516.958863117367,-311.84877921118755
2460820.190972181,-960.4645339403054,1513.8729676260416,-405.22195163459594
2460820.1916666254,-928.2009408637336,1506.4852713225969,-497.44365609433765
2460820.19236107,-893.2998164691296,1494.8167682020567,-588.2517860404213
2460820.1930555142,-855.8602987719659,1478.9005989299937,-677.3883876551396
2460820.1937499586,-815.9887811096102,1458.7819861791443,-764.6001413786637
2460820.194444403,-773.7985636818954,1434.5180952657095,-849.6392127427392
2460820.1951388475,-729.4095314274763,1406.177869340078,-932.2639516900684
2460820.195833292,-682.9478177737958,1373.841835394886,-1012.2395686509151
2460820.1965277363,-634.5454462738081,1337.6018753689482,-1089.3388013550311
2460820.1972221807,-584.3399555099141,1297.5609651498412,-1163.3425607664985
2460820.197916625,-532.4740081322681,1253.8328819150806,-1234.0405538082052
2460820.1986110695,-479.0949855964624,1206.5418808798895,-1301.231880945927
2460820.199305514,-424.354569255869,1155.8223422832136,-1364.72560713975
2460820.1999999583,-368.40834004284807,1101.8184195596777,-1424.3412732130746
2460820.2006944027,-311.4152139933096,1044.6835107429808,-1479.9095362518162
2460820.201388847,-253.53718083128368,984.5800063936177,-1531.2724499219157
2460820.2020832915,-194.93869276148183,921.6786816497479,-1578.2840709274192
2460820.202777736,-135.78627137827016,856.1582850461377,-1620.8108012282344
2460820.2034721803,-76.24800525318858,788.2050004781818,-1658.7317941223737
2460820.2041666247,-16.49307942713334,718.0119255320056,-1691.9392910624044
2460820.204861069,43.30870523328665,645.7785227271967,-1720.3389278554605
2460820.2055555135,102.98741479052336,571.7100526436235,-1743.850002849466
2460820.206249958,162.37346501005908,496.0169906888227,-1762.4057062836487
2460820.2069444023,221.29810342581087,418.91442874672737,-1775.9533100927467
2460820.2076388467,279.59385715601803,340.6215070853078,-1784.454314664815
2460820.208333291,337.09513559603306,261.36062043435106,-1787.8845737990646
2460820.2090277355,393.63850354878014,181.35705157868088,-1786.2343361776343
2460820.20972218,449.0633012526483,100.83812105981958,-1779.508292834899
2460820.2104166243,503.21202629061526,20.032643926661933,-1767.72555901955
2460820.2111110687,555.9308099181692,-60.82976075246358,-1750.9196196979788
2460820.211805513,607.0698469139921,-141.51931241478988,-1729.138234172942
2460820.2124999575,656.4838215838403,-221.80672211181505,-1702.4433004192717
2460820.213194402,704.0323204871995,-301.46384393657814,-1670.9106790336386
2460820.2138888463,749.5802315250123,-380.26432356498134,-1634.6299775551136
2460820.2145832907,792.9981278874022,-457.98424114120434,-1593.7042962531214
2460820.215277735,834.1626358150984,-534.4027480992828,-1548.2499342954022
2460820.2159721795,872.956764772128,-609.3026541568607,-1498.3960880499935
2460820.216666624,909.2703185219444,-682.4711975145506,-1444.284380029736
2460820.2173610684,943.0000996028282,-753.7004417974592,-1386.068591111563
2460820.2180555128,974.0502608990785,-822.7879752110716,-1323.9141584917627
2460820.218749957,1002.3325747063221,-889.5374818983157,-1257.9977045567505
2460820.2194444016,1027.7666787841038,-953.7592902766552,-1188.506541511936
2460820.220138846,1050.2803046601553,-1015.2709121548506,-1115.6381388102898
2460820.2208332904,1069.8094829639322,-1073.8975610668215,-1039.5995627805669
2460820.221527735,1086.29872509274,-1129.4726491217511,-960.6068869454791
2460820.222222179,1099.7011808783436,-1181.8382602022537,-878.8845787279147
2460820.2229166236,1109.9787716782319,-1230.845598755526,-794.6648613886263
2460820.223611068,1117.102295477908,-1276.3553886982177,-708.1871016708448
2460820.2243055124,1121.0515236508095,-1318.2383662209277,-619.6969402975549
2460820.224999957,1121.8152352027803,-1356.3754939628873,-529.4458876126185
2460820.225694401,1119.391265790581,-1390.6584189999953,-437.69037601577185
2460820.2263888456,1113.7865084269024,-1420.9897258544916,-344.69114599393197
2460820.22708329,1105.0168949409178,-1447.2832332683545,-250.71246066774668
2460820.2277777344,1093.107349932143,-1469.4642336775544,-156.02136474861558
2460820.228472179,1078.0917201156744,-1487.4697056142481,-60.88692665113872
2460820.229166623,1060.0126780556707,-1501.2484926256136,34.42052631860402
2460820.2298610676,1038.9216008300991,-1510.7614485888769,129.63017605110565
2460820.230555512,1014.8784240384209,-1515.9815487890792,224.4714832272797
2460820.2312499564,987.9514867870158,-1516.8939674455705,318.674904963117
2460820.231944401,958.2172774916534,-1513.4961193817933,411.97286522775255
2460820.232638845,925.7603082086786,-1505.7976652778118,504.10019637092176
2460820.2333332896,890.6728015257695,-1493.8204846706406,594.7951434518964
2460820.234027734,853.054465971592,-1477.5986172087016,683.7999879413227
2460820.2347221784,813.01219712688,-1457.1781628497754,770.86182586653
2460820.235416623,770.6597778008229,-1432.6171514841426,855.7332748613537
2460820.2361110672,726.1175545581885,-1403.9853779569783,938.173177018997
2460820.2368055116,679.5120957794585,-1371.3642037622662,1017.9472840668651
2460820.237499956,630.9758320311809,-1334.8463256818723,1094.828922909782
2460820.2381944004,580.6466798338432,-1294.535512550209,1168.5996396200476
2460820.238888845,528.6676494317842,-1250.546309919422,1239.0498203046784
2460820.2395832893,475.18646871673724,-1203.003742351118,1305.9792504380466
2460820.2402777337,420.35505245740313,-1152.0428583150642,1369.1978207152251
2460820.240972178,364.3292176599734,-1097.8084760190407,1428.5258795283335
2460820.2416666225,307.26816702193037,-1040.45470896023,1483.7948430817476
2460820.242361067,249.334037513057,-980.1445275577229,1534.8476694730584
2460820.2430555113,190.69144663311428,-917.0493023595003,1581.5392965918027
2460820.2437499557,131.50702477690368,-851.3483170263221,1623.7370542642684
2460820.2444444,71.94894155202309,-783.2282590600471,1661.3210411689981
2460820.2451388445,12.186428268619677,-712.882689311921,1694.1844654424174
2460820.245833289,-47.61070327838078,-640.5114917951064,1722.233948245652
2460820.2465277333,-107.27254237771245,-566.3203067149992,1745.3897885658414
2460820.2472221777,-166.62953128607154,-490.51998638109706,1763.586181819988
2460820.247916622,-225.5130674581425,-413.3258413278468,1776.7714418631426
2460820.2486110665,-283.75581905969153,-334.9572363786452,1784.908094629301
2460820.249305511,-341.1922848382556,-255.63686190516697,1787.9730168571864
2460820.2499999553,-397.65926195431837,-175.5901030253646,1785.9574979293607
2460820.2506943997,-452.9963021291311,-95.04440899932739,1778.8672625731454
2460820.251388844,-507.0461674654388,-14.228646968992043,1766.7224546875846
2460820.2520832885,-559.655277504677,66.62754858996696,1749.5575801231457
2460820.252777733,-610.6741447309231,147.29442725448368,1727.4214085838819
2460820.2534721773,-659.9578005062012,227.54277691050456,1700.3768352865645
2460820.2541666217,-707.3662061152532,307.14457407332486,1668.5007021350555
2460820.254861066,-752.764626848843,385.87358937199406,1631.8836006912484
2460820.2555555105,-796.0241124192357,463.5062010950093,1590.6295326983634
2460820.256249955,-837.0217101090834,539.8217641193996,1544.8557400571701
2460820.2569443993,-875.6409346338197,614.6034470995372,1494.692271033542
2460820.2576388437,-911.7720425637602,687.6387474659467,1440.281664161083
2460820.258333288,-945.3123655557674,758.7201343054052,1381.7785206719366
2460820.2590277325,-976.1665960260761,827.6456274269293,1319.34907101455
2460820.259722177,-1004.2470589574318,894.2193725407716,1253.1707022815372
2460820.2604166213,-1029.473960450198,958.2521970037034,1183.431454422451
2460820.2611110657,-1051.7756145716626,1019.5621475218811,1110.3294860562337
2460820.26180551,-1071.0886471788544,1077.9750071673166,1034.0725113935873
2460820.2624999546,-1087.3581679829256,1133.3247612232835,954.8772539783321
2460820.263194399,-1100.5379603208416,1185.4541877028462,872.9686572109964
2460820.2638888434,-1110.590558287807,1234.2151174928808,788.5795143546264
2460820.2645832878,-1117.4873951737975,1279.469002007568,701.9495932398435
2460820.265277732,-1121.2088670082671,1321.0872382455607,613.3250620182221
2460820.2659721766,-1121.7443943388573,1358.9515604820133,522.957746481343
2460820.266666621,-1119.092450455953,1392.954369221814,431.1044255487831
2460820.2673610654,-1113.2605660332608,1422.9990373161363,338.0261015641666
2460820.26805551,-1104.2653075944313,1449.0001844905846,243.98725866483676
2460820.268749954,-1092.1322307324472,1470.8839200811062,149.25511124983507
2460820.2694443986,-1076.895807322438,1488.5880531329121,54.098844705952544
2460820.270138843,-1058.59932779116,1502.0622691204571,-41.21114951540828
2460820.2708332874,-1037.2947904286816,1511.2682692733645,-136.40399067377768
2460820.271527732,-1013.0427090622683,1516.179896506868,-231.2092728377302
2460820.272222176,-985.9119980321323,1516.7831822257172,-325.3575716051736
2460820.2729166206,-955.97975001154,1513.076404412884,-418.5813442001845
2460820.273611065,-923.3310159644781,1505.070089564129,-510.61568622791157
2460820.2743055094,-888.0585663119541,1492.7869818166723,-601.1990724217111
2460820.274999954,-850.2626273538107,1476.2619785710751,-690.0740998462794
2460820.275694398,-810.0505965162679,1455.5420312875945,-776.988219363002
2460820.2763888426,-767.5367371635482,1430.6860121223067,-861.6944534115732
2460820.277083287,-722.8418539869077,1401.7645467216794,-943.9520978189896
2460820.2777777314,-676.0929496229554,1368.8598136719156,-1023.5274060118999
2460820.278472176,-647.7729624342378,1347.7457149324775,-1068.858216651997
2460820.27916662,-647.7729624342378,1347.7457149324775,-1068.858216651997
2460820.2798610646,-647.7729624342378,1347.7457149324775,-1068.858216651997
2460820.280555509,-471.29347555360783,1199.4421870170804,-1310.610389645933
2460820.2812499534,-416.37027606452375,1148.2400209582786,-1373.5565677308036
2460820.281944398,-360.26391976032994,1093.7749854135611,-1432.5996209009797
2460820.2826388422,-303.13383888724366,1036.2018473774901,-1487.571768343963
2460820.2833332866,-245.1423749068724,975.6842064189237,-1538.3167973948766
2460820.284027731,-186.45431727477626,912.3940295890797,-1584.6905074668066
2460820.2847221754,-127.23643515159306,846.5111630601167,-1626.5611197718908
2460820.28541662,-67.65700332929703,778.2228206925215,-1663.8096520322808
2460820.2861110643,-7.885356628414865,707.7230910962428,-1696.3302401404474
2460820.2868055087,51.908721328682326,635.212231564397,-1724.0305071649993
2460820.287499953,111.5552782521662,560.8963384377806,-1746.8317172214454
2460820.2881943975,170.88483610456507,484.98657136650144,-1764.6690834605665
2460820.288888842,229.72879511700697,407.69864745309144,-1777.491915936803
2460820.2895832863,287.91994302853556,329.25219078266457,-1785.263777784987
2460820.2902777307,345.29292284092975,249.8701175004926,-1787.9625854993742
2460820.290972175,401.68470257964685,169.77800258709038,-1785.5806719160373
2460820.2916666195,456.935038774686,89.20343833245266,-1778.124807667324
2460820.292361064,510.88693181852284,8.375387898281936,-1765.616182104389
2460820.2930555083,563.3870720034826,-72.47646548832789,-1748.0903429985974
2460820.2937499527,614.2862753528716,-153.12237125093185,-1725.5970954752213
2460820.294444397,663.4398812595994,-233.33312090711257,-1698.2003766944545
2460820.2951388415,710.7082635579882,-312.88086361734537,-1665.9780162095203
2460820.295833286,755.9570908114439,-391.5395321407412,-1629.0215872334147
2460820.2965277303,799.057779888054,-469.0855997259912,-1587.4361137153235
2460820.2972221747,839.8878582838339,-545.2987116286954,-1541.339770277867
2460820.297916619,878.3313061564904,-619.9623016053238,-1490.8635492745045
2460820.2986110635,914.2788859214479,-692.8642070775674,-1436.1508890209457
2460820.299305508,947.6284526753587,-763.7972720391075,-1377.357265969843
2460820.2999999523,978.2852443756223,-832.559935815073,-1314.6497528777638
2460820.3006943967,1006.1621511689652,-898.9568057097287,-1248.2065438786742
2460820.301388841,1031.1799628184742,-962.7992123037138,-1178.216448129834
2460820.3020832855,1053.2675826095094,-1023.90571312766,-1104.8783939089856
2460820.30277773,1072.362273485895,-1082.1027322805196,-1028.4007119631824
2460820.3034721743,1088.4097735065404,-1137.2248835799774,-949.0007432153159
2460820.3041666187,1101.3644853196379,-1189.1155304917309,-866.9041224213302
2460820.304861063,1111.189602563427,-1237.6272272012193,-782.3441363250516
2460820.3055555075,1117.8572120635147,-1282.6221299137467,-695.5610709728119
2460820.306249952,1121.3483730142286,-1323.9723885438107,-606.8015286894398
2460820.3069443963,1121.7965887264907,-1361.9263046064632,-515.0446096403998
2460820.3076388407,1119.7430101684931,-1390.383856741491,-437.66975739086024
2460820.308333285,1119.7430101684931,-1390.383856741491,-437.66975739086024
2460820.3090277296,1119.7430101684931,-1390.383856741491,-437.66975739086024
2460820.309722174,1119.7430101684931,-1390.383856741491,-437.66975739086024
2460820.3104166184,7949.972559474546,-1171.371235972561,-23942.351055090912
2460820.3111110628,7949.972559474546,-1171.371235972561,-23942.351055090912
2460820.311805507,7949.972559474546,-1171.371235972561,-23942.351055090912
2460820.3124999516,7949.972559474546,-1171.371235972561,-23942.351055090912
2460820.313194396,7949.972559474546,-1171.371235972561,-23942.351055090912
2460820.3138888404,7949.972559474546,-1171.371235972561,-23942.351055090912
2460820.314583285,7949.972559474546,-1171.371235972561,-23942.351055090912
2460820.315277729,7949.972559474546,-1171.371235972561,-23942.351055090912
2460820.3159721736,7949.972559474546,-1171.371235972561,-23942.351055090912
2460820.316666618,7949.972559474546,-1171.371235972561,-23942.351055090912
2460820.3173610624,7949.972559474546,-1171.371235972561,-23942.351055090912
2460820.318055507,7949.972559474546,-1171.371235972561,-23942.351055090912
2460820.318749951,7949.972559474546,-1171.371235972561,-23942.351055090912
2460820.3194443956,7949.972559474546,-1171.371235972561,-23942.351055090912
2460820.32013884,823.9484555204424,-1459.9379107145035,753.6118794871704
2460820.3208332844,823.9484555204424,-1459.9379107145035,753.6118794871704
2460820.321527729,755.9525912634767,-1420.0172053960418,888.9628382892574
2460820.322222173,603.8835283066965,-1309.7031109243524,1139.3064756114
2460820.3229166176,603.8835283066965,-1309.7031109243524,1139.3064756114
2460820.323611062,520.9087364776356,-1240.1166986345318,1252.4799184193464
2460820.3243055064,434.14919557544647,-1161.6143539552602,1356.4787309870308
2460820.324999951,434.14919557544647,-1161.6143539552602,1356.4787309870308
2460820.325694395,351.3032784862132,-1081.7901752253192,1443.6339923506869
2460820.3263888396,266.48708805991765,-995.5627900523806,1521.5977549931358
2460820.327083284,180.22291867946777,-903.4779777482466,1589.9208538025762
2460820.3277777284,180.22291867946777,-903.4779777482466,1589.9208538025762
2460820.328472173,93.08914142323758,-806.1687579389347,1648.1800831761252
2460820.3291666172,-4.100402286892109,-692.6668199725225,1700.7388174136722
2460820.3298610616,-4.100402286892109,-692.6668199725225,1700.7388174136722
2460820.330555506,-101.32167252465617,-573.9412775276521,1740.3291375503416
2460820.3312499505,-197.83540919200513,-450.8853660079105,1766.6281163815547
2460820.331944395,-197.83540919200513,-450.8853660079105,1766.6281163815547
2460820.3326388393,-385.7869365886972,-195.53023339887704,1778.5255534026112
2460820.3333332837,-475.7680610229734,-65.17096065798042,1763.9525394730401
2460820.334027728,-562.1377642565193,65.6503583235012,1735.748744480596
2460820.3347221725,-562.1377642565193,65.6503583235012,1735.748744480596
2460820.335416617,-644.209127954098,195.9242179610791,1694.0773726885957
2460820.3361110613,-709.9101452792293,305.15440628103335,1648.4086397123876
2460820.3368055057,-721.3206044814895,324.63668555161127,1639.2028431224621
2460820.33749995,-792.8410192794591,450.7761720545803,1571.4909056229392
2460820.3381943945,-838.1058517384301,534.8164814521305,1518.1811707663073
2460820.338888839,-858.1746167985551,573.3404853009016,1491.4081615701655
2460820.3395832833,-911.5051687735544,680.3586750739566,1408.7382762367015
2460820.3402777277,7183.968708552178,-2239.2077526063695,-18791.061541235817
2460820.340972172,7183.968708552178,-2239.2077526063695,-18791.061541235817
2460820.3416666165,7183.968708552178,-2239.2077526063695,-18791.061541235817
2460820.342361061,6000.062986709846,-3162.1972018190454,-12559.021018248917
2460820.3430555053,7183.968708552178,-2239.2077526063695,-18791.061541235817
2460820.3437499497,7183.968708552178,-2239.2077526063695,-18791.061541235817
2460820.344444394,7183.968708552178,-2239.2077526063695,-18791.061541235817
2460820.3451388385,7183.968708552178,-2239.2077526063695,-18791.061541235817
2460820.345833283,7183.968708552178,-2239.2077526063695,-18791.061541235817
2460820.3465277273,7183.968708552178,-2239.2077526063695,-18791.061541235817
2460820.3472221717,7183.968708552178,-2239.2077526063695,-18791.061541235817
2460820.347916616,7183.968708552178,-2239.2077526063695,-18791.061541235817
2460820.3486110605,7183.968708552178,-2239.2077526063695,-18791.061541235817
2460820.349305505,7183.968708552178,-2239.2077526063695,-18791.061541235817
2460820.3499999493,7183.968708552178,-2239.2077526063695,-18791.061541235817
2460820.3506943937,7183.968708552178,-2239.2077526063695,-18791.061541235817
2460820.351388838,7183.968708552178,-2239.2077526063695,-18791.061541235817
2460820.3520832825,6000.062986709846,-3162.1972018190454,-12559.021018248917
2460820.352777727,6000.062986709846,-3162.1972018190454,-12559.021018248917
2460820.3534721714,7183.968708552178,-2239.2077526063695,-18791.061541235817
2460820.3541666158,7183.968708552178,-2239.2077526063695,-18791.061541235817
2460820.35486106,7183.968708552178,-2239.2077526063695,-18791.061541235817
2460820.3555555046,7183.968708552178,-2239.2077526063695,-18791.061541235817
2460820.356249949,7183.968708552178,-2239.2077526063695,-18791.061541235817
2460820.3569443934,7183.968708552178,-2239.2077526063695,-18791.061541235817
2460820.357638838,7183.968708552178,-2239.2077526063695,-18791.061541235817
2460820.358333282,7183.968708552178,-2239.2077526063695,-18791.061541235817
2460820.3590277266,7183.968708552178,-2239.2077526063695,-18791.061541235817
2460820.359722171,7183.968708552178,-2239.2077526063695,-18791.061541235817
2460820.3604166154,7183.968708552178,-2239.2077526063695,-18791.061541235817
2460820.36111106,7183.968708552178,-2239.2077526063695,-18791.061541235817
2460820.361805504,7183.968708552178,-2239.2077526063695,-18791.061541235817
2460820.3624999486,6000.062986709846,-3162.1972018190454,-12559.021018248917
2460820.363194393,7183.968708552178,-2239.2077526063695,-18791.061541235817
2460820.3638888374,7183.968708552178,-2239.2077526063695,-18791.061541235817
2460820.364583282,7183.968708552178,-2239.2077526063695,-18791.061541235817
2460820.365277726,7183.968708552178,-2239.2077526063695,-18791.061541235817
2460820.3659721706,7183.968708552178,-2239.2077526063695,-18791.061541235817
2460820.366666615,7183.968708552178,-2239.2077526063695,-18791.061541235817
2460820.3673610594,7183.968708552178,-2239.2077526063695,-18791.061541235817
2460820.368055504,7183.968708552178,-2239.2077526063695,-18791.061541235817
2460820.368749948,7183.968708552178,-2239.2077526063695,-18791.061541235817
