2461021.50000000,-388109.70771287,59166.47163538,-5190.42656900
2461021.54166666,-388843.83493561,55670.60043166,-5503.75850932
2461021.58333333,-389544.21728155,52169.87678169,-5816.61277427
2461021.62500000,-390210.85068438,48664.60677872,-6128.96304342
2461021.66666666,-390843.73367702,45155.09584255,-6440.78312155
2461021.70833333,-391442.86737357,41641.64870530,-6752.04693942
2461021.75000000,-392008.25545148,38124.56939748,-7062.72855455
2461021.79166666,-392539.90413379,34604.16123436,-7372.80215197
2461021.83333333,-393037.82217155,31080.72680267,-7682.24204497
2461021.87500000,-393502.02082629,27554.56794756,-7991.02267578
2461021.91666666,-393932.51385277,24025.98575985,-8299.11861629
2461021.95833333,-394329.31748172,20495.28056356,-8606.50456870
2461022.00000000,-394692.45040288,16962.75190370,-8913.15536615
2461022.04166666,-395021.93374805,13428.69853431,-9219.04597342
2461022.08333333,-395317.79107436,9893.41840682,-9524.15148746
2461022.12500000,-395580.04834771,6357.20865854,-9828.44713805
2461022.16666666,-395808.73392630,2820.36560151,-10131.90828833
2461022.20833333,-396003.87854437,-716.81528852,-10434.51043542
2461022.25000000,-396165.51529604,-4254.03938280,-10736.22921091
2461022.29166666,-396293.67961939,-7791.01291010,-11037.04038145
2461022.33333333,-396388.40928059,-11327.44296707,-11336.91984921
2461022.37500000,-396449.74435830,-14863.03752832,-11635.84365245
2461022.41666666,-396477.72722812,-18397.50545631,-11933.78796594
2461022.45833333,-396472.40254730,-21930.55651111,-12230.72910153
2461022.50000000,-396433.81723954,-25461.90135991,-12526.64350852
2461022.54166666,-396362.02047995,-28991.25158636,-12821.50777421
2461022.58333333,-396257.06368024,-32518.31969976,-13115.29862428
2461022.62500000,-396119.00047401,-36042.81914408,-13407.99292326
2461022.66666666,-395947.88670217,-39564.46430679,-13699.56767494
2461022.70833333,-395743.78039863,-43082.97052755,-13990.00002279
2461022.75000000,-395506.74177603,-46598.05410679,-14279.26725039
2461022.79166666,-395236.83321170,-50109.43231405,-14567.34678179
2461022.83333333,-394934.11923377,-53616.82339629,-14854.21618195
2461022.87500000,-394598.66650741,-57119.94658602,-15139.85315707
2461022.91666666,-394230.54382125,-60618.52210925,-15424.23555502
2461022.95833333,-393829.82207396,-64112.27119344,-15707.34136568
2461023.00000000,-393396.57426098,-67600.91607522,-15989.14872131
2461023.04166666,-392930.87546135,-71084.18000806,-16269.63589692
2461023.08333333,-392432.80282482,-74561.78726981,-16548.78131061
2461023.12500000,-391902.43555898,-78033.46317017,-16826.56352394
2461023.16666666,-391339.85491662,-81498.93405802,-17102.96124225
2461023.20833333,-390745.14418320,-84957.92732869,-17377.95331501
2461023.25000000,-390118.38866450,-88410.17143115,-17651.51873617
2461023.29166666,-389459.67567435,-91855.39587510,-17923.63664448
2461023.33333333,-388769.09452264,-95293.33123799,-18194.28632382
2461023.37500000,-388046.73650330,-98723.70917195,-18463.44720354
2461023.41666666,-387292.69488256,-102146.26241072,-18731.09885877
2461023.45833333,-386507.06488725,-105560.72477642,-18997.22101077
2461023.50000000,-385689.94369333,-108966.83118635,-19261.79352720
2461023.54166666,-384841.43041447,-112364.31765966,-19524.79642252
2461023.58333333,-383961.62609084,-115752.92132405,-19786.20985822
2461023.62500000,-383050.63367795,-119132.38042234,-20046.01414321
2461023.66666666,-382108.55803568,-122502.43431909,-20304.18973411
2461023.70833333,-381135.50591744,-125862.82350706,-20560.71723556
2461023.75000000,-380131.58595938,-129213.28961378,-20815.57740055
2461023.79166666,-379096.90866983,-132553.57540796,-21068.75113073
2461023.83333333,-378031.58641879,-135883.42480598,-21320.21947676
2461023.87500000,-376935.73342753,-139202.58287825,-21569.96363857
2461023.91666666,-375809.46575836,-142510.79585565,-21817.96496574
2461023.95833333,-374652.90130447,-145807.81113589,-22064.20495776
2461024.00000000,-373466.15977987,-149093.37728987,-22308.66526443
2461024.04166666,-372249.36270950,-152367.24406805,-22551.32768612
2461024.08333333,-371002.63341939,-155629.16240678,-22792.17417412
2461024.12500000,-369726.09702692,-158878.88443465,-23031.18683096
2461024.16666666,-368419.88043123,-162116.16347883,-23268.34791075
2461024.20833333,-367084.11230367,-165340.75407141,-23503.63981953
2461024.25000000,-365718.92307838,-168552.41195574,-23737.04511555
2461024.29166666,-364324.44494296,-171750.89409281,-23968.54650966
2461024.33333333,-362900.81182923,-174935.95866758,-24198.12686562
2461024.37500000,-361448.15940402,-178107.36509535,-24425.76920047
2461024.41666666,-359966.62506017,-181264.87402817,-24651.45668485
2461024.45833333,-358456.34790747,-184408.24736125,-24875.17264335
2461024.50000000,-356917.46876377,-187537.24823935,-25096.90055488
2461024.54166666,-355350.13014615,-190651.64106323,-25316.62405303
2461024.58333333,-353754.47626211,-193751.19149614,-25534.32692638
2461024.62500000,-352130.65300093,-196835.66647028,-25749.99311893
2461024.66666666,-350478.80792496,-199904.83419335,-25963.60673043
2461024.70833333,-348799.09026115,-202958.46415506,-26175.15201673
2461024.75000000,-347091.65089244,-205996.32713373,-26384.61339020
2461024.79166666,-345356.64234938,-209018.19520287,-26591.97542008
2461024.83333333,-343594.21880173,-212023.84173786,-26797.22283287
2461024.87500000,-341804.53605007,-215013.04142261,-27000.34051269
2461024.91666666,-339987.75151757,-217985.57025623,-27201.31350171
2461024.95833333,-338144.02424172,-220941.20555986,-27400.12700052
2461025.00000000,-336273.51486611,-223879.72598340,-27596.76636852
2461025.04166666,-334376.38563230,-226800.91151236,-27791.21712435
2461025.08333333,-332452.80037167,-229704.54347472,-27983.46494624
2461025.12500000,-330502.92449736,-232590.40454786,-28173.49567250
2461025.16666666,-328526.92499620,-235458.27876550,-28361.29530186
2461025.20833333,-326524.97042068,-238307.95152473,-28546.84999391
2461025.25000000,-324497.23088095,-241139.20959303,-28730.14606955
2461025.29166666,-322443.87803685,-243951.84111537,-28911.17001139
2461025.33333333,-320365.08508995,-246745.63562136,-29089.90846416
2461025.37500000,-318261.02677562,-249520.38403242,-29266.34823520
2461025.41666666,-316131.87935508,-252275.87866904,-29440.47629482
2461025.45833333,-313977.82060752,-255011.91325805,-29612.27977683
2461025.50000000,-311799.02982216,-257728.28293997,-29781.74597892
2461025.54166666,-309595.68779039,-260424.78427636,-29948.86236312
2461025.58333333,-307367.97679787,-263101.21525730,-30113.61655628
2461025.62500000,-305116.08061658,-265757.37530883,-30275.99635051
2461025.66666666,-302840.18449702,-268393.06530052,-30435.98970364
2461025.70833333,-300540.47516021,-271008.08755303,-30593.58473967
2461025.75000000,-298217.14078986,-273602.24584576,-30748.76974928
2461025.79166666,-295870.37102440,-276175.34542454,-30901.53319026
2461025.83333333,-293500.35694907,-278727.19300935,-31051.86368799
2461025.87500000,-291107.29108796,-281257.59680210,-31199.75003595
2461025.91666666,-288691.36739604,-283766.36649452,-31345.18119616
2461025.95833333,-286252.78125118,-286253.31327599,-31488.14629971
2461026.00000000,-283791.72944613,-288718.24984148,-31628.63464720
2461026.04166666,-281308.41018048,-291160.99039960,-31766.63570926
2461026.08333333,-278803.02305259,-293581.35068055,-31902.13912704
2461026.12500000,-276275.76905148,-295979.14794427,-32035.13471270
2461026.16666666,-273726.85054871,-298354.20098853,-32165.61244992
2461026.20833333,-271156.47129019,-300706.33015714,-32293.56249437
2461026.25000000,-268564.83638798,-303035.35734817,-32418.97517428
2461026.29166666,-265952.15231201,-305341.10602221,-32541.84099085
2461026.33333333,-263318.62688183,-307623.40121069,-32662.15061887
2461026.37500000,-260664.46925820,-309882.06952427,-32779.89490713
2461026.41666666,-257989.88993475,-312116.93916122,-32895.06487899
2461026.45833333,-255295.10072951,-314327.83991587,-33007.65173289
2461026.50000000,-252580.31477638,-316514.60318713,-33117.64684284
2461026.54166666,-249845.74651664,-318677.06198698,-33225.04175897
2461026.58333333,-247091.61169027,-320815.05094911,-33329.82820800
2461026.62500000,-244318.12732731,-322928.40633745,-33431.99809382
2461026.66666666,-241525.51173912,-325016.96605491,-33531.54349798
2461026.70833333,-238713.98450954,-327080.56965199,-33628.45668020
2461026.75000000,-235883.76648609,-329119.05833555,-33722.73007891
2461026.79166666,-233035.07977095,-331132.27497758,-33814.35631176
2461026.83333333,-230168.14771200,-333120.06412393,-33903.32817618
2461026.87500000,-227283.19489372,-335082.27200321,-33989.63864985
2461026.91666666,-224380.44712805,-337018.74653559,-34073.28089124
2461026.95833333,-221460.13144511,-338929.33734171,-34154.24824017
2461027.00000000,-218522.47608394,-340813.89575159,-34232.53421829
2461027.04166666,-215567.71048305,-342672.27481355,-34308.13252962
2461027.08333333,-212596.06527098,-344504.32930320,-34381.03706106
2461027.12500000,-209607.77225674,-346309.91573242,-34451.24188293
2461027.16666666,-206603.06442012,-348088.89235834,-34518.74124949
2461027.20833333,-203582.17590201,-349841.11919241,-34583.52959943
2461027.25000000,-200545.34199452,-351566.45800942,-34645.60155642
2461027.29166666,-197492.79913109,-353264.77235658,-34704.95192961
2461027.33333333,-194424.78487651,-354935.92756259,-34761.57571414
2461027.37500000,-191341.53791676,-356579.79074673,-34815.46809168
2461027.41666666,-188243.29804884,-358196.23082797,-34866.62443089
2461027.45833333,-185130.30617048,-359785.11853410,-34915.04028799
2461027.50000000,-182002.80426975,-361346.32641082,-34960.71140722
2461027.54166666,-178861.03541455,-362879.72883089,-35003.63372135
2461027.58333333,-175705.24374201,-364385.20200328,-35043.80335219
2461027.62500000,-172535.67444783,-365862.62398228,-35081.21661108
2461027.66666666,-169352.57377545,-367311.87467665,-35115.86999940
2461027.70833333,-166156.18900515,-368732.83585875,-35147.76020904
2461027.75000000,-162946.76844307,-370125.39117369,-35176.88412288
2461027.79166666,-159724.56141004,-371489.42614844,-35203.23881530
2461027.83333333,-156489.81823041,-372824.82820097,-35226.82155265
2461027.87500000,-153242.79022069,-374131.48664935,-35247.62979370
2461027.91666666,-149983.72967813,-375409.29272086,-35265.66119015
2461027.95833333,-146712.88986913,-376658.13956110,-35280.91358704
2461028.00000000,-143430.52501763,-377877.92224301,-35293.38502329
2461028.04166666,-140136.89029328,-379068.53777599,-35303.07373207
2461028.08333333,-136832.24179960,-380229.88511492,-35309.97814132
2461028.12500000,-133516.83656195,-381361.86516915,-35314.09687415
2461028.16666666,-130190.93251545,-382464.38081154,-35315.42874928
2461028.20833333,-126854.78849270,-383537.33688741,-35313.97278153
2461028.25000000,-123508.66421148,-384580.64022349,-35309.72818216
2461028.29166666,-120152.82026226,-385594.19963683,-35302.69435936
2461028.33333333,-116787.51809565,-386577.92594369,-35292.87091864
2461028.37500000,-113413.02000969,-387531.73196840,-35280.25766325
2461028.41666666,-110029.58913707,-388455.53255214,-35264.85459455
2461028.45833333,-106637.48943214,-389349.24456179,-35246.66191245
2461028.50000000,-103236.98565794,-390212.78689859,-35225.68001575
2461028.54166666,-99828.34337300,-391046.08050688,-35201.90950258
2461028.58333333,-96411.82891806,-391849.04838276,-35175.35117070
2461028.62500000,-92987.70940269,-392621.61558269,-35146.00601794
2461028.66666666,-89556.25269176,-393363.70923204,-35113.87524251
2461028.70833333,-86117.72739181,-394075.25853361,-35078.96024334
2461028.75000000,-82672.40283731,-394756.19477612,-35041.26262047
2461028.79166666,-79220.54907678,-395406.45134256,-35000.78417536
2461028.83333333,-75762.43685879,-396025.96371858,-34957.52691119
2461028.87500000,-72298.33761790,-396614.66950078,-34911.49303322
2461028.91666666,-68828.52346037,-397172.50840495,-34862.68494905
2461028.95833333,-65353.26714988,-397699.42227420,-34811.10526896
2461029.00000000,-61872.84209304,-398195.35508712,-34756.75680619
2461029.04166666,-58387.52232483,-398660.25296579,-34699.64257718
2461029.08333333,-54897.58249390,-399094.06418378,-34639.76580192
2461029.12500000,-51403.29784775,-399496.73917401,-34577.12990411
2461029.16666666,-47904.94421784,-399868.23053665,-34511.73851151
2461029.20833333,-44402.79800452,-400208.49304682,-34443.59545610
2461029.25000000,-40897.13616189,-400517.48366231,-34372.70477436
2461029.29166666,-37388.23618252,-400795.16153116,-34299.07070749
2461029.33333333,-33876.37608208,-401041.48799921,-34222.69770158
2461029.37500000,-30361.83438385,-401256.42661757,-34143.59040785
2461029.41666666,-26844.89010308,-401439.94314992,-34061.75368283
2461029.45833333,-23325.82273130,-401592.00557985,-33977.19258851
2461029.50000000,-19804.91222048,-401712.58411801,-33889.91239257
2461029.54166666,-16282.43896706,-401801.65120927,-33799.91856844
2461029.58333333,-12758.68379594,-401859.18153969,-33707.21679557
2461029.62500000,-9233.92794428,-401885.15204346,-33611.81295944
2461029.66666666,-5708.45304526,-401879.54190973,-33513.71315176
2461029.70833333,-2182.54111166,-401842.33258936,-33412.92367056
2461029.75000000,1343.52548057,-401773.50780154,-33309.45102029
2461029.79166666,4869.46400897,-401673.05354037,-33203.30191189
2461029.83333333,8394.99142122,-401540.95808127,-33094.48326290
2461029.87500000,11919.82435193,-401377.21198731,-32983.00219750
2461029.91666666,15443.67913960,-401181.80811551,-32868.86604655
2461029.95833333,18966.27184359,-400954.74162293,-32752.08234767
2461030.00000000,22487.31826122,-400696.00997270,-32632.65884523
2461030.04166666,26006.53394501,-400405.61293998,-32510.60349036
2461030.08333333,29523.63421996,-400083.55261774,-32385.92444101
2461030.12500000,33038.33420098,-399729.83342248,-32258.63006185
2461030.16666666,36550.34881038,-399344.46209985,-32128.72892434
2461030.20833333,40059.39279546,-398927.44773007,-31996.22980662
2461030.25000000,43565.18074624,-398478.80173339,-31861.14169351
2461030.29166666,47067.42711322,-397998.53787527,-31723.47377642
2461030.33333333,50565.84622527,-397486.67227156,-31583.23545329
2461030.37500000,54060.15230760,-396943.22339350,-31440.43632849
2461030.41666666,57550.05949984,-396368.21207266,-31295.08621274
2461030.45833333,61035.28187418,-395761.66150568,-31147.19512298
2461030.50000000,64515.53345364,-395123.59725898,-30996.77328225
2461030.54166666,67990.52823034,-394454.04727325,-30843.83111954
2461030.58333333,71459.98018399,-393753.04186795,-30688.37926966
2461030.62500000,74923.60330035,-393020.61374552,-30530.42857305
2461030.66666666,78381.11158982,-392256.79799562,-30369.99007559
2461030.70833333,81832.21910612,-391461.63209917,-30207.07502845
2461030.75000000,85276.63996505,-390635.15593222,-30041.69488786
2461030.79166666,88714.08836327,-389777.41176981,-29873.86131485
2461030.83333333,92144.27859729,-388888.44428962,-29703.58617510
2461030.87500000,95566.92508238,-387968.30057547,-29530.88153861
2461030.91666666,98981.74237170,-387017.03012079,-29355.75967949
2461030.95833333,102388.44517540,-386034.68483187,-29178.23307566
2461031.00000000,105786.74837986,-385021.31903100,-28998.31440858
2461031.04166666,109176.36706697,-383976.98945949,-28816.01656291
2461031.08333333,112557.01653349,-382901.75528059,-28631.35262626
2461031.12500000,115928.41231051,-381795.67808219,-28444.33588878
2461031.16666666,119290.27018291,-380658.82187947,-28254.97984288
2461031.20833333,122642.30620899,-379491.25311739,-28063.29818285
2461031.25000000,125984.23674008,-378293.04067303,-27869.30480446
2461031.29166666,129315.77844024,-377064.25585780,-27673.01380464
2461031.33333333,132636.64830608,-375804.97241951,-27474.43948099
2461031.37500000,135946.56368657,-374515.26654436,-27273.59633148
2461031.41666666,139245.24230294,-373195.21685870,-27070.49905389
2461031.45833333,142532.40226869,-371844.90443072,-26865.16254550
2461031.50000000,145807.76210958,-370464.41277198,-26657.60190254
2461031.54166666,149071.04078376,-369053.82783879,-26447.83241976
2461031.58333333,152321.95770190,-367613.23803351,-26235.86958994
2461031.62500000,155560.23274741,-366142.73420562,-26021.72910341
2461031.66666666,158785.58629674,-364642.40965273,-25805.42684749
2461031.70833333,161997.73923965,-363112.36012139,-25586.97890602
2461031.75000000,165196.41299969,-361552.68380785,-25366.40155881
2461031.79166666,168381.32955455,-359963.48135853,-25143.71128105
2461031.83333333,171552.21145663,-358344.85587054,-24918.92474278
2461031.87500000,174708.78185358,-356696.91289188,-24692.05880830
2461031.91666666,177850.76450889,-355019.76042163,-24463.13053557
2461031.95833333,180977.88382256,-353313.50890992,-24232.15717560
2461032.00000000,184089.86485185,-351578.27125779,-23999.15617183
2461032.04166666,187186.43333201,-349814.16281694,-23764.14515951
2461032.08333333,190267.31569710,-348021.30138925,-23527.14196499
2461032.12500000,193332.23910091,-346199.80722626,-23288.16460516
2461032.16666666,196380.93143783,-344349.80302841,-23047.23128664
2461032.20833333,199413.12136384,-342471.41394425,-22804.36040521
2461032.25000000,202428.53831755,-340564.76756939,-22559.57054502
2461032.29166666,205426.91254125,-338629.99394538,-22312.88047790
2461032.33333333,208407.97510204,-336667.22555845,-22064.30916261
2461032.37500000,211371.45791300,-334676.59733804,-21813.87574414
2461032.41666666,214317.09375438,-332658.24665526,-21561.59955285
2461032.45833333,217244.61629492,-330612.31332119,-21307.50010380
2461032.50000000,220153.76011313,-328538.93958499,-21051.59709588
2461032.54166666,223044.26071861,-326438.27013191,-20793.91041105
2461032.58333333,225915.85457355,-324310.45208115,-20534.46011349
2461032.62500000,228768.27911408,-322155.63498356,-20273.26644878
2461032.66666666,231601.27277186,-319973.97081920,-20010.34984305
2461032.70833333,234414.57499555,-317765.61399478,-19745.73090212
2461032.75000000,237207.92627246,-315530.72134087,-19479.43041062
2461032.79166666,239981.06815016,-313269.45210910,-19211.46933110
2461032.83333333,242733.74325818,-310981.96796908,-18941.86880310
2461032.87500000,245465.69532971,-308668.43300524,-18670.65014229
2461032.91666666,248176.66922343,-306329.01371351,-18397.83483948
2461032.95833333,250866.41094528,-303963.87899786,-18123.44455969
2461033.00000000,253534.66767038,-301573.20016669,-17847.50114117
2461033.04166666,256181.18776492,-299157.15092901,-17570.02659448
2461033.08333333,258805.72080812,-296715.90739060,-17291.04310141
2461033.12500000,261408.01761425,-294249.64804985,-17010.57301404
2461033.16666666,263987.83025470,-291758.55379363,-16728.63885371
2461033.20833333,266544.91208007,-289242.80789285,-16445.26330994
2461033.25000000,269079.01774234,-286702.59599795,-16160.46923942
2461033.29166666,271589.90321704,-284138.10613422,-15874.27966495
2461033.33333333,274077.32582554,-281549.52869698,-15586.71777431
2461033.37500000,276541.04425732,-278937.05644657,-15297.80691920
2461033.41666666,278980.81859233,-276300.88450318,-15007.57061414
2461033.45833333,281396.41032337,-273641.21034160,-14716.03253530
2461033.50000000,283787.58237858,-270958.23378570,-14423.21651939
2461033.54166666,286154.09914387,-268252.15700284,-14129.14656249
2461033.58333333,288495.72648553,-265523.18449806,-13833.84681890
2461033.62500000,290812.23177278,-262771.52310814,-13537.34159989
2461033.66666666,293103.38390045,-259997.38199550,-13239.65537255
2461033.70833333,295368.95331166,-257200.97264190,-12940.81275858
2461033.75000000,297608.71202060,-254382.50884202,-12640.83853299
2461033.79166666,299822.43363529,-251542.20669683,-12339.75762288
2461033.83333333,302009.89338047,-248680.28460683,-12037.59510621
2461033.87500000,304170.86812054,-245796.96326508,-11734.37621044
2461033.91666666,306305.13638245,-242892.46565009,-11430.12631126
2461033.95833333,308412.47837878,-239967.01701853,-11124.87093130
2461034.00000000,310492.67603081,-237020.84489774,-10818.63573874
2461034.04166666,312545.51299162,-234054.17907807,-10511.44654600
2461034.08333333,314570.77466933,-231067.25160511,-10203.32930833
2461034.12500000,316568.24825026,-228060.29677160,-9894.31012246
2461034.16666666,318537.72272234,-225033.55110930,-9584.41522516
2461034.20833333,320478.98889836,-221987.25338056,-9273.67099184
2461034.25000000,322391.83943945,-218921.64456980,-8962.10393509
2461034.29166666,324276.06887856,-215836.96787472,-8649.74070324
2461034.33333333,326131.47364394,-212733.46869736,-8336.60807885
2461034.37500000,327957.85208277,-209611.39463493,-8022.73297724
2461034.41666666,329755.00448480,-206470.99547052,-7708.14244497
2461034.45833333,331522.73310605,-203312.52316352,-7392.86365828
2461034.50000000,333260.84219261,-200136.23183986,-7076.92392157
2461034.54166666,334969.13800443,-196942.37778210,-6760.35066581
2461034.58333333,336647.42883922,-193731.21941925,-6443.17144691
2461034.62500000,338295.52505641,-190503.01731638,-6125.41394418
2461034.66666666,339913.23910117,-187258.03416407,-5807.10595864
2461034.70833333,341500.38552846,-183996.53476758,-5488.27541136
2461034.75000000,343056.78102714,-180718.78603585,-5168.95034182
2461034.79166666,344582.24444421,-177425.05697022,-4849.15890619
2461034.83333333,346076.59680905,-174115.61865299,-4528.92937561
2461034.87500000,347539.66135769,-170790.74423569,-4208.29013446
2461034.91666666,348971.26355724,-167450.70892715,-3887.26967858
2461034.95833333,350371.23113028,-164095.78998134,-3565.89661352
2461035.00000000,351739.39407937,-160726.26668491,-3244.19965268
2461035.04166666,353075.58471159,-157342.42034455,-2922.20761552
2461035.08333333,354379.63766317,-153944.53427409,-2599.94942571
2461035.12500000,355651.38992412,-150532.89378131,-2277.45410919
2461035.16666666,356890.68086300,-147107.78615452,-1954.75079238
2461035.20833333,358097.35225165,-143669.50064888,-1631.86870014
2461035.25000000,359271.24829007,-140218.32847246,-1308.83715389
2461035.29166666,360412.21563128,-136754.56277199,-985.68556962
2461035.33333333,361520.10340629,-133278.49861839,-662.44345588
2461035.37500000,362594.76324907,-129790.43299198,-339.14041177
2461035.41666666,363636.04932163,-126290.66476744,-15.80612486
2461035.45833333,364643.81833910,-122779.49469845,307.52963083
2461035.50000000,365617.92959485,-119257.22540205,630.83699700
2461035.54166666,366558.24498576,-115724.16134274,954.08603316
2461035.58333333,367464.62903737,-112180.60881618,1277.24671880
2461035.62500000,368336.94892923,-108626.87593270,1600.28895556
2461035.66666666,369175.07452021,-105063.27260043,1923.18256948
2461035.70833333,369978.87837382,-101490.11050812,2245.89731320
2461035.75000000,370748.23578367,-97907.70310763,2568.40286825
2461035.79166666,371483.02479888,-94316.36559615,2890.66884736
2461035.83333333,372183.12624954,-90716.41489800,3212.66479675
2461035.87500000,372848.42377223,-87108.16964615,3534.36019853
2461035.91666666,373478.80383552,-83491.95016342,3855.72447309
2461035.95833333,374074.15576553,-79868.07844321,4176.72698146
2461036.00000000,374634.37177150,-76236.87813007,4497.33702783
2461036.04166666,375159.34697138,-72598.67449971,4817.52386201
2461036.08333333,375648.97941742,-68953.79443877,5137.25668189
2461036.12500000,376103.17012177,-65302.56642419,5456.50463608
2461036.16666666,376521.82308214,-61645.32050220,5775.23682640
2461036.20833333,376904.84530737,-57982.38826691,6093.42231055
2461036.25000000,377252.14684306,-54314.10283853,6411.03010469
2461036.29166666,377563.64079720,-50640.79884121,6728.02918620
2461036.33333333,377839.24336576,-46962.81238047,7044.38849630
2461036.37500000,378078.87385823,-43280.48102019,7360.07694286
2461036.41666666,378282.45472328,-39594.14375924,7675.06340313
2461036.45833333,378449.91157418,-35904.14100770,7989.31672660
2461036.50000000,378581.17321441,-32210.81456257,8302.80573779
2461036.54166666,378676.17166304,-28514.50758318,8615.49923920
2461036.58333333,378734.84218023,-24815.56456606,8927.36601417
2461036.62500000,378757.12329255,-21114.33131940,9238.37482985
2461036.66666666,378742.95681835,-17411.15493712,9548.49444020
2461036.70833333,378692.28789297,-13706.38377243,9857.69358903
2461036.75000000,378605.06499397,-10000.36741091,10165.94101302
2461036.79166666,378481.23996619,-6293.45664323,10473.20544486
2461036.83333333,378320.76804687,-2586.00343730,10779.45561637
2461036.87500000,378123.60789051,1121.63909000,11084.66026167
2461036.91666666,377889.72159376,4829.11670160,11388.78812040
2461036.95833333,377619.07472015,8536.07406946,11691.80794100
2461037.00000000,377311.63632468,12242.15480432,11993.68848393
2461037.04166666,376967.37897840,15947.00148591,12294.39852505
2461037.08333333,376586.27879269,19650.25569372,12593.90685898
2461037.12500000,376168.31544356,23351.55803817,12892.18230249
2461037.16666666,375713.47219569,27050.54819241,13189.19369795
2461037.20833333,375221.73592636,30746.86492453,13484.90991680
2461037.25000000,374693.09714923,34440.14613036,13779.29986309
2461037.29166666,374127.55003789,38130.02886677,14072.33247703
2461037.33333333,373525.09244925,41816.14938547,14363.97673857
2461037.37500000,372885.72594672,45498.14316736,14654.20167108
2461037.41666666,372209.45582323,49175.64495748,14942.97634500
2461037.45833333,371496.29112393,52848.28880037,15230.26988153
2461037.50000000,370746.24466876,56515.70807609,15516.05145645
2461037.54166666,369959.33307471,60177.53553672,15800.29030386
2461037.58333333,369135.57677788,63833.40334345,16082.95572002
2461037.62500000,368275.00005517,67482.94310418,16364.01706726
2461037.66666666,367377.63104585,71125.78591172,16643.44377784
2461037.70833333,366443.50177270,74761.56238252,16921.20535793
2461037.75000000,365472.64816288,78389.90269600,17197.27139161
2461037.79166666,364465.11006855,82010.43663438,17471.61154484
2461037.83333333,363420.93128706,85622.79362311,17744.19556961
2461037.87500000,362340.15958087,89226.60277190,18014.99330794
2461037.91666666,361222.84669708,92821.49291627,18283.97469612
2461037.95833333,360069.04838658,96407.09265969,18551.10976881
2461038.00000000,358878.82442285,99983.03041626,18816.36866330
2461038.04166666,357652.23862033,103548.93445403,19079.72162375
2461038.08333333,356389.35885237,107104.43293885,19341.13900543
2461038.12500000,355090.25706879,110649.15397874,19600.59127913
2461038.16666666,353755.00931295,114182.72566893,19858.04903544
2461038.20833333,352383.69573838,117704.77613740,20113.48298917
2461038.25000000,350976.40062496,121214.93359103,20366.86398377
2461038.29166666,349533.21239455,124712.82636227,20618.16299580
2461038.33333333,348054.22362618,128198.08295641,20867.35113941
2461038.37500000,346539.53107066,131670.33209942,21114.39967084
2461038.41666666,344989.23566470,135129.20278631,21359.27999303
2461038.45833333,343403.44254445,138574.32433011,21601.96366016
2461038.50000000,341782.26105848,142005.32641130,21842.42238228
2461038.54166666,340125.80478015,145421.83912794,22080.62802993
2461038.58333333,338434.19151940,148823.49304616,22316.55263886
2461038.62500000,336707.54333393,152209.91925137,22550.16841468
2461038.66666666,334945.98653972,155580.74939990,22781.44773761
2461038.70833333,333149.65172088,158935.61577115,23010.36316723
2461038.75000000,331318.67373889,162274.15132037,23236.88744725
2461038.79166666,329453.19174110,165595.98973183,23460.99351028
2461038.83333333,327553.34916852,168900.76547258,23682.65448270
2461038.87500000,325619.29376293,172188.11384672,23901.84368946
2461038.91666666,323651.17757325,175457.67105005,24118.53465897
2461038.95833333,321649.15696108,178709.07422536,24332.70112792
2461039.00000000,319613.39260556,181941.96151808,24544.31704626
2461039.04166666,317544.04950741,185155.97213243,24753.35658204
2461039.08333333,315441.29699212,188350.74638801,24959.79412635
2461039.12500000,313305.30871235,191525.92577689,25163.60429827
2461039.16666666,311136.26264955,194681.15302104,25364.76194983
2461039.20833333,308934.34111457,197816.07213023,25563.24217092
2461039.25000000,306699.73074757,200930.32846036,25759.02029431
2461039.29166666,304432.62251690,204023.56877213,25952.07190059
2461039.33333333,302133.21171715,207095.44129011,26142.37282314
2461039.37500000,299801.69796627,210145.59576219,26329.89915315
2461039.41666666,297438.28520172,213173.68351936,26514.62724457
2461039.45833333,295043.18167569,216179.35753582,26696.53371909
2461039.50000000,292616.59994931,219162.27248944,26875.59547115
2461039.54166666,290158.75688597,222122.08482250,27051.78967287
2461039.58333333,287669.87364349,225058.45280269,27225.09377906
2461039.62500000,285150.17566545,227971.03658443,27395.48553217
2461039.66666666,282599.89267129,230859.49827039,27562.94296722
2461039.70833333,280019.25864559,233723.50197327,27727.44441679
2461039.75000000,277408.51182605,236562.71387778,27888.96851588
2461039.79166666,274767.89469064,239376.80230280,28047.49420687
2461039.83333333,272097.65394343,242165.43776373,28203.00074439
2461039.87500000,269398.04049955,244928.29303495,28355.46770022
2461039.91666666,266669.30946882,247665.04321249,28504.87496808
2461039.95833333,263911.72013845,250375.36577666,28651.20276851
2461040.00000000,261125.53595447,253058.94065495,28794.43165366
2461040.04166666,258311.02450211,255715.45028479,28934.54251202
2461040.08333333,255468.45748491,258344.57967650,29071.51657319
2461040.12500000,252598.11070283,260946.01647619,29205.33541258
2461040.16666666,249700.26402903,263519.45102860,29335.98095606
2461040.20833333,246775.20138556,266064.57644000,29463.43548460
2461040.25000000,243823.21071781,268581.08864096,29587.68163884
2461040.29166666,240844.58396781,271068.68644899,29708.70242366
2461040.33333333,237839.61704628,273527.07163120,29826.48121263
2461040.37500000,234808.60980351,275955.94896663,29941.00175252
2461040.41666666,231751.86599898,278355.02630859,30052.24816763
2461040.45833333,228669.69326978,280724.01464665,30160.20496420
2461040.50000000,225562.40309785,283062.62816852,30264.85703461
2461040.54166666,222430.31077587,285370.58432159,30366.18966171
2461040.58333333,219273.73537205,287647.60387417,30464.18852290
2461040.62500000,216092.99969366,289893.41097649,30558.83969429
2461040.66666666,212888.43024926,292107.73322138,30650.12965470
2461040.70833333,209660.35720970,294290.30170443,30738.04528965
2461040.75000000,206409.11436797,296440.85108394,30822.57389525
2461040.79166666,203135.03909777,298559.11964023,30903.70318205
2461040.83333333,199838.47231082,300644.84933468,30981.42127872
2461040.87500000,196519.75841299,302697.78586810,31055.71673580
2461040.91666666,193179.24525920,304717.67873873,31126.57852924
2461040.95833333,189817.28410708,306704.28129958,31193.99606391
2461041.00000000,186434.22956943,308657.35081522,31257.95917702
2461041.04166666,183030.43956547,310576.64851795,31318.45814147
2461041.08333333,179606.27527090,312461.93966337,31375.48366907
2461041.12500000,176162.10106675,314312.99358516,31429.02691368
2461041.16666666,172698.28448708,316129.58374926,31479.07947428
2461041.20833333,169215.19616548,317911.48780726,31525.63339790
2461041.25000000,165713.20978044,319658.48764902,31568.68118251
2461041.29166666,162192.70199952,321370.36945451,31608.21577973
2461041.33333333,158654.05242246,323046.92374479,31644.23059751
2461041.37500000,155097.64352313,324687.94543214,31676.71950264
2461041.41666666,151523.86059033,326293.23386933,31705.67682320
2461041.45833333,147933.09166762,327862.59289792,31731.09735089
2461041.50000000,144325.72749193,329395.83089562,31752.97634320
2461041.54166666,140702.16143124,330892.76082272,31771.30952556
2461041.58333333,137062.78942115,332353.20026743,31786.09309325
2461041.62500000,133408.00990048,333776.97149026,31797.32371333
2461041.66666666,129738.22374579,335163.90146729,31804.99852632
2461041.70833333,126053.83420508,336513.82193235,31809.11514786
2461041.75000000,122355.24683033,337826.56941814,31809.67167015
2461041.79166666,118642.86940930,339101.98529608,31806.66666339
2461041.83333333,114917.11189633,340339.91581515,31800.09917697
2461041.87500000,111178.38634222,341540.21213941,31789.96874060
2461041.91666666,107427.10682338,342702.73038432,31776.27536529
2461041.95833333,103663.68937003,343827.33165190,31759.01954423
2461042.00000000,99888.55189365,344913.88206449,31738.20225349
2461042.04166666,96102.11411366,345962.25279732,31713.82495259
2461042.08333333,92304.79748334,346972.32010974,31685.88958501
2461042.12500000,88497.02511502,347943.96537509,31654.39857850
2461042.16666666,84679.22170462,348877.07510925,31619.35484521
2461042.20833333,80851.81345552,349771.54099776,31580.76178182
2461042.25000000,77015.22800177,350627.25992166,31538.62326941
2461042.29166666,73169.89433076,351444.13398177,31492.94367324
2461042.33333333,69316.24270532,352222.07052166,31443.72784242
2461042.37500000,65454.70458524,352960.98214913,31390.98110935
2461042.41666666,61585.71254839,353660.78675620,31334.70928916
2461042.45833333,57709.70021131,354321.40753770,31274.91867885
2461042.50000000,53827.10214938,354942.77300830,31211.61605647
2461042.54166666,49938.35381666,355524.81701809,31144.80867996
2461042.58333333,46043.89146530,356067.47876661,31074.50428606
2461042.62500000,42144.15206472,356570.70281538,31000.71108890
2461042.66666666,38239.57322040,357034.43909894,30923.43777857
2461042.70833333,34330.59309255,357458.64293422,30842.69351951
2461042.75000000,30417.65031447,357843.27502855,30758.48794876
2461042.79166666,26501.18391082,358188.30148592,30670.83117408
2461042.83333333,22581.63321570,358493.69381189,30579.73377191
2461042.87500000,18659.43779066,358759.42891670,30485.20678526
2461042.91666666,14735.03734269,358985.48911708,30387.26172141
2461042.95833333,10808.87164211,359171.86213623,30285.91054945
2461043.00000000,6881.38044054,359318.54110247,30181.16569779
2461043.04166666,2953.00338895,359425.52454612,30073.04005142
2461043.08333333,-975.82004427,359492.81639500,29961.54694913
2461043.12500000,-4904.65065504,359520.42596818,29846.70018057
2461043.16666666,-8833.04958519,359508.36796837,29728.51398314
2461043.20833333,-12760.57840380,359456.66247254,29607.00303885
2461043.25000000,-16686.79918838,359365.33492122,29482.18247094
2461043.29166666,-20611.27460563,359234.41610605,29354.06784051
2461043.33333333,-24533.56799205,359063.94215597,29222.67514289
2461043.37500000,-28453.24343402,358853.95452173,29088.02080399
2461043.41666666,-32369.86584759,358604.49995904,28950.12167651
2461043.45833333,-36283.00105786,358315.63051007,28808.99503602
2461043.50000000,-40192.21587775,357987.40348361,28664.65857692
2461043.54166666,-44097.07818646,357619.88143361,28517.13040832
2461043.58333333,-47997.15700721,357213.13213636,28366.42904980
2461043.62500000,-51892.02258456,356767.22856618,28212.57342705
2461043.66666666,-55781.24646100,356282.24886967,28055.58286743
2461043.70833333,-59664.40155300,355758.27633861,27895.47709541
2461043.75000000,-63541.06222632,355195.39938136,27732.27622790
2461043.79166666,-67410.80437064,354593.71149301,27566.00076954
2461043.83333333,-71273.20547345,353953.31122404,27396.67160782
2461043.87500000,-75127.84469318,353274.30214778,27224.31000820
2461043.91666666,-78974.30293154,352556.79282644,27048.93760901
2461043.95833333,-82812.16290500,351800.89677594,26870.57641644
2461044.00000000,-86641.00921544,351006.73242941,26689.24879929
2461044.04166666,-90460.42841991,350174.42309948,26504.97748372
2461044.08333333,-94270.00909947,349304.09693934,26317.78554790
2461044.12500000,-98069.34192715,348395.88690264,26127.69641664
2461044.16666666,-101858.01973482,347449.93070214,25934.73385584
2461044.20833333,-105635.63757922,346466.37076734,25738.92196698
2461044.25000000,-109401.79280687,345445.35420088,25540.28518148
2461044.29166666,-113156.08511798,344387.03273395,25338.84825505
2461044.33333333,-116898.11662936,343291.56268060,25134.63626190
2461044.37500000,-120627.49193611,342159.10489098,24927.67458901
2461044.41666666,-124343.81817237,340989.82470372,24717.98893025
2461044.45833333,-128046.70507085,339783.89189717,24505.60528049
2461044.50000000,-131735.76502125,338541.48063984,24290.54992966
2461044.54166666,-135410.61312757,337262.76943991,24072.84945679
2461044.58333333,-139070.86726425,335947.94109381,23852.53072396
2461044.62500000,-142716.14813101,334597.18263397,23629.62087024
2461044.66666666,-146346.07930659,333210.68527582,23404.14730563
2461044.70833333,-149960.28730129,331788.64436396,23176.13770493
2461044.75000000,-153558.40160821,330331.25931762,22945.62000156
2461044.79166666,-157140.05475333,328838.73357533,22712.62238143
2461044.83333333,-160704.88234429,327311.27453902,22477.17327671
2461044.87500000,-164252.52311793,325749.09351737,22239.30135966
2461044.91666666,-167782.61898657,324152.40566862,21999.03553637
2461044.95833333,-171294.81508304,322521.42994274,21756.40494051
2461045.00000000,-174788.75980433,320856.38902310,21511.43892715
2461045.04166666,-178264.10485412,319157.50926757,21264.16706642
2461045.08333333,-181720.50528385,317425.02064920,21014.61913734
2461045.12500000,-185157.61953262,315659.15669641,20762.82512148
2461045.16666666,-188575.10946573,313860.15443273,20508.81519678
2461045.20833333,-191972.64041194,312028.25431623,20252.61973127
2461045.25000000,-195349.88119942,310163.70017854,19994.26927681
2461045.29166666,-198706.50419042,308266.73916358,19733.79456291
2461045.33333333,-202042.18531466,306337.62166595,19471.22649047
2461045.37500000,-205356.60410132,304376.60126913,19206.59612562
2461045.41666666,-208649.44370988,302383.93468340,18939.93469352
2461045.45833333,-211920.39095960,300359.88168360,18671.27357219
2461045.50000000,-215169.13635763,298304.70504669,18400.64428641
2461045.54166666,-218395.37412604,296218.67048923,18128.07850159
2461045.58333333,-221598.80222736,294102.04660467,17853.60801768
2461045.62500000,-224779.12238900,291955.10480064,17577.26476315
2461045.66666666,-227936.04012634,289778.11923618,17299.08078897
2461045.70833333,-231069.26476458,287571.36675895,17019.08826261
2461045.75000000,-234178.50945936,285335.12684239,16737.31946213
2461045.79166666,-237263.49121610,283069.68152306,16453.80677023
2461045.83333333,-240323.93090822,280775.31533786,16168.58266844
2461045.87500000,-243359.55329400,278452.31526156,15881.67973129
2461045.91666666,-246370.08703234,276100.97064424,15593.13062053
2461045.95833333,-249355.26469733,273721.57314901,15302.96807940
2461046.00000000,-252314.82279157,271314.41668987,15011.22492697
2461046.04166666,-255248.50175842,268879.79736975,14717.93405252
2461046.08333333,-258156.04599301,266418.01341878,14423.12840995
2461046.12500000,-261037.20385218,263929.36513281,14126.84101227
2461046.16666666,-263891.72766327,261414.15481217,13829.10492616
2461046.20833333,-266719.37373181,258872.68670078,13529.95326654
2461046.25000000,-269519.90234811,256305.26692548,13229.41919123
2461046.29166666,-272293.07779281,253712.20343580,12927.53589567
2461046.33333333,-275038.66834133,251093.80594399,12624.33660768
2461046.37500000,-277756.44626730,248450.38586544,12319.85458233
2461046.41666666,-280446.18784497,245782.25625959,12014.12309679
2461046.45833333,-283107.67335063,243089.73177107,11707.17544534
2461046.50000000,-285740.68706298,240373.12857147,11399.04493438
2461046.54166666,-288345.01726263,237632.76430137,11089.76487753
2461046.58333333,-290920.45623055,234868.95801300,10779.36859077
2461046.62500000,-293466.80024567,232082.03011323,10467.88938772
2461046.66666666,-295983.84958150,229272.30230717,10155.36057489
2461046.70833333,-298471.40850191,226440.09754221,9841.81544708
2461046.75000000,-300929.28525602,223585.73995264,9527.28728281
2461046.79166666,-303357.29207221,220709.55480472,9211.80933981
2461046.83333333,-305755.24515133,217811.86844238,8895.41485064
2461046.87500000,-308122.96465907,214893.00823350,8578.13701831
2461046.91666666,-310460.27471756,211953.30251664,8260.00901203
2461046.95833333,-312767.00339617,208993.08054848,7941.06396295
2461047.00000000,-315042.98270160,206012.67245182,7621.33496012
2461047.04166666,-317288.04856713,203012.40916413,7300.85504634
2461047.08333333,-319502.04084131,199992.62238683,6979.65721423
2461047.12500000,-321684.80327583,196953.64453502,6657.77440230
2461047.16666666,-323836.18351275,193895.80868806,6335.23949112
2461047.20833333,-325956.03307112,190819.44854058,6012.08529953
2461047.25000000,-328044.20733288,187724.89835424,5688.34458096
2461047.29166666,-330100.56552826,184612.49291020,5364.05001983
2461047.33333333,-332124.97072047,181482.56746205,5039.23422798
2461047.37500000,-334117.28978990,178335.45768965,4713.92974119
2461047.41666666,-336077.39341769,175171.49965342,4388.16901579
2461047.45833333,-338005.15606887,171991.02974944,4061.98442534
2461047.50000000,-339900.45597487,168794.38466517,3735.40825735
2461047.54166666,-341763.17511560,165581.90133584,3408.47271012
2461047.58333333,-343593.19920106,162353.91690155,3081.20988960
2461047.62500000,-345390.41765243,159110.76866505,2753.65180637
2461047.66666666,-347154.72358279,155852.79405013,2425.83037266
2461047.70833333,-348886.01377741,152580.33056083,2097.77739943
2461047.75000000,-350584.18867355,149293.71574123,1769.52459357
2461047.79166666,-352249.15234002,145993.28713593,1441.10355512
2461047.83333333,-353880.81245625,142679.38225127,1112.54577458
2461047.87500000,-355479.08029108,139352.33851722,783.88263027
2461047.91666666,-357043.87068120,136012.49324989,455.14538579
2461047.95833333,-358575.10200928,132660.18361483,126.36518751
2461048.00000000,-360072.69618179,129295.74659089,-202.42693782
2461048.04166666,-361536.57860654,125919.51893489,-531.20008548
2461048.08333333,-362966.67817003,122531.83714683,-859.92347504
2461048.12500000,-364362.92721441,119133.03743589,-1188.56645262
2461048.16666666,-365725.26151437,115723.45568701,-1517.09849300
2461048.20833333,-367053.62025368,112303.42742821,-1845.48920181
2461048.25000000,-368347.94600164,108873.28779850,-2173.70831750
2461048.29166666,-369608.18468927,105433.37151651,-2501.72571338
2461048.33333333,-370834.28558534,101984.01284973,-2829.51139948
2461048.37500000,-372026.20127232,98525.54558443,-3157.03552448
2461048.41666666,-373183.88762208,95058.30299619,-3484.26837747
2461048.45833333,-374307.30377157,91582.61782109,-3811.18038971
2461048.50000000,-375396.41209830,88098.82222756,-4137.74213635
2461048.54166666,-376451.17819576,84607.24778876,-4463.92433799
2461048.58333333,-377471.57084878,81108.22545576,-4789.69786234
2461048.62500000,-378457.56200879,77602.08553112,-5115.03372570
2461048.66666666,-379409.12676900,74089.15764321,-5439.90309447
2461048.70833333,-380326.24333958,70569.77072111,-5764.27728652
2461048.75000000,-381208.89302276,67044.25297011,-6088.12777259
2461048.79166666,-382057.06018796,63512.93184774,-6411.42617762
2461048.83333333,-382870.73224684,59976.13404045,-6734.14428201
2461048.87500000,-383649.89962839,56434.18544087,-7056.25402281
2461048.91666666,-384394.55575406,52887.41112553,-7377.72749495
2461048.95833333,-385104.69701280,49336.13533329,-7698.53695233
2461049.00000000,-385780.32273628,45780.68144418,-8018.65480890
2461049.04166666,-386421.43517405,42221.37195890,-8338.05363974
2461049.08333333,-387028.03946872,38658.52847873,-8656.70618198
2461049.12500000,-387600.14363134,35092.47168612,-8974.58533583
2461049.16666666,-388137.75851669,31523.52132564,-9291.66416543
2461049.20833333,-388640.89779874,27951.99618555,-9607.91589975
2461049.25000000,-389109.57794620,24378.21407986,-9923.31393342
2461049.29166666,-389543.81819806,20802.49183079,-10237.83182748
2461049.33333333,-389943.64053938,17225.14525187,-10551.44331020
2461049.37500000,-390309.06967709,13646.48913137,-10864.12227771
2461049.41666666,-390640.13301590,10066.83721628,-11175.84279478
2461049.45833333,-390936.86063439,6486.50219674,-11486.57909535
2461049.50000000,-391199.28526122,2905.79569090,-11796.30558323
2461049.54166666,-391427.44225140,-674.97176977,-12104.99683265
2461049.58333333,-391621.36956281,-4255.49075473,-12412.62758877
2461049.62500000,-391781.10773280,-7835.45294818,-12719.17276824
2461049.66666666,-391906.69985494,-11414.55116251,-13024.60745966
2461049.70833333,-391998.19155601,-14992.47935127,-13328.90692400
2461049.75000000,-392055.63097302,-18568.93262180,-13632.04659510
2461049.79166666,-392079.06873052,-22143.60724744,-13934.00207999
2461049.83333333,-392068.55791806,-25716.20067934,-14234.74915929
2461049.87500000,-392024.15406773,-29286.41155796,-14534.26378757
2461049.91666666,-391945.91513204,-32853.93972415,-14832.52209363
2461049.95833333,-391833.90146185,-36418.48622989,-15129.50038080
2461050.00000000,-391688.17578460,-39979.75334868,-15425.17512723
2461050.04166666,-391508.80318263,-43537.44458562,-15719.52298613
2461050.08333333,-391295.85107179,-47091.26468711,-16012.52078597
2461050.12500000,-391049.38918016,-50640.91965028,-16304.14553070
2461050.16666666,-390769.48952711,-54186.11673205,-16594.37439994
2461050.20833333,-390456.22640238,-57726.56445797,-16883.18474912
2461050.25000000,-390109.67634554,-61261.97263064,-17170.55410965
2461050.29166666,-389729.91812556,-64792.05233799,-17456.46018901
2461050.33333333,-389317.03272064,-68316.51596116,-17740.88087092
2461050.37500000,-388871.10329823,-71835.07718216,-18023.79421535
2461050.41666666,-388392.21519525,-75347.45099127,-18305.17845865
2461050.45833333,-387880.45589861,-78853.35369415,-18585.01201362
2461050.50000000,-387335.91502588,-82352.50291876,-18863.27346951
2461050.54166666,-386758.68430614,-85844.61762199,-19139.94159208
2461050.58333333,-386148.85756119,-89329.41809607,-19414.99532362
2461050.62500000,-385506.53068685,-92806.62597477,-19688.41378297
2461050.66666666,-384831.80163455,-96275.96423937,-19960.17626548
2461050.70833333,-384124.77039315,-99737.15722443,-20230.26224302
2461050.75000000,-383385.53897094,-103189.93062337,-20498.65136396
2461050.79166666,-382614.21137789,-106634.01149380,-20765.32345311
2461050.83333333,-381810.89360815,-110069.12826276,-21030.25851170
2461050.87500000,-380975.69362274,-113495.01073167,-21293.43671730
2461050.91666666,-380108.72133248,-116911.39008122,-21554.83842381
2461050.95833333,-379210.08858115,-120317.99887597,-21814.44416133
2461051.00000000,-378279.90912885,-123714.57106893,-22072.23463612
2461051.04166666,-377318.29863560,-127100.84200589,-22328.19073052
2461051.08333333,-376325.37464522,-130476.54842963,-22582.29350284
2461051.12500000,-375301.25656929,-133841.42848400,-22834.52418732
2461051.16666666,-374246.06567151,-137195.22171788,-23084.86419395
2461051.20833333,-373159.92505211,-140537.66908898,-23333.29510847
2461051.25000000,-372042.95963262,-143868.51296758,-23579.79869218
2461051.29166666,-370895.29614077,-147187.49714008,-23824.35688187
2461051.33333333,-369717.06309566,-150494.36681253,-24066.95178975
2461051.37500000,-368508.39079309,-153788.86861399,-24307.56570324
2461051.41666666,-367269.41129116,-157070.75059984,-24546.18108497
2461051.45833333,-366000.25839603,-160339.76225498,-24782.78057258
2461051.50000000,-364701.06764797,-163595.65449697,-25017.34697866
2461051.54166666,-363371.97630753,-166838.17967907,-25249.86329061
2461051.58333333,-362013.12334195,-170067.09159324,-25480.31267051
2461051.62500000,-360624.64941179,-173282.14547302,-25708.67845505
2461051.66666666,-359206.69685779,-176483.09799644,-25934.94415540
2461051.70833333,-357759.40968782,-179669.70728879,-26159.09345707
2461051.75000000,-356282.93356417,-182841.73292540,-26381.11021984
2461051.79166666,-354777.41579092,-185998.93593435,-26600.97847763
2461051.83333333,-353243.00530158,-189141.07879914,-26818.68243840
2461051.87500000,-351679.85264690,-192267.92546133,-27034.20648406
2461051.91666666,-350088.10998283,-195379.24132318,-27247.53517034
2461051.95833333,-348467.93105873,-198474.79325025,-27458.65322674
2461052.00000000,-346819.47120571,-201554.34957393,-27667.54555639
2461052.04166666,-345142.88732518,-204617.68009406,-27874.19723601
2461052.08333333,-343438.33787759,-207664.55608145,-28078.59351579
2461052.12500000,-341705.98287130,-210694.75028044,-28280.71981932
2461052.16666666,-339945.98385166,-213708.03691143,-28480.56174354
2461052.20833333,-338158.50389024,-216704.19167350,-28678.10505863
2461052.25000000,-336343.70757424,-219682.99174687,-28873.33570800
2461052.29166666,-334501.76099608,-222644.21579557,-29066.23980820
2461052.33333333,-332632.83174307,-225587.64396997,-29256.80364884
2461052.37500000,-330737.08888736,-228513.05790940,-29445.01369264
2461052.41666666,-328814.70297594,-231420.24074483,-29630.85657528
2461052.45833333,-326865.84602084,-234308.97710145,-29814.31910545
2461052.50000000,-324890.69148947,-237179.05310146,-29995.38826478