2459396.5,45841643.84685707,-31557515.47347377,-21772350.059061754
2459396.5416666665,45917644.52757285,-31427144.840172686,-21710582.2154202
2459396.5833333335,45993289.79505901,-31296532.031004105,-21648648.162631836
2459396.625,46068578.510633305,-31165677.64792691,-21586548.104234077
2459396.6666666665,46143509.53454205,-31034582.296559453,-21524282.245608173
2459396.7083333335,46218081.72596749,-30903246.58619668,-21461850.793989096
2459396.75,46292293.9430354,-30771671.129827354,-21399253.958475538
2459396.7916666665,46366145.04282268,-30639856.5441513,-21336491.95003991
2459396.8333333335,46439633.88136514,-30507803.449596718,-21273564.98153839
2459396.875,46512759.31366543,-30375512.470337566,-21210473.267721046
2459396.9166666665,46585520.19370099,-30242984.23431096,-21147217.025241937
2459396.9583333335,46657915.37443231,-30110219.37323467,-21083796.472669333
2459397.0,46729943.70781114,-29977218.522624664,-21020211.83049592
2459397.0416666665,46801604.0447889,-29843982.321812674,-20956463.32114907
2459397.0833333335,46872895.235325284,-29710511.41396386,-20892551.169001162
2459397.125,46943816.12839686,-29576806.446094494,-20828475.600379925
2459397.1666666665,47014365.572005935,-29442868.06908972,-20764236.84357884
2459397.2083333335,47084542.41318946,-29308696.937721364,-20699835.128867574
2459397.25,47154345.49802816,-29174293.710665792,-20635270.688502476
2459397.2916666665,47223773.671655655,-29039659.050521817,-20570543.756737072
2459397.3333333335,47292825.77826794,-28904793.623828664,-20505654.569832668
2459397.375,47361500.66113278,-28769698.101083998,-20440603.366068933
2459397.4166666665,47429797.16259937,-28634373.156761996,-20375390.38575456
2459397.4583333335,47497714.12410813,-28498819.469331443,-20310015.871237956
2459397.5,47565250.386200584,-28363037.721273944,-20244480.066917986
2459397.5416666665,47632404.78852946,-28227028.599102117,-20178783.21925475
2459397.5833333335,47699176.16986889,-28090792.79337789,-20112925.576780386
2459397.625,47765563.36812471,-27954330.99873081,-20046907.390109964
2459397.6666666665,47831565.220345035,-27817643.91387644,-19980728.911952365
2459397.7083333335,47897180.56273088,-27680732.241634764,-19914390.397121236
2459397.75,47962408.23064694,-27543596.68894866,-19847892.10254598
2459397.7916666665,48027247.058632545,-27406237.96690247,-19781234.28728279
2459397.8333333335,48091695.8804128,-27268656.790740494,-19714417.21252572
2459397.875,48155753.528909795,-27130853.879885677,-19647441.14161778
2459397.9166666665,48219418.83625406,-26992829.957958248,-19580306.34006212
2459397.9583333335,48282690.63379608,-26854585.75279444,-19513013.075533215
2459398.0,48345567.752118096,-26716121.99646525,-19445561.617888093
2459398.0416666665,48408049.021045916,-26577439.42529525,-19377952.239177633
2459398.0833333335,48470133.269661,-26438538.779881436,-19310185.21365786
2459398.125,48531819.32631269,-26299420.805112127,-19242260.817801323
2459398.1666666665,48593106.01863053,-26160086.250185914,-19174179.33030852
2459398.2083333335,48653992.17353682,-26020535.868630648,-19105941.03211928
2459398.25,48714476.61725937,-25880770.418322455,-19037546.206424292
2459398.2916666665,48774558.17534426,-25740790.661504827,-18968995.138676632
2459398.3333333335,48834235.67266898,-25600597.364807744,-18900288.11660328
2459398.375,48893507.933455594,-25460191.299266804,-18831425.43021679
2459398.4166666665,48952373.78128411,-25319573.240342464,-18762407.371826872
2459398.4583333335,49010832.039106034,-25178743.967939235,-18693234.236052115
2459398.5,49068881.529258125,-25037704.26642501,-18623906.319831684
2459398.5416666665,49126521.07347625,-24896454.92465035,-18554423.92243711
2459398.5833333335,49183749.49290947,-24754996.735967863,-18484787.34548406
2459398.625,49240565.608134344,-24613330.49825159,-18414996.892944198
2459398.6666666665,49296968.23916928,-24471457.01391646,-18345052.871157058
2459398.7083333335,49352956.20548922,-24329377.08993774,-18274955.588841964
2459398.75,49408528.3260404,-24187091.537870564,-18204705.357109975
2459398.7916666665,49463683.41925533,-24044601.17386946,-18134302.4894759
2459398.8333333335,49518420.303068005,-23901906.818707973,-18063747.3018703
2459398.875,49572737.794929154,-23759009.29779821,-17993040.112651598
2459398.9166666665,49626634.711821906,-23615909.44121055,-17922181.242618136
2459398.9583333335,49680109.870277464,-23472608.083693307,-17851171.01502037
2459399.0,49733162.086390965,-23329106.06469244,-17780009.755573023
2459399.0416666665,49785790.175837696,-23185404.22837129,-17708697.792467292
2459399.0833333335,49837992.95388934,-23041503.423630375,-17637235.45638314
2459399.125,49889769.23543049,-22897404.504127182,-17565623.080501545
2459399.1666666665,49941117.83497533,-22753108.328296013,-17493861.00051686
2459399.2083333335,49992037.566684596,-22608615.759367842,-17421949.554649167
2459399.25,50042527.24438258,-22463927.665390205,-17349889.083656646
2459399.2916666665,50092585.6815745,-22319044.919247117,-17277679.930848062
2459399.3333333335,50142211.691463955,-22173968.39867901,-17205322.442095175
2459399.375,50191404.08697066,-22028698.986302726,-17132816.96584528
2459399.4166666665,50240161.68074833,-21883237.56963148,-17060163.853133734
2459399.4583333335,50288483.28520282,-21737585.04109487,-16987363.457596518
2459399.5,50336367.71251045,-21591742.29805895,-16914416.13548284
2459399.5416666665,50383813.77463651,-21445710.242846258,-16841322.245667785
2459399.5833333335,50430820.28335403,-21299489.782755896,-16768082.149664976
2459399.625,50477386.05026276,-21153081.830083653,-16694696.211639263
2459399.6666666665,50523509.886808306,-21006487.302142076,-16621164.798419472
2459399.7083333335,50569190.60430155,-20859707.12128065,-16547488.279511172
2459399.75,50614427.01393824,-20712742.21490592,-16473667.027109465
2459399.7916666665,50659217.926818855,-20565593.515501656,-16399701.416111799
2459399.8333333335,50703562.153968595,-20418261.960649043,-16325591.82413085
2459399.875,50747458.506357715,-20270748.493046857,-16251338.631507397
2459399.9166666665,50790905.794921994,-20123054.0605317,-16176942.221323242
2459399.9583333335,50833902.83058344,-19975179.616098154,-16102402.979414154
2459400.0,50876448.42427127,-19827126.11791908,-16027721.294382844
2459400.0416666665,50918541.38694309,-19678894.5293658,-15952897.557611972
2459400.0833333335,50960180.52960627,-19530485.819028348,-15877932.163277179
2459400.125,51001364.6633396,-19381900.96073574,-15802825.508360134
2459400.1666666665,51042092.599315204,-19233140.933576163,-15727577.99266164
2459400.2083333335,51082363.14882058,-19084206.721917327,-15652190.018814724
2459400.25,51122175.12328099,-18935099.315426625,-15576661.992297795
2459400.2916666665,51161527.33428203,-18785819.709091477,-15500994.321447795
2459400.3333333335,51200418.59359248,-18636368.90323951,-15425187.417473387
2459400.375,51238847.713187315,-18486747.903558895,-15349241.694468178
2459400.4166666665,51276813.505271085,-18336957.721118525,-15273157.569423942
2459400.4583333335,51314314.78230138,-18186999.37238834,-15196935.4622439
2459400.5,51351350.357012704,-18036873.879259534,-15120575.795755979
2459400.5416666665,51387919.04244052,-17886582.26906479,-15044078.995726122
2459400.5833333335,51424019.65194547,-17736125.574598547,-14967445.49087164
2459400.625,51459650.99923803,-17585504.834137186,-14890675.71287453
2459400.6666666665,51494811.89840321,-17434721.09145926,-14813770.09639485
2459400.7083333335,51529501.16392568,-17283775.39586569,-14736729.079084117
2459400.75,51563717.61071505,-17132668.802199982,-14659553.101598704
2459400.7916666665,51597460.054131426,-16981402.37086834,-14582242.607613279
2459400.8333333335,51630727.31001128,-16829977.167859882,-14504798.043834224
2459400.875,51663518.1946935,-16678394.264766734,-14427219.860013135
2459400.9166666665,51695831.525045715,-16526654.738804169,-14349508.508960258
2459400.9583333335,51727666.118491,-16374759.6728307,-14271664.44655801
2459401.0,51759020.79303467,-16222710.155368144,-14193688.131774483
2459401.0416666665,51789894.367291465,-16070507.280621687,-14115580.02667696
2459401.0833333335,51820285.66051294,-15918152.148499893,-14037340.596445462
2459401.125,51850193.49261516,-15765645.864634704,-13958970.309386294
2459401.1666666665,51879616.68420671,-15612989.540401407,-13880469.636945605
2459401.2083333335,51908554.05661683,-15460184.292938566,-13801839.053722976
2459401.25,51937004.43192398,-15307231.245167924,-13723079.037484992
2459401.2916666665,51964966.63298463,-15154131.525814269,-13644190.069178842
2459401.3333333335,51992439.4834623,-15000886.26942527,-13565172.632945929
2459401.375,52019421.80785688,-14847496.616391262,-13486027.21613548
2459401.4166666665,52045912.43153432,-14693963.712964999,-13406754.309318172
2459401.4583333335,52071910.18075646,-14540288.711281374,-13327354.406299755
2459401.5,52097413.88271126,-14386472.769377064,-13247828.004134692
2459401.5416666665,52122422.3655433,-14232517.05121018,-13168175.603139797
2459401.5833333335,52146934.45838447,-14078422.72667982,-13088397.706907883
2459401.625,52170948.991385095,-13924190.971645594,-13008494.822321407
2459401.6666666665,52194464.79574527,-13769822.967947105,-12928467.459566118
2459401.7083333335,52217480.703746445,-13615319.903423363,-12848316.132144721
2459401.75,52239995.548783444,-13460682.971932147,-12768041.356890522
2459401.7916666665,52262008.16539659,-13305913.373369312,-12687643.653981078
2459401.8333333335,52283517.38930433,-13151012.313688042,-12607123.54695186
2459401.875,52304522.057436004,-12995981.004918026,-12526481.5627099
2459401.9166666665,52325021.00796494,-12840820.665184584,-12445718.23154743
2459401.9583333335,52345013.08034197,-12685532.518727705,-12364834.087155543
2459402.0,52364497.115329094,-12530117.795921072,-12283829.666637816
2459402.0416666665,52383471.9550335,-12374577.733290948,-12202705.510523945
2459402.0833333335,52401936.44294199,-12218913.573535018,-12121462.162783388
2459402.125,52419889.42395552,-12063126.565541174,-12040100.17083896
2459402.1666666665,52437329.74442425,-11907217.964406205,-11958620.085580453
2459402.2083333335,52454256.25218276,-11751189.031454407,-11877022.46137824
2459402.25,52470667.79658565,-11595041.034256097,-11795307.856096843
2459402.2916666665,52486563.22854344,-11438775.246646104,-11713476.83110854
2459402.3333333335,52501941.40055877,-11282392.948742086,-11631529.951306893
2459402.375,52516801.16676295,-11125895.426962819,-11549467.785120316
2459402.4166666665,52531141.38295278,-10969283.97404639,-11467290.904525604
2459402.4583333335,52544960.90662774,-10812559.889068259,-11384999.885061445
2459402.5,52558258.59702746,-10655724.477459276,-11302595.305841904
2459402.5416666665,52571033.315169536,-10498779.051023543,-11220077.749569928
2459402.5833333335,52583283.92388768,-10341724.927956248,-11137447.802550782
2459402.625,52595009.287870154,-10184563.432861313,-11054706.054705486
2459402.6666666665,52606208.273698576,-10027295.89676899,-10971853.09958423
2459402.7083333335,52616879.749887034,-9869923.657153338,-10888889.534379765
2459402.75,52627022.58692151,-9712448.057949573,-10805815.959940765
2459402.7916666665,52636635.6572997,-9554870.449571323,-10722632.980785152
2459402.8333333335,52645717.83557105,-9397192.188927753,-10639341.205113415
2459402.875,52654267.998377286,-9239414.639440572,-10555941.244821887
2459402.9166666665,52662285.024493136,-9081539.171060916,-10472433.715515984
2459402.9583333335,52669767.7948674,-8923567.160286123,-10388819.236523425
2459403.0,52676715.19266452,-8765499.99017635,-10305098.43090742
2459403.0416666665,52683126.10330625,-8607339.050371084,-10221271.925479803
2459403.0833333335,52688999.414513856,-8449085.737105507,-10137340.35081415
2459403.125,52694334.01635057,-8290741.453226721,-10053304.341258856
2459403.1666666665,52699128.801264346,-8132307.608209849,-9969164.534950156
2459403.2083333335,52703382.66413112,-7973785.6181739755,-9884921.573825125
2459403.25,52707094.50229821,-7815176.905897953,-9800576.103634626
2459403.2916666665,52710263.21562823,-7656482.900836045,-9716128.773956222
2459403.3333333335,52712887.70654322,-7497705.039133444,-9631580.238207033
2459403.375,52714966.880069256,-7338844.763641604,-9546931.153656539
2459403.4166666665,52716499.64388126,-7179903.523933432,-9462182.18143937
2459403.4583333335,52717484.908348344,-7020882.776318315,-9377333.986568002
2459403.5,52717921.58657929,-6861783.983856989,-9292387.237945432
2459403.5416666665,52717808.59446855,-6702608.616376214,-9207342.608377784
2459403.5833333335,52717144.85074255,-6543358.15048332,-9122200.774586877
2459403.625,52715929.277006306,-6384034.069580542,-9036962.417222705
2459403.6666666665,52714160.79779045,-6224637.863879191,-8951628.2208759
2459403.7083333335,52711838.34059861,-6065171.030413652,-8866198.8740901
2459403.75,52708960.835955076,-5905635.073055188,-8780675.069374286
2459403.7916666665,52705527.21745291,-5746031.502525552,-8695057.50321502
2459403.8333333335,52701536.42180241,-5586361.836410424,-8609346.876088658
2459403.875,52696987.388879836,-5426627.59917263,-8523543.89247346
2459403.9166666665,52691879.06177661,-5266830.322165193,-8437649.260861656
2459403.9583333335,52686210.386848815,-5106971.543644154,-8351663.693771437
2459404.0,52679980.31376711,-4947052.808781203,-8265587.907758862
2459404.0416666665,52673187.7955669,-4787075.669676098,-8179422.623429704
2459404.0833333335,52665831.78869901,-4627041.685368875,-8093168.565451222
2459404.125,52657911.25308059,-4466952.421851831,-8006826.462563832
2459404.1666666665,52649425.152146526,-4306809.452081298,-7920397.047592735
2459404.2083333335,52640372.45290102,-4146614.3559892047,-7833881.057459434
2459404.25,52630752.1259698,-3986368.720494365,-7747279.233193175
2459404.2916666665,52620563.14565239,-3826074.139513598,-7660592.319942313
2459404.3333333335,52609804.48997504,-3665732.213972568,-7573821.06698558
2459404.375,52598475.14074382,-3505344.5518163983,-7486966.22774326
2459404.4166666665,52586574.083598144,-3344912.768020062,-7400028.559788293
2459404.4583333335,52574100.30806472,-3184438.484598485,-7313008.824857256
2459404.5,52561052.807611756,-3023923.330616442,-7225907.788861277
2459404.5416666665,52547430.57970364,-2863368.942198172,-7138726.221896827
2459404.5833333335,52533232.6258559,-2702776.962536748,-7051464.89825644
2459404.625,52518457.951690644,-2542149.041903173,-6964124.596439296
2459404.6666666665,52503105.56699223,-2381486.837655214,-6876706.099161732
2459404.7083333335,52487174.48576341,-2220792.014245992,-6789210.193367635
2459404.75,52470663.72628183,-2060066.2432322358,-6701637.670238715
2459404.7916666665,52453572.31115684,-1899311.203282334,-6613989.325204689
2459404.8333333335,52435899.26738676,-1738528.5801840336,-6526265.957953339
2459404.875,52417643.62641642,-1577720.066851919,-6438468.372440463
2459404.9166666665,52398804.42419518,-1416887.363334526,-6350597.3768996885
2459404.9583333335,52379380.70123518,-1256032.1768212237,-6262653.783852194
2459405.0,52359371.50267015,-1095156.2216487827,-6174638.410116306
2459405.0416666665,52338775.87831437,-934261.2193075964,-6086552.076816936
2459405.0833333335,52317592.88272217,-773348.8984476528,-5998395.609394944
2459405.125,52295821.57524771,-612420.9948841729,-5910169.8376163365
2459405.1666666665,52273461.02010522,-451479.2516028993,-5821875.595581338
2459405.2083333335,52250510.286429405,-290525.4187651244,-5733513.7217333475
2459405.25,52226968.4483365,-129561.25371234026,-5645085.058867744
2459405.2916666665,52202834.58498549,31411.479029422164,-5556590.454140543
2459405.3333333335,52178107.780639715,192391.00774557,-5468030.7590769455
2459405.375,52152787.12472898,353375.55352930725,-5379406.829579709
2459405.4166666665,52126871.711911835,514363.3302782844,-5290719.525937401
2459405.4583333335,52100360.64213838,675352.5446916488,-5201969.712832476
2459405.5,52073253.02071333,836341.3962674206,-5113158.259349225
2459405.5416666665,52045547.958359525,997328.0773002091,-5024286.038981569
2459405.5833333335,52017244.571281716,1158310.772879337,-4935353.929640677
2459405.625,51988341.98123083,1319287.6608872886,-4846362.813662452
2459405.6666666665,51958839.31556842,1480256.9119985541,-4757313.577814838
2459405.7083333335,51928735.707331695,1641216.6896788487,-4668207.113304965
2459405.75,51898030.29529871,1802165.1501846872,-4579044.315786145
2459405.7916666665,51866722.224054046,1963100.4425633866,-4489826.085364668
2459405.8333333335,51834810.64405474,2124020.70865342,-4400553.326606458
2459405.875,51802294.71169674,2284924.0830852026,-4311226.948543526
2459405.9166666665,51769173.58938145,2445808.6932822308,-4221847.864680281
2459405.9583333335,51735446.44558288,2606672.6594626727,-4132416.99299962
2459406.0,51701112.45491507,2767514.0946413423,-4042935.2559688673
2459406.0416666665,51666170.79819973,2928331.1046321006,-3953403.5805455144
2459406.0833333335,51630620.66253445,3089121.7880506637,-3863822.898182771
2459406.125,51594461.24136109,3249884.2363178506,-3774194.144834935
2459406.1666666665,51557691.73453455,3410616.5336632477,-3684518.2609625575
2459406.2083333335,51520311.348391965,3571316.757129308,-3594796.19153742
2459406.25,51482319.29582211,3731982.9765759185,-3505028.886047298
2459406.2916666665,51443714.79633528,3892613.2546853516,-3415217.2985005523
2459406.3333333335,51404497.07613339,4053205.6469677417,-3325362.3874304695
2459406.375,51364665.368180476,4213758.201766944,-3235465.115899445
2459406.4166666665,51324218.91227353,4374268.960266912,-3145526.451502913
2459406.4583333335,51283156.95511361,4534735.956498506,-3055547.366373083
2459406.5,51241478.750377394,4695157.217346769,-2965528.837182467
2459406.5416666665,51199183.55878887,4855530.762558707,-2875471.84514716
2459406.5833333335,51156270.64819158,5015854.604751518,-2785377.3760299254
2459406.625,51112739.29362101,5176126.749421328,-2695246.4201430352
2459406.6666666665,51068588.77737737,5336345.1949523995,-2605079.9723508945
2459406.7083333335,51023818.38909868,5496507.932626851,-2514879.032072425
2459406.75,50978427.42583418,5656612.946634855,-2424644.603283224
2459406.7916666665,50932415.192118034,5816658.214085385,-2334377.6945174644
2459406.8333333335,50885781.00004334,5976641.705017427,-2244079.3188695814
2459406.875,50838524.169336475,6136561.382411711,-2153750.493995703
2459406.9166666665,50790644.02743171,6296415.202203026,-2063392.2421148103
2459406.9583333335,50742139.90954613,6456201.113292951,-1973005.5900097014
2459407.0,50693011.15875486,6615917.057563234,-1882591.5690276455
2459407.0416666665,50643257.12606659,6775560.969889624,-1792151.2150808154
2459407.0833333335,50592877.17049935,6935130.778156292,-1701685.5686464421
2459407.125,50541870.65915662,7094624.403270762,-1611195.6747667296
2459407.1666666665,50490236.96730372,7254039.759179441,-1520682.5830484673
2459407.2083333335,50437975.47844442,7413374.752883669,-1430147.3476624107
2459407.25,50385085.584397875,7572627.284456333,-1339591.0273423698
2459407.2916666665,50331566.685375825,7731795.24705909,-1249014.6853840193
2459407.3333333335,50277418.19006009,7890876.52696009,-1158419.3896434503
2459407.375,50222639.515680216,8049869.003552361,-1067806.2125354148
2459407.4166666665,50167230.088091545,8208770.5493727345,-977176.231031294
2459407.4583333335,50111189.3418534,8367579.030121338,-886530.5266567998
2459407.5,50054516.720307626,8526292.304681724,-795870.1854893427
2459407.5416666665,49997211.675657265,8684908.225141589,-705196.2981551533
2459407.5833333335,49939273.66904557,8843424.636814067,-614509.9598260615
2459407.625,49880702.17063521,9001839.37825969,-523812.2702160003
2459407.6666666665,49821496.65968774,9160150.281308906,-433104.3335772045
2459407.7083333335,49761656.62464329,9318355.171085237,-342387.2586960932
2459407.75,49701181.563200384,9476451.86602908,-251662.15888884105
2459407.7916666665,49640070.98239616,9634438.177922122,-160930.1519966405
2459407.8333333335,49578324.39868666,9792311.91191238,-70192.36038065795
2459407.875,49515941.33802734,9950070.866539918,20550.08908336796
2459407.9166666665,49452921.33595386,10107712.833763162,111296.06501080655
2459407.9583333335,49389263.93766302,10265235.59898592,202044.43151417657
2459408.0,49324968.69809387,10422636.941084983,292794.0482094893
2459408.0416666665,49260035.18200904,10579914.632438486,383543.7702229684
2459408.0833333335,49194462.96407626,10737066.438954838,474292.4481980456
2459408.125,49128251.62895,10894090.120102385,565038.9283027593
2459408.1666666665,49061400.771353364,11050983.428939728,655782.0522374436
2459408.2083333335,48993909.99616007,11207744.112146739,746520.6572428206
2459408.25,48925778.91847662,11364369.910056207,837253.5761083672
2459408.2916666665,48857007.163724616,11520858.556686264,927979.6371811182
2459408.3333333335,48787594.36772326,11677207.779773409,1018697.6643747613
2459408.375,48717540.1767719,11833415.300806336,1109406.4771791315
2459408.4166666665,48646844.24773284,11989478.835060358,1200104.8906700322
2459408.4583333335,48575506.248114124,12145396.091632638,1290791.7155194748
2459408.5,48503525.85615258,12301164.773478057,1381465.758006229
2459408.5416666665,48430902.76089683,12456782.577445896,1472125.8200268093
2459408.5833333335,48357636.6622906,12612247.194317114,1562770.6991067585
2459408.625,48283727.27125602,12767556.308842437,1653399.188412359
2459408.6666666665,48209174.30977695,12922707.59978117,1744010.0767627321
2459408.7083333335,48133977.51098243,13077698.739940759,1834602.1486423165
2459408.75,48058136.61923032,13232527.396217074,1925174.184213725
2459408.7916666665,47981651.39019085,13387191.229635462,2015724.959331003
2459408.8333333335,47904521.590930335,13541687.895392481,2106253.2455532625
2459408.875,47826746.99999489,13696015.042898493,2196757.8101587454
2459408.9166666665,47748327.40749423,13850170.315820951,2287237.4161592573
2459408.9583333335,47669262.61518556,14004151.352128435,2377690.8223150168
2459409.0,47589552.43655731,14157955.78413553,2468116.7831499223
2459409.0416666665,47509196.69691309,14311581.23854839,2558514.048967214
2459409.0833333335,47428195.23345559,14465025.336511157,2648881.365865553
2459409.125,47346547.89537044,14618285.69365308,2739217.475755524
2459409.1666666665,47264254.54391013,14771359.920136506,2829521.11637655
2459409.2083333335,47181315.05247792,14924245.620705575,2919791.0213142275
2459409.25,47097729.30671166,15076940.394735785,3010025.920018094
2459409.2916666665,47013497.20456766,15229441.836284278,3100224.5378198214
2459409.3333333335,46928618.65640452,15381747.534140991,3190385.5959518338
2459409.375,46843093.58506681,15533855.071880562,3280507.8115663677
2459409.4166666665,46756921.92596888,15685762.027915081,3370589.8977549654
2459409.4583333335,46670103.6271784,15837465.975547606,3460630.563568404
2459409.5,46582638.6495,15988964.483026551,3550628.5140370796
2459409.5416666665,46494526.96655869,16140255.11360084,3640582.4501918154
2459409.5833333335,46405768.56488334,16291335.4255759,3730491.069085138
2459409.625,46316363.44398988,16442202.972370489,3820353.0638129916
2459409.6666666665,46226311.616464555,16592855.302574331,3910167.1235369127
2459409.7083333335,46135613.10804689,16743289.960006595,3999931.9335066583
2459409.75,46044267.95771276,16893504.483775206,4089646.1750832843
2459409.7916666665,45952276.217757024,17043496.408336964,4179308.5257627005
2459409.8333333335,45859637.95387626,17193263.26355856,4268917.659199674
2459409.875,45766353.24525119,17342802.574778363,4358472.245232312
2459409.9166666665,45672422.18462903,17492111.862869117,4447970.949907
2459409.9583333335,45577844.878405556,17641188.644301422,4537412.435503822
2459410.0,45482621.44670706,17790030.431208104,4626795.360562444
2459410.0416666665,45386752.02347207,17938634.731449433,4716118.379908481
2459410.0833333335,45290236.756532855,18086999.048679177,4805380.144680342
2459410.125,45193075.80769672,18235120.882411525,4894579.302356546
2459410.1666666665,45095269.35282702,18382997.728088856,4983714.496783531
2459410.2083333335,44996817.58192401,18530627.077150382,5072784.368203942
2459410.25,44897720.699205324,18678006.41710163,5161787.553285402
2459410.2916666665,44797978.92318634,18825133.2315848,5250722.685149783
2459410.3333333335,44697592.486760065,18972005.000450008,5339588.393402957
2459410.375,44596561.63727689,19118619.199827343,5428383.304165043
2459410.4166666665,44494886.63662398,19264973.30219984,5517106.040101147
2459410.4583333335,44392567.76130436,19411064.776477296,5605755.22045261
2459410.5,44289605.30251563,19556891.08807094,5694329.46106873
2459410.5416666665,44185999.56622842,19702449.698969036,5782827.374439012
2459410.5833333335,44081750.87326441,19847738.06781327,5871247.569725896
2459410.625,43976859.55937404,19992753.64997608,5959588.652798004
2459410.6666666665,43871325.97531385,20137493.89763882,6047849.226263888
2459410.7083333335,43765150.48692339,20281956.259870812,6136027.889506273
2459410.75,43658333.47520175,20426138.18270927,6224123.2387168305
2459410.7916666665,43550875.33638369,20570037.109240077,6312133.866931441
2459410.8333333335,43442776.48201534,20713650.47967947,6400058.364065972
2459410.875,43334037.339029446,20856975.731456578,6487895.316952578
2459410.9166666665,43224658.34982017,21000010.299296826,6575643.309376501
2459410.9583333335,43114639.97231745,21142751.615306243,6663300.922113389
2459411.0,43003982.68006086,21285197.109056585,6750866.732967138
2459411.0416666665,42892686.96227301,21427344.207671396,6838339.316808233
2459411.0833333335,42780753.323932365,21569190.335912913,6925717.245612626
2459411.125,42668182.285845704,21710732.9162698,7012999.088501116
2459411.1666666665,42554974.38471985,21851969.369045842,7100183.41177926
2459411.2083333335,42441130.17323303,21992897.112449408,7187268.778977795
2459411.25,42326650.22010563,22133513.562683832,7274253.750893581
2459411.2916666665,42211535.11017031,22273816.1340387,7361136.885631071
2459411.3333333335,42095785.44444163,22413802.238981888,7447916.738644304
2459411.375,41979401.84018507,22553469.288252566,7534591.862779399
2459411.4166666665,41862384.93098536,22692814.690954998,7621160.808317606
2459411.4583333335,41744735.36681432,22831835.854653265,7707622.123018839
2459411.5,41626453.814097956,22970530.185466755,7793974.352165775
2459411.5416666665,41507540.95578295,23108895.08816657,7880216.038608433
2459411.5833333335,41387997.4914025,23246927.96627277,7966345.722809306
2459411.625,41267824.13714143,23384626.22215246,8052361.942889006
2459411.6666666665,41147021.62590074,23521987.257118702,8138263.234672423
2459411.7083333335,41025590.707361236,23659008.471530315,8224048.131735425
2459411.75,40903532.14804668,23795687.264892444,8309715.165452063
2459411.7916666665,40780846.73138604,23932021.03595806,8395262.865042292
2459411.8333333335,40657535.257775076,24068007.182830166,8480689.757620245
2459411.875,40533598.544637114,24203643.103064958,8565994.368242998
2459411.9166666665,40409037.426483154,24338926.193775717,8651175.219959853
2459411.9583333335,40283852.754971,24473853.85173754,8736230.83386216
2459412.0,40158045.398963794,24608423.473492928,8821159.729133647
2459412.0416666665,40031616.24458762,24742632.455458134,8905960.423101261
2459412.0833333335,39904566.195288286,24876478.194030326,8990631.431286542
2459412.125,39776896.17188731,25009958.085695576,9075171.26745748
2459412.1666666665,39648607.11263697,25143069.5271376,9159578.443680925
2459412.2083333335,39519699.973274596,25275809.915347345,9243851.470375484
2459412.25,39390175.72707587,25408176.647733297,9327988.85636493
2459412.2916666665,39260035.36490726,25540167.12223262,9411989.108932126
2459412.3333333335,39129279.89527756,25671778.737423033,9495850.73387347
2459412.375,38997910.344388515,25803008.89263547,9579572.235553803
2459412.4166666665,38865927.756184444,25933854.988067497,9663152.116961872
2459412.4583333335,38733333.19240098,26064314.42489749,9746588.879766261
2459412.5,38600127.732612714,26194384.60539953,9829881.024371836
2459412.5416666665,38466312.474280044,26324062.9330591,9913027.04997668
2459412.5833333335,38331888.532794885,26453346.812689427,9996025.454629527
2459412.625,38196857.04152538,26582233.650548644,10078874.735287704
2459412.6666666665,38061219.15185963,26710720.854457606,10161573.38787552
2459412.7083333335,37924976.03324839,26838805.833918437,10244119.907343192
2459412.75,37788128.8732466,26966486.00023378,10326512.78772624
2459412.7916666665,37650678.877554044,27093758.766626757,10408750.522205329
2459412.8333333335,37512627.2700547,27220621.548361592,10490831.603166664
2459412.875,37373975.29285519,27347071.762864925,10572754.522262778
2459412.9166666665,37234724.20632199,27473106.829847805,10654517.770473864
2459412.9583333335,37094875.289117604,27598724.171428304,10736119.838169519
2459413.0,36954429.83823551,27723921.212254863,10817559.215171004
2459413.0416666665,36813389.16903404,27848695.37963018,10898834.390813932
2459413.0833333335,36671754.615269065,27973044.103635825,10979943.854011433
2459413.125,36529527.52912546,28096964.81725743,11060886.093317764
2459413.1666666665,36386709.28124745,28220454.956510484,11141659.596992383
2459413.2083333335,36243301.26076772,28343511.960566755,11222262.853064455
2459413.25,36099304.87533528,28466133.27188133,11302694.349397823
2459413.2916666665,35954721.551142134,28588316.336320173,11382952.573756393
2459413.3333333335,35809552.73294869,28710058.60328832,11463036.013869975
2459413.375,35663799.88410793,28831357.525858603,11542943.157500543
2459413.4166666665,35517464.48658829,28952210.560900938,11622672.492508939
2459413.4583333335,35370548.04099525,29072615.169212133,11702222.50692196
2459413.5,35223052.06659165,29192568.81564627,11781591.688999914
2459413.5416666665,35074978.101316705,29312068.969245546,11860778.527304545
2459413.5833333335,34926327.701803684,29431113.10337168,11939781.510767385
2459413.625,34777102.44339621,29549698.69583775,12018599.128758509
2459413.6666666665,34627303.92016334,29667823.22904057,12097229.871155674
2459413.7083333335,34476933.74491314,29785484.19009351,12175672.228413861
2459413.75,34325993.54920499,29902679.070959765,12253924.69163521
2459413.7916666665,34174484.98336048,30019405.368586063,12331985.752639303
2459413.8333333335,34022409.71647291,30135660.58503686,12409853.904033856
2459413.875,33869769.43641538,30251442.227628883,12487527.639285777
2459413.9166666665,33716565.84984748,30366747.80906609,12565005.452792555
2459413.9583333335,33562800.68222052,30481574.84757508,12642285.839954041
2459414.0,33408475.677781373,30595920.86704079,12719367.297244571
2459414.0416666665,33253592.599574853,30709783.397142638,12796248.322285412
2459414.0833333335,33098153.229444575,30823159.97349099,12872927.413917582
2459414.125,32942159.36803242,30936048.137763884,12949403.072274974
2459414.1666666665,32785612.83477649,31048445.437844228,13025673.798857806
2459414.2083333335,32628515.46790759,31160349.427957177,13101738.096606415
2459414.25,32470869.124444135,31271757.668807827,13177594.469975319
2459414.2916666665,32312675.68018565,31382667.727719262,13253241.425007638
2459414.3333333335,32153937.02970469,31493077.17877073,13328677.46940976
2459414.375,31994655.086337212,31602983.602936205,13403901.112626327
2459414.4166666665,31834831.78217148,31712384.588223077,13478910.865915498
2459414.4583333335,31674469.068035327,31821277.72981108,13553705.242424488
2459414.5,31513568.913481936,31929660.630191483,13628282.757265368
2459414.5416666665,31352133.30677402,32037530.899306357,13702641.927591134
2459414.5833333335,31190164.25486641,32144886.15468811,13776781.272672027
2459414.625,31027663.78338714,32251724.021599103,13850699.31397209
2459414.6666666665,30864633.93661677,32358042.133171447,13924394.575225975
2459414.7083333335,30701076.77746634,32463838.130546868,13997865.582515966
2459414.75,30536994.387453534,32569109.663016737,14071110.864349233
2459414.7916666665,30372388.866677273,32673854.38816213,14144128.951735295
2459414.8333333335,30207262.333790768,32778069.97199397,14216918.378263671
2459414.875,30041616.925972812,32881754.089093264,14289477.680181772
2459414.9166666665,29875454.79889755,32984904.42275127,14361805.39647292
2459414.9583333335,29708778.126702555,33087518.6651098,14433900.068934584
2459415.0,29541589.101955235,33189594.51730144,14505760.242256792
2459415.0416666665,29373889.935617656,33291129.68958978,14577384.46410067
2459415.0833333335,29205682.85700962,33392121.90150959,14648771.285177164
2459415.125,29036970.11377015,33492568.882006966,14719919.259325882
2459415.1666666665,28867753.971817255,33592468.36957939,14790826.943594098
2459415.2083333335,28698036.715306047,33691818.112415686,14861492.898315843
2459415.25,28527820.646585196,33790615.86853587,14931915.687191151
2459415.2916666665,28357108.086151604,33888859.40593091,15002093.877365377
2459415.3333333335,28185901.37260354,33986546.50270226,15072026.03950864
2459415.375,28014202.862591945,34083674.947201334,15141710.747895336
2459415.4166666665,27842014.930770144,34180242.53816868,15211146.58048372
2459415.4583333335,27669339.969741788,34276247.08487307,15280332.118995583
2459415.5,27496180.390007135,34371686.40725023,15349265.94899597
2459415.5416666665,27322538.619907584,34466558.33604148,15417946.659972943
2459415.5833333335,27148417.105568565,34560860.71293203,15486372.845417393
2459415.625,26973818.310840704,34654591.39068894,15554543.10290286
2459415.6666666665,26798744.71723917,34747748.23329895,15622456.034165414
2459415.7083333335,26623198.823881514,34840329.116105825,15690110.245183485
2459415.75,26447183.14742359,34932331.925947465,15757504.346257746
2459415.7916666665,26270700.22199391,35023754.5612926,15824636.952090943
2459415.8333333335,26093752.599126175,35114594.93237719,15891506.68186773
2459415.875,25916342.8476902,35204850.96134027,15958112.159334447
2459415.9166666665,25738473.553821027,35294520.58235962,16024452.012878882
2459415.9583333335,25560147.32084638,35383601.74178678,16090524.87560995
2459416.0,25381366.76921238,35472092.39828172,16156329.385437334
2459416.0416666665,25202134.536407564,35559990.52294703,16221864.185151026
2459416.0833333335,25022453.27688522,35647294.0994616,16287127.922500806
2459416.125,24842325.661983885,35734001.12421379,16352119.250275604
2459416.1666666665,24661754.379846364,35820109.60643407,16416836.82638277
2459416.2083333335,24480742.135336816,35905617.5683271,16481279.31392721
2459416.25,24299291.64995625,35990523.04520328,16545445.38129042
2459416.2916666665,24117405.661756337,36074824.085609645,16609333.702209353
2459416.3333333335,23935086.92525147,36158518.75146019,16672942.955855139
2459416.375,23752338.21132914,36241605.11816557,16736271.826911677
2459416.4166666665,23569162.307158716,36324081.27476211,16799319.00565398
2459416.4583333335,23385562.016098354,36405945.32404022,16862083.18802645
2459416.5,23201540.15760044,36487195.38267199,16924563.075720847
2459416.5416666665,23017099.567115244,36567829.58133834,16986757.376254145
2459416.5833333335,22832243.09599298,36647846.06485502,17048664.80304605
2459416.625,22646973.611384057,36727242.99229811,17110284.075496364
2459416.6666666665,22461293.99613781,36806018.53712888,17171613.91906216
2459416.7083333335,22275207.148699507,36884170.88731769,17232653.065334674
2459416.75,22088715.98300573,36961698.24546715,17293400.252115924
2459416.7916666665,21901823.428378195,37038598.82893439,17353854.223495033
2459416.8333333335,21714532.42941581,37114870.86995253,17414013.729924314
2459416.875,21526845.94588524,37190512.6157513,17473877.528295036
2459416.9166666665,21338766.952609807,37265522.32867669,17533444.382012866
2459416.9583333335,21150298.43935671,37339898.28630984,17592713.06107306
2459417.0,20961443.410722855,37413638.78158483,17651682.342135243
2459417.0416666665,20772204.88601885,37486742.12290572,17710351.008597918
2459417.0833333335,20582585.899151612,37559206.63426248,17768717.8506726
2459417.125,20392589.498505305,37631030.655346036,17826781.66545759
2459417.1666666665,20202218.746820804,37702212.541662276,17884541.25701138
2459417.2083333335,20011476.721073505,37772750.664645046,17941995.43642568
2459417.25,19820366.512349702,37842643.41176813,17999143.021898042
2459417.2916666665,19628891.225721404,37911889.18665616,18055982.838804107
2459417.3333333335,19437053.980119605,37980486.409194484,18112513.719769396
2459417.375,19244857.908206116,38048433.5156379,18168734.50474072
2459417.4166666665,19052306.156243883,38115728.95871835,18224644.04105711
2459417.4583333335,18859401.88396579,38182371.20775142,18280241.183520354
2459417.5,18666148.26444207,38248358.74874178,18335524.794465017
2459417.5416666665,18472548.48394623,38313690.08448738,18390493.743828036
2459417.5833333335,18278605.74181953,38378363.73468253,18445146.90921782
2459417.625,18084323.250334077,38442378.236019805,18499483.17598287
2459417.6666666665,17889704.23455444,38505732.14229067,18553501.43727988
2459417.7083333335,17694751.93219799,38568424.02448492,18607200.594141357
2459417.75,17499469.593493745,38630452.47088891,18660579.55554269
2459417.7916666665,17303860.48103991,38691816.08718251,18713637.23846871
2459417.8333333335,17107927.869660057,38752513.49653469,18766372.56797971
2459417.875,16911675.04625798,38812543.339698,18818784.477276895
2459417.9166666665,16715105.309671236,38871904.27510157,18870871.907767273
2459417.9583333335,16518221.970523363,38930594.97894291,18922633.80912803
2459418.0,16321028.351074833,38988614.145278275,18974069.13937023
2459418.0416666665,16123527.785072748,39045960.48611182,19025176.864901986
2459418.0833333335,15925723.617599254,39102632.73148317,19075955.96059104
2459418.125,15727619.204918781,39158629.629553854,19126405.409826685
2459418.1666666665,15529217.914323997,39213949.94669217,19176524.20458112
2459418.2083333335,15330523.123980604,39268592.46755669,19226311.345470104
2459418.25,15131538.222770989,39322555.99517842,19275765.841813084
2459418.2916666665,14932266.610136641,39375839.35104134,19324886.711692553
2459418.3333333335,14732711.695919484,39428441.37516172,19373672.982012838
2459418.375,14532876.900202088,39480360.9261658,19422123.68855818
2459418.4166666665,14332765.653146729,39531596.88136604,19470237.876050144
2459418.4583333335,14132381.394833434,39582148.13683592,19518014.598204374
2459418.5,13931727.575096916,39632013.60748321,19565452.917786624
2459418.5416666665,13730807.653362479,39681192.227121755,19612551.906668086
2459418.5833333335,13529625.098480899,39729682.94854162,19659310.645880044
2459418.625,13328183.38856233,39777484.74357785,19705728.225667767
2459418.6666666665,13126486.010809178,39824596.60317764,19751803.745543722
2459418.7083333335,12924536.461348072,39871017.537465826,19797536.314340003
2459418.75,12722338.245060846,39916746.575808994,19842925.050260063
2459418.7916666665,12519894.875414653,39961782.76687786,19887969.08092966
2459418.8333333335,12317209.87429112,40006125.178708136,19932667.543447074
2459418.875,12114286.771814706,40049772.898759715,19977019.58443255
2459418.9166666665,11911129.106180144,40092725.0339744,20021024.36007696
2459418.9583333335,11707740.423479104,40134980.71083181,20064681.03618969
2459419.0,11504124.277525999,40176539.07540385,20107988.788245745
2459419.0416666665,11300284.229683042,40217399.293407336,20150946.801432054
2459419.0833333335,11096223.848684551,40257560.55025521,20193554.27069298
2459419.125,10891946.71046046,40297022.05110592,20235810.40077503
2459419.1666666665,10687456.397959191,40335783.02091118,20277714.406270705
2459419.2083333335,10482756.50096976,40373842.70446211,20319265.51166162
2459419.25,10277850.615943275,40411200.36643367,20360462.951360688
2459419.2916666665,10072742.34581375,40447855.29142736,20401305.969753563
2459419.3333333335,9867435.299818303,40483806.78401231,20441793.8212392
2459419.375,9661933.093316788,40519054.16876464,20481925.770269547
2459419.4166666665,9456239.3476108,40553596.79030511,20521701.091388475
2459419.4583333335,9250357.689762177,40587434.01333504,20561119.069269743
2459419.5,9044291.752410954,40620565.22267058,20600178.99875418
2459419.5416666665,8838045.173592817,40652989.82327521,20638880.18488597
2459419.5833333335,8631621.596556094,40684707.24029052,20677221.942948066
2459419.625,8425024.669578267,40715716.919065304,20715203.59849674
2459419.6666666665,8218258.045782092,40746018.32518283,20752824.48739524
2459419.7083333335,8011325.382951284,40775610.94448655,20790083.955846578
2459419.75,7804230.343345837,40804494.28310384,20826981.3604254
2459419.7916666665,7596976.593516999,40832667.86746819,20863516.068109006
2459419.8333333335,7389567.804121896,40860131.24433957,20899687.456307426
2459419.875,7182007.649737885,40886883.98082303,20935494.91289263
2459419.9166666665,6974299.808676587,40912925.66438564,20970937.836226806
2459419.9583333335,6766447.962797711,40938255.90287155,21006015.635189768
2459420.0,6558455.797322599,40962874.32451545,21040727.729205415
2459420.0416666665,6350327.000647626,40986780.577954136,21075073.54826727
2459420.0833333335,6142065.264157368,41009974.332236454,21109052.53296317
2459420.125,5933674.282037653,41032455.27683135,21142664.13449894
2459420.1666666665,5725157.751088461,41054223.12163433,21175907.814721208
2459420.2083333335,5516519.37053674,41075277.59697201,21208783.046139285
2459420.25,5307762.8418491185,41095618.45360507,21241289.31194611
2459420.2916666665,5098891.868544602,41115245.46272929,21273426.106038265
2459420.3333333335,4889910.156007206,41134158.41597501,21305192.933035057
2459420.375,4680821.411298596,41152357.1254047,21336589.30829668
2459420.4166666665,4471629.342970774,41169841.42350888,21367614.757941436
2459420.4583333335,4262337.660878779,41186611.16320026,21398268.818862002
2459420.5,4052950.0759934746,41202666.217806146,21428551.03874081
2459420.5416666665,3843470.3002144387,41218006.4810591,21458460.97606444
2459420.5833333335,3633902.046182979,41232631.867085874,21487998.20013708
2459420.625,3424249.027095256,41246542.31039468,21517162.291093092
2459420.6666666665,3214514.9565156377,41259737.7658606,21545952.83990859
2459420.7083333335,3004703.5481902165,41272218.20870939,21574369.448412098
2459420.75,2794818.5158605454,41283983.634499535,21602411.72929427
2459420.7916666665,2584863.573077606,41295034.05910259,21630079.306116678
2459420.8333333335,2374842.4330161223,41305369.51868179,21657371.813319635
2459420.875,2164758.8082890525,41314990.06966902,21684288.896229118
2459420.9166666665,1954616.410762496,41323895.78874009,21710830.211062714
2459420.9583333335,1744418.9513708872,41332086.77278822,21736995.42493467
2459421.0,1534170.139932584,41339563.138895944,21762784.215859972
2459421.0416666665,1323873.6849658461,41346325.02430538,21788196.27275752
2459421.0833333335,1113533.2935051871,41352372.58638672,21813231.29545233
2459421.125,903152.670918223,41357706.00260509,21837888.99467687
2459421.1666666665,692735.5207229457,41362325.470485836,21862169.092071384
2459421.2083333335,482285.54440548964,41366231.20757811,21886071.320183367
2459421.25,271806.441238401,41369423.45141679,21909595.42246607
2459421.2916666665,61301.908099432476,41371902.45948286,21932741.153276075
2459421.3333333335,-149224.36070907163,41373668.50916213,21955508.277870003
2459421.375,-359768.673640286,41374721.897702284,21977896.572400235
2459421.4166666665,-570327.3420823268,41375062.94216848,21999905.823909767
2459421.4583333335,-780896.680537147,41374691.979397245,22021535.830326136
2459421.5,-991473.0067987177,41373609.36594882,22042786.400454447
2459421.5416666665,-1202052.6421305551,41371815.47805794,22063657.353969462
2459421.5833333335,-1412631.9114426249,41369310.71158314,22084148.521406844
2459421.625,-1623207.1434674482,41366095.481954284,22104259.744153447
2459421.6666666665,-1833774.6709355335,41362170.224118926,22123990.87443674
2459421.7083333335,-2044330.8307500582,41357535.39248677,22143341.775313333
2459421.75,-2254871.964160751,41352191.46087288,22162312.320656627
2459421.7916666665,-2465394.4169370015,41346138.922439285,22180902.39514357
2459421.8333333335,-2675894.53954017,41339378.2896351,22199111.89424051
2459421.875,-2886368.687295033,41331910.09413521,22216940.724188264
2459421.9166666665,-3096813.220560392,41323734.88677748,22234388.801986195
2459421.9583333335,-3307224.5048988345,41314853.23749849,22251456.05537551
2459422.0,-3517598.911245554,41305265.73526786,22268142.422821682
2459422.0416666665,-3727932.816076298,41294972.988021165,22284447.853496008
2459422.0833333335,-3938222.6015743776,41283975.62259142,22300372.307256315
2459422.125,-4148464.6557967165,41272274.28463914,22315915.75462684
2459422.1666666665,-4358655.372838948,41259869.63858113,22331078.176777266
2459422.2083333335,-4568791.152999517,41246762.36751778,22345859.5655009
2459422.25,-4778868.402942779,41232953.173159085,22360259.92319208
2459422.2916666665,-4988883.535861086,41218442.77574928,22374279.262822706
2459422.3333333335,-5198832.971635835,41203231.91399026,22387917.607917994
2459422.375,-5408713.136997435,41187321.3449635,22401174.992531404
2459422.4166666665,-5618520.465684235,41170711.8440509,22414051.461218778
2459422.4583333335,-5828251.398600347,41153404.20485417,22426547.069011662
2459422.5,-6037902.383972364,41135399.23911308,22438661.88138987
2459422.5416666665,-6247469.877504958,41116697.77662241,22450395.97425326
2459422.5833333335,-6456950.342535348,41097300.665147655,22461749.433892682
2459422.625,-6666340.250186577,41077208.770339586,22472722.356960263
2459422.6666666665,-6875636.079519707,41056422.9756475,22483314.850438822
2459422.7083333335,-7084834.317684723,41034944.18223142,22493527.031610597
2459422.75,-7293931.460070303,41012773.308873005,22503359.028025225
2459422.7916666665,-7502924.01045239,40989911.29188542,22512810.977466922
2459422.8333333335,-7711808.481141496,40966359.08502199,22521883.027921017
2459422.875,-7920581.393128777,40942117.659383796,22530575.33753971
2459422.9166666665,-8129239.276230864,40917188.00332614,22538888.074607097
2459422.9583333335,-8337778.669233446,40891571.12236394,22546821.417503554
2459423.0,-8546196.120033527,40865268.03907605,22554375.55466934
2459423.0416666665,-8754488.185780434,40838279.79300859,22561550.684567574
2459423.0833333335,-8962651.433015486,40810607.44057707,22568347.015646476
2459423.125,-9170682.437810408,40782252.05496785,22574764.766300976
2459423.1666666665,-9378577.785904337,40753214.72603816,22580804.1648336
2459423.2083333335,-9586334.07283953,40723496.56021551,22586465.449414764
2459423.25,-9793947.904095758,40693098.68039597,22591748.868042346
2459423.2916666665,-10001415.895223273,40662022.22584148,22596654.678500663
2459423.3333333335,-10208734.67197445,40630268.352076404,22601183.148318805
2459423.375,-10415900.870434038,40597838.23078298,22605334.554728303
2459423.4166666665,-10622911.137148006,40564733.04969599,22609109.184620235
2459423.4583333335,-10829762.129251014,40530954.01249659,22612507.334501695
2459423.5,-11036450.514592454,40496502.33870516,22615529.31045164
2459423.5416666665,-11242972.971861111,40461379.26357348,22618175.428076204
2459423.5833333335,-11449326.190708319,40425586.037975945,22620446.012463346
2459423.625,-11655506.871869808,40389123.92830011,22622341.398137014
2459423.6666666665,-11861511.727285985,40351994.216336355,22623861.929010663
2459423.7083333335,-12067337.480220813,40314198.19916681,22625007.95834028
2459423.75,-12272980.865379304,40275737.18905363,22625779.848676812
2459423.7916666665,-12478438.62902341,40236612.5133264,22626177.97181809
2459423.8333333335,-12683707.529086586,40196825.514268935,22626202.708760206
2459423.875,-12888784.335286748,40156377.549005374,22625854.449648377
2459423.9166666665,-13093665.829237865,40115269.98938559,22625133.59372729
2459423.9583333335,-13298348.804560008,40073504.221869916,22624040.549290966
2459424.0,-13502830.066987863,40031081.64741336,22622575.733632088
2459424.0416666665,-13707106.434477856,39988003.68134903,22620739.5729909
2459424.0833333335,-13911174.737313697,39944271.75327112,22618532.502503604
2459424.125,-14115031.818210382,39899887.30691721,22615954.966150273
2459424.1666666665,-14318674.532416856,39854851.8000501,22613007.41670235
2459424.2083333335,-14522099.7478169,39809166.704339,22609690.31566967
2459424.25,-14725304.34502876,39762833.505240284,22606004.13324707
2459424.2916666665,-14928285.217503093,39715853.7018777,22601949.34826054
2459424.3333333335,-15131039.271619434,39668228.80692209,22597526.448112983
2459424.375,-15333563.42678115,39619960.34647067,22592735.928729557
2459424.4166666665,-15535854.615508853,39571049.85992581,22587578.294502627
2459424.4583333335,-15737909.783532301,39521498.89987343,22582054.058236297
2459424.5,-15939725.889880715,39471309.03196099,22576163.74109061
2459424.5416666665,-16141299.906971525,39420481.834774904,22569907.872525286
2459424.5833333335,-16342628.820697654,39369018.89971779,22563286.99024313
2459424.625,-16543709.63051347,39316921.830885366,22556301.64013325
2459424.6666666665,-16744539.349518815,39264192.244942866,22548952.376213737
2459424.7083333335,-16945115.004541732,39210831.77100129,22541239.76057406
2459424.75,-17145433.636219606,39156842.050493084,22533164.363317188
2459424.7916666665,-17345492.299078714,39102224.73704785,22524726.76250133
2459424.8333333335,-17545288.06161234,39046981.496367514,22515927.544081405
2459424.875,-17744818.00635729,38991114.00610139,22506767.301850226
2459424.9166666665,-17944079.229968864,38934623.95572096,22497246.63737935
2459424.9583333335,-18143068.84329436,38877513.0463944,22487366.15995971
2459425.0,-18341783.97144495,38819782.99086097,22477126.48654195
2459425.0416666665,-18540221.753866132,38761435.51330513,22466528.241676454
2459425.0833333335,-18738379.344406582,38702472.34923058,22455572.057453237
2459425.125,-18936253.911385495,38642895.245334044,22444258.573441476
2459425.1666666665,-19133842.637658432,38582705.95937901,22432588.436628886
2459425.2083333335,-19331142.720681615,38521906.260069266,22420562.301360838
2459425.25,-19528151.372574724,38460497.926922366,22408180.82927928
2459425.2916666665,-19724865.820182167,38398482.75014303,22395444.689261444
2459425.3333333335,-19921283.305132866,38335862.530496426,22382354.55735835
2459425.375,-20117401.083898496,38272639.0791814,22368911.116733138
2459425.4166666665,-20313216.42785027,38208814.21770371,22355115.05759922
2459425.4583333335,-20508726.6233142,38144389.77774918,22340967.077158254
2459425.5,-20703928.971624866,38079367.60105682,22326467.879537944
2459425.5416666665,-20898820.78917768,38013749.53929207,22311618.175729737
2459425.5833333335,-21093399.40747972,37947537.45391991,22296418.683526307
2459425.625,-21287662.173199043,37880733.21607814,22280870.12745897
2459425.6666666665,-21481606.44821252,37813338.70645057,22264973.23873493
2459425.7083333335,-21675229.60965223,37745355.81514044,22248728.755174424
2459425.75,-21868529.049950376,37676786.44154378,22232137.42114776
2459425.7916666665,-22061502.17688279,37607632.494222894,22215199.98751222
2459425.8333333335,-22254146.413610857,37537895.890780024,22197917.21154894
2459425.875,-22446459.19872221,37467578.55773104,22180289.856899638
2459425.9166666665,-22638437.986269757,37396682.43037933,22162318.693503298
2459425.9583333335,-22830080.245809454,37325209.45268981,22144004.497532777
2459426.0,-23021383.462436583,37253161.577163115,22125348.051331367
2459426.0416666665,-23212345.136820592,37180540.76470995,22106350.14334927
2459426.0833333335,-23402962.785238594,37107348.984525636,22087011.568080075
2459426.125,-23593233.93960738,37033588.21396488,22067333.12599716
2459426.1666666665,-23783156.147514142,36959260.43841674,22047315.623490088
2459426.2083333335,-23972726.972245693,36884367.651179835,22026959.87280098
2459426.25,-24161943.992816426,36808911.853337765,22006266.691960853
2459426.2916666665,-24350804.803994797,36732895.05363483,21985236.904725987
2459426.3333333335,-24539307.016328536,36656319.268352,21963871.34051428
2459426.375,-24727448.256168433,36579186.521183185,21942170.834341582
2459426.4166666665,-24915226.16569084,36501498.843111716,21920136.226758115
2459426.4583333335,-25102638.40291878,36423258.27228726,21897768.363784835
2459426.5,-25289682.64174178,36344466.85390293,21875068.096849896
2459426.5416666665,-25476356.571934346,36265126.64007281,21852036.28272511
2459426.5833333335,-25662657.89917316,36185239.689709775,21828673.78346247
2459426.625,-25848584.34505295,36104808.06840367,21804981.466330703
2459426.6666666665,-26034133.647101093,36023833.84829985,21780960.203751944
2459426.7083333335,-26219303.558790915,35942319.10797812,21756610.87323838
2459426.75,-26404091.84955373,35860265.93233198,21731934.35732906
2459426.7916666665,-26588496.304789633,35777676.41244839,21706931.543526724
2459426.8333333335,-26772514.725877002,35694552.645487815,21681603.324234758
2459426.875,-26956144.9301808,35610896.73456475,21655950.596694194
2459426.9166666665,-27139384.751059607,35526710.78862869,21629974.262920868
2459426.9583333335,-27322232.03787146,35441996.92234545,21603675.229642637
2459427.0,-27504684.65597848,35356757.255979024,21577054.40823673
2459427.0416666665,-27686740.486750238,35270993.91527385,21550112.71466722
2459427.0833333335,-27868397.427566037,35184709.03133754,21522851.0694226
2459427.125,-28049653.391815916,35097904.74052406,21495270.39745348
2459427.1666666665,-28230506.308900543,35010583.184317484,21467371.628110524
2459427.2083333335,-28410954.124229886,34922746.50921613,21439155.69508234
2459427.25,-28590994.79922083,34834396.86661723,21410623.536333688
2459427.2916666665,-28770626.311293576,34745536.41270217,21381776.09404376
2459427.3333333335,-28949846.653866906,34656167.30832213,21352614.31454465
2459427.375,-29128653.836352415,34566291.718884364,21323139.148259953
2459427.4166666665,-29307045.884147555,34475911.81423893,21293351.54964356
2459427.4583333335,-29485020.838627614,34385029.768566005,21263252.477118637
