2459396.5,-102985025.96294348,29414820.636294633,19690316.714433894
2459396.5416666665,-103025625.22341555,29304261.245921984,19643138.65386495
2459396.5833333335,-103066083.72435704,29193662.262450382,19595933.872227322
2459396.625,-103106401.41157751,29083023.839116827,19548702.435041957
2459396.6666666665,-103146578.2310859,28972346.12921015,19501444.407865725
2459396.7083333335,-103186614.12909044,28861629.28607078,19454159.856291343
2459396.75,-103226509.05199894,28750873.4630905,19406848.84594724
2459396.7916666665,-103266262.94641863,28640078.813712273,19359511.4424975
2459396.8333333335,-103305875.75915633,28529245.491429966,19312147.711641744
2459396.875,-103345347.43721856,28418373.649788134,19264757.71911504
2459396.9166666665,-103384677.92781153,28307463.44238181,19217341.530687794
2459396.9583333335,-103423867.17834127,28196515.02285628,19169899.21216567
2459397.0,-103462915.13641362,28085528.544906832,19122430.829389468
2459397.0416666665,-103501821.74983439,27974504.16227855,19074936.44823505
2459397.0833333335,-103540586.96660936,27863442.0287661,19027416.134613246
2459397.125,-103579210.73494434,27752342.29821346,18979869.95446973
2459397.1666666665,-103617693.00324534,27641205.12451374,18932297.97378493
2459397.2083333335,-103656033.72011843,27530030.66160894,18884700.258573964
2459397.25,-103694232.83437008,27418819.063489705,18837076.874886487
2459397.2916666665,-103732290.29500695,27307570.484195128,18789427.88880664
2459397.3333333335,-103770206.05123615,27196285.0778125,18741753.366452925
2459397.375,-103807980.05246523,27084962.998477098,18694053.37397812
2459397.4166666665,-103845612.24830224,26973604.40037196,18646327.977569174
2459397.4583333335,-103883102.58855578,26862209.437727652,18598577.24344712
2459397.5,-103920451.02323511,26750778.26482203,18550801.23786696
2459397.5416666665,-103957657.50255021,26639311.03598003,18503000.02711758
2459397.5833333335,-103994721.97691177,26527807.90557344,18455173.67752165
2459397.625,-104031644.39693134,26416269.02802067,18407322.25543552
2459397.6666666665,-104068424.71342133,26304694.557786524,18359445.82724913
2459397.7083333335,-104105062.87739514,26193084.64938197,18311544.4593859
2459397.75,-104141558.84006712,26081439.457363922,18263618.218302656
2459397.7916666665,-104177912.55285273,25969759.136335,18215667.1704895
2459397.8333333335,-104214123.96736856,25858043.840943336,18167691.382469732
2459397.875,-104250193.03543235,25746293.725882277,18119690.920799743
2459397.9166666665,-104286119.70906314,25634508.945890233,18071665.852068927
2459397.9583333335,-104321903.94048126,25522689.65575043,18023616.24289957
2459398.0,-104357545.68210839,25410836.010290645,17975542.159946762
2459398.0416666665,-104393044.88656767,25298948.164383024,17927443.66989829
2459398.0833333335,-104428401.50668369,25187026.272943825,17879320.839474544
2459398.125,-104463615.49548264,25075070.490933202,17831173.735428415
2459398.1666666665,-104498686.80619225,24963080.973355,17783002.424545202
2459398.2083333335,-104533615.39224194,24851057.87525648,17734806.973642513
2459398.25,-104568401.20726287,24739001.351728123,17686587.44957016
2459398.2916666665,-104603044.20508794,24626911.5579034,17638343.91921006
2459398.3333333335,-104637544.3397519,24514788.64895855,17590076.449476145
2459398.375,-104671901.5654914,24402632.780112322,17541785.10731426
2459398.4166666665,-104706115.836745,24290444.106625788,17493469.959702052
2459398.4583333335,-104740187.10815328,24178222.783802077,17445131.073648896
2459398.5,-104774115.33455889,24065968.96698619,17396768.516195763
2459398.5416666665,-104807900.47100659,23953682.811564725,17348382.35441516
2459398.5833333335,-104841542.47274327,23841364.472965684,17299972.65541099
2459398.625,-104875041.2952181,23729014.106658228,17251539.486318484
2459398.6666666665,-104908396.89408246,23616631.868152462,17203082.914304096
2459398.7083333335,-104941609.22519013,23504217.9129992,17154603.00656539
2459398.75,-104974678.24459718,23391772.396789726,17106099.83033094
2459398.7916666665,-105007603.90856221,23279295.47515558,17057573.45286027
2459398.8333333335,-105040386.1735463,23166787.30376833,17009023.941443693
2459398.875,-105073024.99621299,23054248.038339343,16960451.363402266
2459398.9166666665,-105105520.33342849,22941677.83461954,16911855.786087655
2459398.9583333335,-105137872.14226162,22829076.8483992,16863237.276882052
2459399.0,-105170080.37998393,22716445.23550771,16814595.903198082
2459399.0416666665,-105202145.0040697,22603783.15181332,16765931.732478684
2459399.0833333335,-105234065.972196,22491090.753222965,16717244.83219702
2459399.125,-105265843.24224275,22378368.19568198,16668535.269856388
2459399.1666666665,-105297476.77229284,22265615.63517392,16619803.112990098
2459399.2083333335,-105328966.520632,22152833.22772029,16571048.429161396
2459399.25,-105360312.44574903,22040021.129380364,16522271.285963353
2459399.2916666665,-105391514.5063358,21927179.496250883,16473471.751018759
2459399.3333333335,-105422572.66128722,21814308.48446593,16424649.891980039
2459399.375,-105453486.86970137,21701408.250196595,16375805.77652914
2459399.4166666665,-105484257.09087957,21588478.949650824,16326939.472377444
2459399.4583333335,-105514883.28432633,21475520.739073142,16278051.047265649
2459399.5,-105545365.4097495,21362533.774744473,16229140.56896369
2459399.5416666665,-105575703.4270602,21249518.212981842,16180208.105270624
2459399.5833333335,-105605897.29637302,21136474.210138213,16131253.724014537
2459399.625,-105635946.97800596,21023401.922602236,16082277.493052445
2459399.6666666665,-105665852.43248047,20910301.506797995,16033279.480270194
2459399.7083333335,-105695613.62052158,20797173.11918482,15984259.753582349
2459399.75,-105725230.50305782,20684016.91625704,15935218.38093211
2459399.7916666665,-105754703.04122144,20570833.054543726,15886155.4302912
2459399.8333333335,-105784031.19634825,20457621.69060852,15837070.969659777
2459399.875,-105813214.92997786,20344382.981049348,15787965.067066317
2459399.9166666665,-105842254.20385359,20231117.082498237,15738837.79056753
2459399.9583333335,-105871148.97992256,20117824.15162106,15689689.20824825
2459400.0,-105899899.22033574,20004504.345117304,15640519.388221335
2459400.0416666665,-105928504.88744798,19891157.819719866,15591328.398627574
2459400.0833333335,-105956965.94381808,19777784.7321948,15542116.30763558
2459400.125,-105985282.3522088,19664385.2393411,15492883.183441693
2459400.1666666665,-106013454.07558692,19550959.49799045,15443629.094269875
2459400.2083333335,-106041481.07712325,19437507.665007047,15394354.108371614
2459400.25,-106069363.32019275,19324029.897287305,15345058.294025823
2459400.2916666665,-106097100.7683745,19210526.351759665,15295741.719538743
2459400.3333333335,-106124693.3854518,19096997.185384367,15246404.45324383
2459400.375,-106152141.13541205,18983442.555153202,15197046.563501671
2459400.4166666665,-106179443.98244709,18869862.618089307,15147668.118699864
2459400.4583333335,-106206601.89095294,18756257.531246904,15098269.187252942
2459400.5,-106233614.82553002,18642627.451711096,15048849.837602252
2459400.5416666665,-106260482.75098315,18528972.53659763,14999410.13821586
2459400.5833333335,-106287205.63232152,18415292.943052664,14949950.157588456
2459400.625,-106313783.43475886,18301588.828252554,14900469.964241244
2459400.6666666665,-106340216.12371331,18187860.34940359,14850969.626721846
2459400.7083333335,-106366503.66480768,18074107.6637418,14801449.213604208
2459400.75,-106392646.02386923,17960330.928532712,14751908.793488484
2459400.7916666665,-106418643.16692992,17846530.30107112,14702348.435000954
2459400.8333333335,-106444495.06022634,17732705.93868084,14652768.206793899
2459400.875,-106470201.6701998,17618857.998714518,14603168.177545523
2459400.9166666665,-106495762.96349631,17504986.638553374,14553548.415959843
2459400.9583333335,-106521178.90696667,17391092.01560696,14503908.990766583
2459401.0,-106546449.46766649,17277174.287312966,14454249.970721085
2459401.0416666665,-106571574.61285618,17163233.61113696,14404571.42460419
2459401.0833333335,-106596554.31000106,17049270.144572183,14354873.421222158
2459401.125,-106621388.52677137,16935284.0451393,14305156.029406555
2459401.1666666665,-106646077.23104228,16821275.470386166,14255419.318014145
2459401.2083333335,-106670620.39089394,16707244.57788763,14205663.355926812
2459401.25,-106695017.97461154,16593191.525245255,14155888.212051427
2459401.2916666665,-106719269.95068526,16479116.470087145,14106093.955319783
2459401.3333333335,-106743376.28781046,16365019.570067657,14056280.654688455
2459401.375,-106767336.95488754,16250900.98286723,14006448.379138738
2459401.4166666665,-106791151.92102207,16136760.866192097,13956597.197676513
2459401.4583333335,-106814821.15552482,16022599.377774104,13906727.179332163
2459401.5,-106838344.62791176,15908416.675370462,13856838.39316047
2459401.5416666665,-106861722.30790412,15794212.916763494,13806930.908240506
2459401.5833333335,-106884954.16542841,15679988.25976045,13757004.793675542
2459401.625,-106908040.17061646,15565742.86219323,13707060.11859294
2459401.6666666665,-106930980.29380539,15451476.88191821,13657096.952144057
2459401.7083333335,-106953774.50553778,15337190.47681595,13607115.363504127
2459401.75,-106976422.77656156,15222883.804791007,13557115.42187219
2459401.7916666665,-106998925.07783008,15108557.023771694,13507097.19647096
2459401.8333333335,-107021281.38050221,14994210.291709846,13457060.756546738
2459401.875,-107043491.6559423,14879843.766580591,13407006.171369314
2459401.9166666665,-107065555.87572016,14765457.606382126,13356933.510231853
2459401.9583333335,-107087474.01161125,14651051.969135478,13306842.842450809
2459402.0,-107109246.03559656,14536627.012884285,13256734.237365806
2459402.0416666665,-107130871.91986269,14422182.895694546,13206607.76433955
2459402.0833333335,-107152351.63680188,14307719.77565443,13156463.492757723
2459402.125,-107173685.15901205,14193237.810874006,13106301.492028879
2459402.1666666665,-107194872.45929682,14078737.159485022,13056121.831584346
2459402.2083333335,-107215913.51066549,13964217.979640689,13005924.580878118
2459402.25,-107236808.28633316,13849680.429515447,12955709.80938676
2459402.2916666665,-107257556.75972065,13735124.66730473,12905477.58660931
2459402.3333333335,-107278158.90445468,13620550.851224732,12855227.98206716
2459402.375,-107298614.69436763,13505959.139512187,12804961.065303974
2459402.4166666665,-107318924.1034979,13391349.690424135,12754676.905885568
2459402.4583333335,-107339087.10608965,13276722.662237685,12704375.573399827
2459402.5,-107359103.67659304,13162078.213249808,12654057.137456592
2459402.5416666665,-107378973.78966403,13047416.501777068,12603721.667687552
2459402.5833333335,-107398697.42016464,12932737.686155438,12553369.23374616
2459402.625,-107418274.54316285,12818041.924740026,12502999.905307513
2459402.6666666665,-107437705.1339326,12703329.37590488,12452613.752068257
2459402.7083333335,-107456989.16795386,12588600.198042737,12402210.843746495
2459402.75,-107476126.62091267,12473854.549564803,12351791.250081662
2459402.7916666665,-107495117.4687011,12359092.588900516,12301355.04083445
2459402.8333333335,-107513961.68741733,12244314.474497333,12250902.285786685
2459402.875,-107532659.25336567,12129520.364820462,12200433.054741232
2459402.9166666665,-107551210.14305653,12014710.418352682,12149947.417521898
2459402.9583333335,-107569614.33320647,11899884.79359407,12099445.44397332
2459403.0,-107587871.80073829,11785043.649061792,12048927.203960868
2459403.0416666665,-107605982.52278091,11670187.143289886,11998392.76737055
2459403.0833333335,-107623946.47666949,11555315.434828997,11947842.204108898
2459403.125,-107641763.63994545,11440428.68224617,11897275.584102865
2459403.1666666665,-107659433.99035645,11325527.04412463,11846692.977299739
2459403.2083333335,-107676957.50585642,11210610.679063508,11796094.453667022
2459403.25,-107694334.16460559,11095679.745677669,11745480.083192334
2459403.2916666665,-107711563.94497053,10980734.40259745,11694849.935883325
2459403.3333333335,-107728646.82552408,10865774.808468416,11644204.081767542
2459403.375,-107745582.78504549,10750801.12195117,11593542.590892361
2459403.4166666665,-107762371.80252033,10635813.501721088,11542865.533324862
2459403.4583333335,-107779013.85714066,10520812.106468111,11492172.979151733
2459403.5,-107795508.9283048,10405797.094896488,11441464.99847916
2459403.5416666665,-107811856.99561757,10290768.625724591,11390741.661432749
2459403.5833333335,-107828058.03889021,10175726.857684627,11340003.038157389
2459403.625,-107844112.03814045,10060671.94952248,11289249.198817186
2459403.6666666665,-107860018.97359243,9945604.059997393,11238480.213595323
2459403.7083333335,-107875778.82567681,9830523.34788183,11187696.152693994
2459403.75,-107891391.57503074,9715429.971961165,11136897.08633427
2459403.7916666665,-107906857.20249788,9600324.091033515,11086083.084756019
2459403.8333333335,-107922175.68912846,9485205.863909472,11035254.21821779
2459403.875,-107937347.01617917,9370075.449411886,10984410.556996722
2459403.9166666665,-107952371.16511336,9254933.00637563,10933552.171388425
2459403.9583333335,-107967248.11760089,9139778.693647383,10882679.131706899
2459404.0,-107981977.85551819,9024612.67008539,10831791.508284414
2459404.0416666665,-107996560.36094834,8909435.094559228,10780889.37147141
2459404.0833333335,-108010995.61618102,8794246.125949582,10729972.791636404
2459404.125,-108025283.60371248,8679045.92314802,10679041.839165876
2459404.1666666665,-108039424.3062457,8563834.645056754,10628096.584464176
2459404.2083333335,-108053417.7066902,8448612.450588416,10577137.097953413
2459404.25,-108067263.78816228,8333379.4986658245,10526163.450073356
2459404.2916666665,-108080962.53398478,8218135.948221767,10475175.71128134
2459404.3333333335,-108094513.92768733,8102881.958198737,10424173.952052139
2459404.375,-108107917.9530062,7987617.687548755,10373158.242877893
2459404.4166666665,-108121174.59388436,7872343.295233084,10322128.654267985
2459404.4583333335,-108134283.83447152,7757058.9402220445,10271085.256748943
2459404.5,-108147245.65912408,7641764.781494771,10220028.120864347
2459404.5416666665,-108160060.05240518,7526460.978038961,10168957.317174707
2459404.5833333335,-108172726.99908473,7411147.6888506785,10117872.916257381
2459404.625,-108185246.48413935,7295825.072934087,10066774.98870645
2459404.6666666665,-108197618.49275245,7180493.289301271,10015663.605132647
2459404.7083333335,-108209843.01031415,7065152.496971954,9964538.836163219
2459404.75,-108221920.02242142,6949802.854973302,9913400.752441844
2459404.7916666665,-108233849.51487795,6834444.522339685,9862249.424628528
2459404.8333333335,-108245631.47369425,6719077.658112431,9811084.92339949
2459404.875,-108257265.8850876,6603702.4213396255,9759907.319447078
2459404.9166666665,-108268752.73548208,6488318.971075876,9708716.683479652
2459404.9583333335,-108280092.01150861,6372927.466382051,9657513.086221479
2459405.0,-108291283.7000049,6257528.066325098,9606296.598412644
2459405.0416666665,-108302327.7880155,6142120.929977754,9555067.290808931
2459405.0833333335,-108313224.26279171,6026706.2164184,9503825.234181736
2459405.125,-108323973.11179174,5911284.084730752,9452570.499317955
2459405.1666666665,-108334574.32268062,5795854.694003675,9401303.157019876
2459405.2083333335,-108345027.88333018,5680418.203330921,9350023.278105082
2459405.25,-108355333.7818191,5564974.771810956,9298730.93340636
2459405.2916666665,-108365492.00643292,5449524.558546664,9247426.193771577
2459405.3333333335,-108375502.54566407,5334067.722645167,9196109.130063586
2459405.375,-108385365.38821171,5218604.423217563,9144779.813160125
2459405.4166666665,-108395080.52298199,5103134.81937873,9093438.313953713
2459405.4583333335,-108404647.9390878,4987659.07024706,9042084.70335155
2459405.5,-108414067.62584896,4872177.334944254,8990719.0522754
2459405.5416666665,-108423339.57279214,4756689.772595089,8939341.431661509
2459405.5833333335,-108432463.76965083,4641196.542327186,8887951.912460485
2459405.625,-108441440.20636547,4525697.803270776,8836550.565637205
2459405.6666666665,-108450268.87308325,4410193.71455849,8785137.46217071
2459405.7083333335,-108458949.7601583,4294684.435325082,8733712.673054088
2459405.75,-108467482.85815156,4179170.1247072797,8682276.269294396
2459405.7916666665,-108475868.1578309,4063650.94184348,8630828.321912546
2459405.8333333335,-108484105.650171,3948127.045873558,8579368.901943183
2459405.875,-108492195.32635342,3832598.595938619,8527898.080434613
2459405.9166666665,-108500137.17776658,3717065.751180796,8476415.928448685
2459405.9583333335,-108507931.19600575,3601528.6707429993,8424922.517060684
2459406.0,-108515577.37287308,3485987.5137686897,8373417.917359235
2459406.0416666665,-108523075.70037751,3370442.4394016564,8321902.200446194
2459406.0833333335,-108530426.17073494,3254893.6067857873,8270375.437436557
2459406.125,-108537628.77636804,3139341.175064819,8218837.6994583355
2459406.1666666665,-108544683.50990635,3023785.30338216,8167289.057652482
2459406.2083333335,-108551590.36418624,2908226.1508805994,8115729.583172751
2459406.25,-108558349.33225094,2792663.876702115,8064159.347185629
2459406.2916666665,-108564960.40735056,2677098.639987655,8012578.420870221
2459406.3333333335,-108571423.5829419,2561530.5998768583,7960986.875418134
2459406.375,-108577738.85268874,2445959.915507892,7909384.782033389
2459406.4166666665,-108583906.21046162,2330386.7460171673,7857772.211932317
2459406.4583333335,-108589925.65033787,2214811.2505391464,7806149.236343447
2459406.5,-108595797.16660167,2099233.58820609,7754515.926507405
2459406.5416666665,-108601520.75374402,1983653.9181478377,7702872.353676817
2459406.5833333335,-108607096.40646268,1868072.3994916026,7651218.589116208
2459406.625,-108612524.11966218,1752489.1913617104,7599554.704101889
2459406.6666666665,-108617803.88845395,1636904.4528793655,7547880.769921851
2459406.7083333335,-108622935.70815606,1521318.343162462,7496196.857875678
2459406.75,-108627919.57429346,1405731.0213253237,7444503.039274429
2459406.7916666665,-108632755.4825978,1290142.6464784741,7392799.385440539
2459406.8333333335,-108637443.42900752,1174553.3777284585,7341085.967707731
2459406.875,-108641983.40966779,1058963.3741775341,7289362.857420882
2459406.9166666665,-108646375.42093052,943372.7949234843,7237630.12593594
2459406.9583333335,-108650619.45935436,827781.7990594245,7185887.844619826
2459407.0,-108654715.52170467,712190.5456735156,7134136.084850317
2459407.0416666665,-108658663.60495353,596599.1938487701,7082374.918015948
2459407.0833333335,-108662463.70627972,481007.9026627913,7030604.4155159015
2459407.125,-108666115.82306874,365416.8311875984,6978824.648759929
2459407.1666666665,-108669619.95291269,249826.13848935068,6927035.689168212
2459407.2083333335,-108672976.09361042,134235.98362814263,6875237.608171288
2459407.25,-108676184.2431674,18646.525657776743,6823430.477209936
2459407.2916666665,-108679244.39979577,-96942.07637449354,6771614.36773507
2459407.3333333335,-108682156.5619143,-212529.66342813894,6719789.351207636
2459407.375,-108684920.72814833,-328116.0764696225,6667955.4990985235
2459407.4166666665,-108687536.89732991,-443701.15647263447,6616112.882888441
2459407.4583333335,-108690005.06849761,-559284.7444182783,6564261.574067824
2459407.5,-108692325.24089661,-674866.6812953278,6512401.644136736
2459407.5416666665,-108694497.41397868,-790446.8081004582,6460533.1646047495
2459407.5833333335,-108696521.58740212,-906024.9658384509,6408656.206990864
2459407.625,-108698397.76103178,-1021600.9955224507,6356770.842823386
2459407.6666666665,-108700125.93493906,-1137174.738174159,6304877.143639831
2459407.7083333335,-108701706.10940184,-1252746.0348240957,6252975.18098682
2459407.75,-108703138.28490454,-1368314.7265117802,6201065.026419988
2459407.7916666665,-108704422.46213806,-1483880.6542860419,6149146.751503851
2459407.8333333335,-108705558.64199974,-1599443.6592051499,6097220.427811729
2459407.875,-108706546.82559338,-1715003.5823370963,6045286.1269256435
2459407.9166666665,-108707387.01422925,-1830560.264759805,5993343.9204362
2459407.9583333335,-108708079.20942403,-1946113.5475613885,5941393.879942482
2459408.0,-108708623.41290078,-2061663.2718403228,5889436.077051976
2459408.0416666665,-108709019.62658896,-2177209.278705731,5837470.583380429
2459408.0833333335,-108709267.8526244,-2292751.4092775546,5785497.470551776
2459408.125,-108709368.09334931,-2408289.5046868287,5733516.810198025
2459408.1666666665,-108709320.3513122,-2523823.406075895,5681528.673959147
2459408.2083333335,-108709124.62926792,-2639352.9545985907,5629533.133482991
2459408.25,-108708780.93017758,-2754877.991420541,5577530.260425165
2459408.2916666665,-108708289.25720862,-2870398.357719332,5525520.126448935
2459408.3333333335,-108707649.6137347,-2985913.8946847804,5473502.803225124
2459408.375,-108706862.00333574,-3101424.4435190894,5421478.362432025
2459408.4166666665,-108705926.4297979,-3216929.8454371765,5369446.87575526
2459408.4583333335,-108704842.89711349,-3332429.9416668266,5317408.414887708
2459408.5,-108703611.40948103,-3447924.573448915,5265363.051529403
2459408.5416666665,-108702231.97130519,-3563413.5820377097,5213310.8573874
2459408.5833333335,-108700704.58719675,-3678896.8087009825,5161251.904175711
2459408.625,-108699029.26197273,-3794374.0947203487,5109186.263615177
2459408.6666666665,-108697206.00065605,-3909845.2813914195,5057114.007433363
2459408.7083333335,-108695234.80847587,-4025310.210024055,5005035.207364476
2459408.75,-108693115.6908673,-4140768.721942588,4952949.935149237
2459408.7916666665,-108690848.65347154,-4256220.658486046,4900858.262534802
2459408.8333333335,-108688433.70213577,-4371665.8610083945,4848760.261274633
2459408.875,-108685870.84291314,-4487104.170878727,4796656.003128416
2459408.9166666665,-108683160.08206275,-4602535.429481525,4744545.559861946
2459408.9583333335,-108680301.42604968,-4717959.478216875,4692429.003247037
2459409.0,-108677294.88154489,-4833376.158500686,4640306.405061395
2459409.0416666665,-108674140.4554252,-4948785.311764918,4588177.837088537
2459409.0833333335,-108670838.15477338,-5064186.779457819,4536043.371117686
2459409.125,-108667387.98687795,-5179580.403044134,4483903.078943652
2459409.1666666665,-108663789.95923322,-5294966.024005346,4431757.032366742
2459409.2083333335,-108660044.07953939,-5410343.483839884,4379605.303192661
2459409.25,-108656150.35570233,-5525712.624063365,4327447.963232388
2459409.2916666665,-108652108.79583368,-5641073.286208823,4275285.084302102
2459409.3333333335,-108647919.40825078,-5756425.311826907,4223116.738223051
2459409.375,-108643582.20147665,-5871768.542486124,4170942.9968214696
2459409.4166666665,-108639097.18423994,-5987102.819773085,4118763.931928464
2459409.4583333335,-108634464.36547497,-6102427.985292692,4066579.615379912
2459409.5,-108629683.7543216,-6217743.880668384,4014390.119016367
2459409.5416666665,-108624755.36012532,-6333050.34754235,3962195.5146829383
2459409.5833333335,-108619679.1924371,-6448347.227575783,3909995.8742292086
2459409.625,-108614455.26101346,-6563634.362449072,3857791.2695091134
2459409.6666666665,-108609083.5758164,-6678911.593862034,3805581.7723808466
2459409.7083333335,-108603564.14701334,-6794178.763534162,3753367.454706759
2459409.75,-108597896.98497716,-6909435.713204823,3701148.3883532537
2459409.7916666665,-108592082.10028611,-7024682.28463348,3648924.645190671
2459409.8333333335,-108586119.50372383,-7139918.319599945,3596696.2970932107
2459409.875,-108580009.20627926,-7255143.659904584,3544463.415938804
2459409.9166666665,-108573751.21914664,-7370358.147368542,3492226.073609027
2459409.9583333335,-108567345.55372553,-7485561.623833969,3439984.3419889854
2459410.0,-108560792.22162066,-7600753.931164253,3387738.2929672273
2459410.0416666665,-108554091.23464204,-7715934.911244225,3335487.998435624
2459410.0833333335,-108547242.60480477,-7831104.405980408,3283233.530289272
2459410.125,-108540246.34432915,-7946262.257301222,3230974.9604263967
2459410.1666666665,-108533102.46564057,-8061408.307157211,3178712.3607482472
2459410.2083333335,-108525810.98136953,-8176542.397521287,3126445.8031589836
2459410.25,-108518371.90435155,-8291664.370388914,3074175.359565585
2459410.2916666665,-108510785.24762711,-8406774.067778375,3021901.1018777434
2459410.3333333335,-108503051.02444175,-8521871.331730964,2969623.1020077607
2459410.375,-108495169.24824591,-8636956.004311237,2917341.4318704433
2459410.4166666665,-108487139.93269491,-8752027.927607208,2865056.1633830043
2459410.4583333335,-108478963.09164901,-8867086.943730593,2812767.368464958
2459410.5,-108470638.73917325,-8982132.894817017,2760475.11903801
2459410.5416666665,-108462166.8895375,-9097165.623026269,2708179.487025971
2459410.5833333335,-108453547.55721638,-9212184.970542474,2655880.544354638
2459410.625,-108444780.75688922,-9327190.779574374,2603578.3629516996
2459410.6666666665,-108435866.50344013,-9442182.892355502,2551273.0147466324
2459410.7083333335,-108426804.81195775,-9557161.151144437,2498964.5716705937
2459410.75,-108417595.69773546,-9672125.398225019,2446653.1056563277
2459410.7916666665,-108408239.17627114,-9787075.47590656,2394338.688638052
2459410.8333333335,-108398735.26326725,-9902011.226524094,2342021.3925513616
2459410.875,-108389083.97463076,-10016932.492438558,2289701.2893331256
2459410.9166666665,-108379285.32647306,-10131839.116037069,2237378.4509213828
2459410.9583333335,-108369339.33511005,-10246730.939733086,2185052.949255243
2459411.0,-108359246.017062,-10361607.805966701,2132724.8562747724
2459411.0416666665,-108349005.38905346,-10476469.557204792,2080394.243920911
2459411.0833333335,-108338617.46801339,-10591316.035941297,2028061.1841353495
2459411.125,-108328082.27107497,-10706147.084697416,1975725.7488604393
2459411.1666666665,-108317399.81557561,-10820962.546021834,1923388.0100390865
2459411.2083333335,-108306570.11905697,-10935762.262490943,1871048.0396146479
2459411.25,-108295593.1992648,-11050546.076709077,1818705.9095308287
2459411.2916666665,-108284469.07414895,-11165313.831308708,1766361.6917315815
2459411.3333333335,-108273197.76186344,-11280065.368950691,1714015.4581610076
2459411.375,-108261779.2807662,-11394800.532324487,1661667.2807632433
2459411.4166666665,-108250213.64941926,-11509519.164148364,1609317.2314823652
2459411.4583333335,-108238500.8865885,-11624221.107169647,1556965.3822622867
2459411.5,-108226641.01124373,-11738906.204164911,1504611.80504666
2459411.5416666665,-108214634.04255867,-11853574.297940224,1452256.5717787587
2459411.5833333335,-108202479.99991079,-11968225.231331367,1399899.7544013932
2459411.625,-108190178.90288141,-12082858.847204033,1347541.4248567997
2459411.6666666665,-108177730.7712555,-12197474.988454083,1295181.655086535
2459411.7083333335,-108165135.62502174,-12312073.49800774,1242820.5170313811
2459411.75,-108152393.48437251,-12426654.218821833,1190458.082631234
2459411.7916666665,-108139504.36970372,-12541216.993883988,1138094.4238250144
2459411.8333333335,-108126468.30161487,-12655761.66621288,1085729.6125505483
2459411.875,-108113285.30090895,-12770288.078858439,1033363.7207444814
2459411.9166666665,-108099955.38859244,-12884796.07490207,980996.8203421645
2459411.9583333335,-108086478.58587518,-12999285.497456882,928628.9832775585
2459412.0,-108072854.91417046,-13113756.189667905,876260.2814831249
2459412.0416666665,-108059084.39509486,-13228207.994712299,823890.7868897356
2459412.0833333335,-108045167.0504682,-13342640.755799608,771520.5714265537
2459412.125,-108031102.90231362,-13457054.316171935,719149.7070209486
2459412.1666666665,-108016891.97285736,-13571448.519104203,666778.265598382
2459412.2083333335,-108002534.28452884,-13685823.20790435,614406.3190823048
2459412.25,-107988029.85996057,-13800178.225913562,562033.9393940717
2459412.2916666665,-107973378.72198807,-13914513.41650648,509661.19845281634
2459412.3333333335,-107958580.89364992,-14028828.623091457,457288.1681753583
2459412.375,-107943636.39818758,-14143123.68911072,404914.9204761116
2459412.4166666665,-107928545.25904542,-14257398.45804064,352541.5272669643
2459412.4583333335,-107913307.4998707,-14371652.773391917,300168.06045719236
2459412.5,-107897923.14451344,-14485886.478709837,247794.5919533437
2459412.5416666665,-107882392.2170264,-14600099.417574454,195421.19365914725
2459412.5833333335,-107866714.74166507,-14714291.433600836,143047.9374754075
2459412.625,-107850890.74288751,-14828462.37043927,90674.89529989567
2459412.6666666665,-107834920.24535452,-14942612.071775494,38302.13902725931
2459412.7083333335,-107818803.27392933,-15056740.381330896,-14070.259451086633
2459412.75,-107802539.85367768,-15170847.142862769,-66442.22824706417
2459412.7916666665,-107786130.00986779,-15284932.20016448,-118813.69547602348
2459412.8333333335,-107769573.76797023,-15398995.397065744,-171184.58925686125
2459412.875,-107752871.15365799,-15513036.577432802,-223554.83771210723
2459412.9166666665,-107736022.19280623,-15627055.585168654,-275924.36896803323
2459412.9583333335,-107719026.91149242,-15741052.264213279,-328293.1111547537
2459413.0,-107701885.33599618,-15855026.45854387,-380660.99240632914
2459413.0416666665,-107684597.49279931,-15968978.012175014,-433027.94086086657
2459413.0833333335,-107667163.4085856,-16082906.769158944,-485393.8846606212
2459413.125,-107649583.11024094,-16196812.573585747,-537758.751952095
2459413.1666666665,-107631856.62485316,-16310695.269583577,-590122.4708861494
2459413.2083333335,-107613983.97971196,-16424554.701318882,-642484.9696180918
2459413.25,-107595965.20230895,-16538390.712996623,-694846.17630779
2459413.2916666665,-107577800.32033752,-16652203.148860479,-747206.0191197656
2459413.3333333335,-107559489.36169282,-16765991.853193082,-799564.4262233018
2459413.375,-107541032.35447165,-16879756.670316223,-851921.3257925399
2459413.4166666665,-107522429.32697251,-16993497.44459108,-904276.6460065851
2459413.4583333335,-107503680.30769543,-17107214.02041842,-956630.3150496027
2459413.5,-107484785.325342,-17220906.24223884,-1008982.2611109274
2459413.5416666665,-107465744.40881519,-17334573.95453296,-1061332.4123851587
2459413.5833333335,-107446557.5872195,-17448217.001821663,-1113680.6970722643
2459413.625,-107427224.88986072,-17561835.228666294,-1166027.0433776812
2459413.6666666665,-107407746.34624591,-17675428.479668885,-1218371.379512417
2459413.7083333335,-107388121.9860834,-17788996.599472385,-1270713.6336931544
2459413.75,-107368351.8392827,-17902539.43276085,-1323053.7341423486
2459413.7916666665,-107348435.9359544,-18016056.824259676,-1375391.6090883305
2459413.8333333335,-107328374.30641022,-18129548.618735828,-1427727.1867654063
2459413.875,-107308166.9811628,-18243014.660998028,-1480060.3954139645
2459413.9166666665,-107287813.99092576,-18356454.795897003,-1532391.1632805672
2459413.9583333335,-107267315.36661363,-18469868.868325673,-1584719.418618064
2459414.0,-107246671.13934168,-18583256.72321939,-1637045.0896856803
2459414.0416666665,-107225881.34042606,-18696618.205556147,-1689368.1047491292
2459414.0833333335,-107204946.0013835,-18809953.160356782,-1741688.3920807084
2459414.125,-107183865.15393142,-18923261.43268522,-1794005.879959397
2459414.1666666665,-107162638.8299879,-19036542.86764866,-1846320.496670966
2459414.2083333335,-107141267.06167138,-19149797.31039782,-1898632.1705080734
2459414.25,-107119749.88130085,-19263024.606127124,-1950940.8297703625
2459414.2916666665,-107098087.32139571,-19376224.60007496,-2003246.4027645732
2459414.3333333335,-107076279.41467562,-19489397.13752384,-2055548.8178046322
2459414.375,-107054326.19406061,-19602542.063800655,-2107848.003211762
2459414.4166666665,-107032227.6926708,-19715659.224276878,-2160143.887314574
2459414.4583333335,-107009983.94382654,-19828748.46436879,-2212436.3984491783
2459414.5,-106987594.9810482,-19941809.629537683,-2264725.4649592796
2459414.5416666665,-106965060.8380562,-20054842.56529008,-2317011.0151962773
2459414.5833333335,-106942381.54877093,-20167847.11717794,-2369292.97751937
2459414.625,-106919557.14731263,-20280823.130798906,-2421571.280295651
2459414.6666666665,-106896587.66800137,-20393770.451796472,-2473845.851900219
2459414.7083333335,-106873473.14535698,-20506688.925860237,-2526116.620716267
2459414.75,-106850213.614099,-20619578.398726117,-2578383.5151351895
2459414.7916666665,-106826809.10914658,-20732438.71617652,-2630646.4635566836
2459414.8333333335,-106803259.66561842,-20845269.724040605,-2682905.394388847
2459414.875,-106779565.31883274,-20958071.26819449,-2735160.236048285
2459414.9166666665,-106755726.10430719,-21070843.19456144,-2787410.9169602003
2459414.9583333335,-106731742.05775873,-21183585.349112116,-2839657.3655585013
2459415.0,-106707613.21510375,-21296297.57786476,-2891899.5102859046
2459415.0416666665,-106683339.61245768,-21408979.726885416,-2944137.2795940284
2459415.0833333335,-106658921.28613526,-21521631.642288167,-2996370.6019434985
2459415.125,-106634358.27265026,-21634253.17023532,-3048599.4058040474
2459415.1666666665,-106609650.60871547,-21746844.156937633,-3100823.6196546126
2459415.2083333335,-106584798.3312427,-21859404.448654525,-3153043.171983444
2459415.25,-106559801.47734256,-21971933.891694292,-3205257.9912881944
2459415.2916666665,-106534660.08432455,-22084432.332414318,-3257468.006076025
2459415.3333333335,-106509374.1896969,-22196899.61722129,-3309673.144863709
2459415.375,-106483943.83116648,-22309335.592571426,-3361873.336177729
2459415.4166666665,-106458369.04663883,-22421740.10497065,-3414068.508554372
2459415.4583333335,-106432649.87421802,-22534113.000974838,-3466258.59053984
2459415.5,-106406786.35220657,-22646454.127190024,-3518443.51069034
2459415.5416666665,-106380778.5191054,-22758763.33027261,-3570623.197572195
2459415.5833333335,-106354626.41361381,-22871040.45692959,-3622797.5797619373
2459415.625,-106328330.07462928,-22983285.35391872,-3674966.5858464013
2459415.6666666665,-106301889.54124755,-23095497.868048795,-3727130.144422846
2459415.7083333335,-106275304.85276242,-23207677.846179813,-3779288.1840990297
2459415.75,-106248576.04866576,-23319825.135223202,-3831440.633493327
2459415.7916666665,-106221703.16864742,-23431939.582142044,-3883587.4212348224
2459415.8333333335,-106194686.25259516,-23544021.033951268,-3935728.475963414
2459415.875,-106167525.3405945,-23656069.33771787,-3987863.726329905
2459415.9166666665,-106140220.47292882,-23768084.34056112,-4039993.1009961134
2459415.9583333335,-106112771.69007908,-23880065.889652796,-4092116.528634968
2459416.0,-106085179.03272389,-23992013.83221736,-4144233.937930608
2459416.0416666665,-106057442.54173939,-24103928.015532203,-4196345.257578483
2459416.0833333335,-106029562.2581992,-24215808.286927823,-4248450.416285451
2459416.125,-106001538.22337428,-24327654.49378808,-4300549.3427698845
2459416.1666666665,-105973370.47873291,-24439466.483550355,-4352641.965761762
2459416.2083333335,-105945059.06594065,-24551244.103705805,-4404728.214002772
2459416.25,-105916604.02686015,-24662987.201799553,-4456808.016246415
2459416.2916666665,-105888005.40355122,-24774695.625430904,-4508881.301258097
2459416.3333333335,-105859263.2382706,-24886369.22225354,-4560947.997815236
2459416.375,-105830377.57347202,-24998007.839975774,-4613008.034707358
2459416.4166666665,-105801348.45180601,-25109611.326360703,-4665061.340736189
2459416.4583333335,-105772175.91611993,-25221179.52922647,-4717107.844715775
2459416.5,-105742860.00945783,-25332712.29644642,-4769147.475472558
2459416.5416666665,-105713400.77506039,-25444209.47594938,-4821180.161845491
2459416.5833333335,-105683798.25636478,-25555670.9157198,-4873205.832686132
2459416.625,-105654052.49700472,-25667096.46379801,-4925224.416858744
2459416.6666666665,-105624163.54081026,-25778485.968280416,-4977235.843240395
2459416.7083333335,-105594131.43180779,-25889839.27731968,-5029240.04072105
2459416.75,-105563956.21421991,-26001156.239124984,-5081236.938203688
2459416.7916666665,-105533637.93246543,-26112436.701962203,-5133226.464604381
2459416.8333333335,-105503176.6311592,-26223680.51415412,-5185208.548852407
2459416.875,-105472572.35511203,-26334887.524080645,-5237183.1198903425
2459416.9166666665,-105441825.14933072,-26446057.580179006,-5289150.106674163
2459416.9583333335,-105410935.05901784,-26557190.530943982,-5341109.438173345
2459417.0,-105379902.12957175,-26668286.224928085,-5393061.043370958
2459417.0416666665,-105348726.4065865,-26779344.510741815,-5445004.851263781
2459417.0833333335,-105317407.9358517,-26890365.237053785,-5496940.790862366
2459417.125,-105285946.76335248,-27001348.25259102,-5548868.791191178
2459417.1666666665,-105254342.93526946,-27112293.40613912,-5600788.781288673
2459417.2083333335,-105222596.4979785,-27223200.546542466,-5652700.690207397
2459417.25,-105190707.49805085,-27334069.522704434,-5704604.447014079
2459417.2916666665,-105158675.98225287,-27444900.183587626,-5756499.9807897555
2459417.3333333335,-105126501.99754605,-27555692.37821403,-5808387.220629836
2459417.375,-105094185.59108685,-27666445.955665287,-5860266.095644226
2459417.4166666665,-105061726.81022677,-27777160.76508284,-5912136.534957417
2459417.4583333335,-105029125.7025121,-27887836.655668177,-5963998.467708578
2459417.5,-104996382.3156839,-27998473.476683035,-6015851.823051671
2459417.5416666665,-104963496.69767794,-28109071.077449597,-6067696.530155533
2459417.5833333335,-104930468.89662458,-28219629.307350706,-6119532.518203985
2459417.625,-104897298.96084872,-28330148.015830077,-6171359.716395927
2459417.6666666665,-104863986.93886963,-28440627.052392483,-6223178.053945433
2459417.7083333335,-104830532.87940103,-28551066.26660399,-6274987.460081859
2459417.75,-104796936.83135083,-28661465.508092146,-6326787.864049928
2459417.7916666665,-104763198.84382117,-28771824.626546174,-6378579.195109845
2459417.8333333335,-104729318.96610823,-28882143.47171723,-6430361.3825373715
2459417.875,-104695297.24770223,-28992421.893418558,-6482134.355623956
2459417.9166666665,-104661133.73828734,-29102659.741525706,-6533898.043676803
2459417.9583333335,-104626828.48774149,-29212856.865976736,-6585652.3760189805
2459418.0,-104592381.54613642,-29323013.11677245,-6637397.28198953
2459418.0416666665,-104557792.9637375,-29433128.343976576,-6689132.690943547
2459418.0833333335,-104523062.79100372,-29543202.397715963,-6740858.5322522875
2459418.125,-104488191.07858747,-29653235.12818082,-6792574.73530327
2459418.1666666665,-104453177.87733464,-29763226.385624878,-6844281.2295003645
2459418.2083333335,-104418023.23828435,-29873176.02036564,-6895977.944263898
2459418.25,-104382727.212669,-29983083.882784553,-6947664.809030744
2459418.2916666665,-104347289.85191408,-30092949.823327225,-6999341.75325443
2459418.3333333335,-104311711.20763813,-30202773.692503642,-7051008.706405235
2459418.375,-104275991.33165269,-30312555.340888347,-7102665.597970272
2459418.4166666665,-104240130.2759621,-30422294.619120657,-7154312.357453605
2459418.4583333335,-104204128.0927635,-30531991.37790488,-7205948.914376335
2459418.5,-104167984.83444679,-30641645.468010508,-7257575.198276704
2459418.5416666665,-104131700.55359434,-30751256.74027241,-7309191.138710189
2459418.5833333335,-104095275.30298111,-30860825.045591056,-7360796.665249601
2459418.625,-104058709.13557443,-30970350.234932706,-7412391.707485175
2459418.6666666665,-104022002.104534,-31079832.159329627,-7463976.195024687
2459418.7083333335,-103985154.2632117,-31189270.669880286,-7515550.057493527
2459418.75,-103948165.6651516,-31298665.617749564,-7567113.224534818
2459418.7916666665,-103911036.36408977,-31408016.85416894,-7618665.625809494
2459418.8333333335,-103873766.41395429,-31517324.23043672,-7670207.190996416
2459418.875,-103836355.86886504,-31626587.597918224,-7721737.8497924525
2459418.9166666665,-103798804.78313376,-31735806.80804599,-7773257.531912589
2459418.9583333335,-103761113.21126376,-31844981.712319978,-7824766.167090022
2459419.0,-103723281.20795003,-31954112.16230778,-7876263.685076248
2459419.0416666665,-103685308.82807899,-32063198.009644814,-7927750.015641173
2459419.0833333335,-103647196.12672849,-32172239.10603453,-7979225.088573204
2459419.125,-103608943.15916768,-32281235.303248614,-8030688.833679346
2459419.1666666665,-103570549.98085691,-32390186.45312718,-8082141.180785293
2459419.2083333335,-103532016.64744766,-32499092.40757899,-8133582.059735535
2459419.25,-103493343.21478242,-32607953.01858164,-8185011.400393452
2459419.2916666665,-103454529.7388946,-32716768.13818178,-8236429.132641413
2459419.3333333335,-103415576.27600844,-32825537.618495286,-8287835.1863808585
2459419.375,-103376482.88253896,-32934261.31170748,-8339229.491532415
2459419.4166666665,-103337249.61509176,-33042939.07007336,-8390611.978035986
2459419.4583333335,-103297876.53046301,-33151570.745917734,-8441982.575850844
2459419.5,-103258363.68563932,-33260156.191635482,-8493341.214955732
2459419.5416666665,-103218711.13779765,-33368695.259691726,-8544687.82534896
2459419.5833333335,-103178918.94430524,-33477187.80262205,-8596022.337048497
2459419.625,-103138987.16271944,-33585633.67303267,-8647344.680092074
2459419.6666666665,-103098915.8507877,-33694032.72360068,-8698654.784537273
2459419.7083333335,-103058705.0664474,-33802384.807074204,-8749952.580461629
2459419.75,-103018354.8678258,-33910689.77627264,-8801237.99796273
2459419.7916666665,-102977865.31323995,-34018947.48408681,-8852510.967158299
2459419.8333333335,-102937236.4611965,-34127157.783479236,-8903771.418186307
2459419.875,-102896468.37039174,-34235320.52748425,-8955019.281205058
2459419.9166666665,-102855561.09971137,-34343435.569208264,-9006254.486393288
2459419.9583333335,-102814514.70823053,-34451502.76182992,-9057476.963950261
2459420.0,-102773329.25521354,-34559521.95860034,-9108686.644095875
2459420.0416666665,-102732004.80011398,-34667493.01284328,-9159883.457070734
2459420.0833333335,-102690541.40257443,-34775415.77795535,-9211067.33313627
2459420.125,-102648939.12242651,-34883290.10740622,-9262238.202574823
2459420.1666666665,-102607198.01969065,-34991115.8547388,-9313395.995689748
2459420.2083333335,-102565318.15457606,-35098892.873569444,-9364540.642805496
2459420.25,-102523299.58748066,-35206621.01758817,-9415672.074267717
2459420.2916666665,-102481142.3789909,-35314300.140558824,-9466790.22044337
2459420.3333333335,-102438846.58988172,-35421930.0963193,-9517895.011720791
2459420.375,-102396412.28111638,-35529510.73878174,-9568986.378509814
2459420.4166666665,-102353839.51384644,-35637041.921932735,-9620064.251241852
2459420.4583333335,-102311128.34941164,-35744523.49983349,-9671128.560369996
2459420.5,-102268278.84933974,-35851955.32662006,-9722179.236369109
2459420.5416666665,-102225291.07534644,-35959337.25650354,-9773216.20973593
2459420.5833333335,-102182165.08933535,-36066669.14377023,-9824239.410989154
2459420.625,-102138900.95339778,-36173950.8427819,-9875248.77066954
2459420.6666666665,-102095498.72981271,-36281182.2079759,-9926244.21934001
2459420.7083333335,-102051958.48104665,-36388363.093865454,-9977225.68758573
2459420.75,-102008280.26975356,-36495493.35503976,-10028193.106014203
2459420.7916666665,-101964464.1587747,-36602572.84616426,-10079146.40525539
2459420.8333333335,-101920510.2111386,-36709601.42198078,-10130085.515961777
2459420.875,-101876418.49006091,-36816578.937307805,-10181010.368808486
2459420.9166666665,-101832189.05894426,-36923505.24704058,-10231920.894493366
2459420.9583333335,-101787821.98137821,-37030380.20615138,-10282817.023737082
2459421.0,-101743317.32113917,-37137203.66968966,-10333698.687283222
2459421.0416666665,-101698675.1421902,-37243975.49278229,-10384565.815898377
2459421.0833333335,-101653895.50868097,-37350695.53063372,-10435418.340372253
2459421.125,-101608978.48494764,-37457363.638526164,-10486256.191517746
2459421.1666666665,-101563924.13551278,-37563979.671819866,-10537079.300171062
2459421.2083333335,-101518732.52508521,-37670543.485953204,-10587887.59719178
2459421.25,-101473403.71855989,-37777054.936442964,-10638681.01346298
2459421.2916666665,-101427937.78101791,-37883513.87888445,-10689459.479891304
2459421.3333333335,-101382334.77772628,-37989920.16895178,-10740222.92740708
2459421.375,-101336594.77413782,-38096273.66239801,-10790971.286964409
2459421.4166666665,-101290717.83589117,-38202574.21505534,-10841704.489541234
2459421.4583333335,-101244704.02881055,-38308821.68283531,-10892422.466139477
2459421.5,-101198553.41890566,-38415015.92172903,-10943125.147785095
2459421.5416666665,-101152266.0723717,-38521156.7878073,-10993812.465528201
2459421.5833333335,-101105842.05558914,-38627244.137220904,-11044484.350443143
2459421.625,-101059281.43512362,-38733277.82620071,-11095140.733628599
2459421.6666666665,-101012584.27772589,-38839257.711057894,-11145781.546207685
2459421.7083333335,-100965750.65033168,-38945183.64818418,-11196406.719328031
2459421.75,-100918780.62006155,-39051055.494051956,-11247016.184161887
2459421.7916666665,-100871674.25422087,-39156873.10521455,-11297609.871906204
2459421.8333333335,-100824431.6202996,-39262636.33830634,-11348187.713782754
2459421.875,-100777052.78597227,-39368345.050043,-11398749.64103819
2459421.9166666665,-100729537.81909782,-39473999.09722169,-11449295.58494417
2459421.9583333335,-100681886.78771949,-39579598.3367212,-11499825.476797417
2459422.0,-100634099.76006475,-39685142.62550224,-11550339.247919861
2459422.0416666665,-100586176.80454513,-39790631.82060755,-11600836.829658676
2459422.0833333335,-100538117.98975617,-39896065.77916207,-11651318.153386425
2459422.125,-100489923.3844772,-40001444.358373255,-11701783.150501123
2459422.1666666665,-100441593.05767141,-40106767.415531114,-11752231.752426319
2459422.2083333335,-100393127.07848553,-40212034.80800854,-11802663.890611243
2459422.25,-100344525.51624988,-40317246.39326139,-11853079.496530838
2459422.2916666665,-100295788.44047816,-40422402.028828755,-11903478.501685895
2459422.3333333335,-100246915.92086737,-40527501.57233311,-11953860.837603126
2459422.375,-100197908.0272977,-40632544.88148053,-12004226.435835255
2459422.4166666665,-100148764.82983245,-40737531.814060844,-12054575.22796113
2459422.4583333335,-100099486.39871779,-40842462.22794787,-12104907.145585805
2459422.5,-100050072.80438283,-40947335.981099546,-12155222.120340621
2459422.5416666665,-100000524.11743934,-41052152.93155823,-12205520.083883325
2459422.5833333335,-99950840.40868172,-41156912.93745076,-12255800.967898136
2459422.625,-99901021.74908689,-41261615.85698872,-12306064.704095863
2459422.6666666665,-99851068.20981413,-41366261.548468634,-12356311.224213973
2459422.7083333335,-99800979.86220498,-41470849.8702721,-12406540.460016707
2459422.75,-99750756.77778317,-41575380.68086605,-12456752.343295155
2459422.7916666665,-99700399.0282544,-41679853.83880288,-12506946.80586736
2459422.8333333335,-99649906.68550636,-41784269.20272069,-12557123.779578405
2459422.875,-99599279.8216085,-41888626.63134341,-12607283.196300505
2459422.9166666665,-99548518.50881198,-41992925.98348107,-12657424.9879331
2459422.9583333335,-99497622.81954946,-42097167.11802993,-12707549.086402947
2459423.0,-99446592.82643513,-42201349.89397268,-12757655.42366423
2459423.0416666665,-99395428.60226451,-42305474.17037861,-12807743.931698613
2459423.0833333335,-99344130.22001429,-42409539.806403875,-12857814.542515367
2459423.125,-99292697.75284226,-42513546.66129161,-12907867.18815146
2459423.1666666665,-99241131.27408724,-42617494.59437209,-12957901.800671622
2459423.2083333335,-99189430.85726884,-42721383.465063065,-13007918.312168468
2459423.25,-99137596.57608747,-42825213.13286975,-13057916.65476257
2459423.2916666665,-99085628.50442412,-42928983.45738517,-13107896.76060256
2459423.3333333335,-99033526.71634036,-43032694.29829028,-13157858.561865218
2459423.375,-98981291.28607802,-43136345.51535415,-13207801.990755562
2459423.4166666665,-98928922.28805928,-43239936.968434155,-13257726.97950694
2459423.4583333335,-98876419.79688646,-43343468.51747622,-13307633.460381132
2459423.5,-98823783.88734187,-43446940.02251491,-13357521.36566842
2459423.5416666665,-98771014.63438776,-43550351.343673676,-13407390.6276877
2459423.5833333335,-98718112.11316612,-43653702.341165036,-13457241.178786574
2459423.625,-98665076.39899866,-43756992.87529077,-13507072.95134142
2459423.6666666665,-98611907.56738657,-43860222.80644206,-13556885.877757505
2459423.7083333335,-98558605.6940105,-43963391.99509974,-13606679.89046907
2459423.75,-98505170.85473038,-44066500.30183443,-13656454.921939414
2459423.7916666665,-98451603.12558532,-44169547.58730672,-13706210.904660998
2459423.8333333335,-98397902.58279349,-44272533.71226746,-13755947.771155523
2459423.875,-98344069.30275197,-44375458.537557766,-13805665.453974038
2459423.9166666665,-98290103.36203668,-44478321.92410937,-13855363.885697007
2459423.9583333335,-98236004.83740221,-44581123.7329447,-13905042.998934425
2459424.0,-98181773.80578172,-44683863.82517712,-13954702.7263259
2459424.0416666665,-98127410.34428677,-44786542.062011085,-14004343.000540733
2459424.0833333335,-98072914.53020732,-44889158.30474235,-14053963.754278015
2459424.125,-98018286.44101144,-44991712.414758146,-14103564.920266734
2459424.1666666665,-97963526.15434532,-45094204.25353734,-14153146.43126585
2459424.2083333335,-97908633.74803305,-45196633.68265063,-14202708.22006438
2459424.25,-97853609.3000766,-45299000.563760825,-14252250.219481498
2459424.2916666665,-97798452.88865557,-45401304.75862282,-14301772.362366632
2459424.3333333335,-97743164.5921272,-45503546.129083976,-14351274.581599534
2459424.375,-97687744.48902611,-45605724.53708423,-14400756.810090408
2459424.4166666665,-97632192.65806428,-45707839.844656244,-14450218.980779942
2459424.4583333335,-97576509.17813088,-45809891.91392563,-14499661.026639458
2459424.5,-97520694.12829213,-45911880.607111156,-14549082.88067097
2459424.5416666665,-97464747.5877912,-46013805.78652488,-14598484.475907277
2459424.5833333335,-97408669.63604811,-46115667.31457232,-14647865.74541206
2459424.625,-97352460.35265952,-46217465.05375271,-14697226.622279963
2459424.6666666665,-97296119.81739867,-46319198.86665912,-14746567.039636701
2459424.7083333335,-97239648.11021526,-46420868.615978666,-14795886.930639124
2459424.75,-97183045.3112353,-46522474.16449267,-14845186.228475327
2459424.7916666665,-97126311.50076091,-46624015.37507686,-14894464.866364745
2459424.8333333335,-97069446.75927037,-46725492.11070156,-14943722.777558208
2459424.875,-97012451.16741781,-46826904.23443184,-14992959.895338075
2459424.9166666665,-96955324.8060332,-46928251.609427735,-15042176.153018296
2459424.9583333335,-96898067.75612213,-47029534.09894437,-15091371.483944507
2459425.0,-96840680.0988658,-47130751.56633224,-15140545.821494121
2459425.0416666665,-96783161.91562079,-47231903.87503726,-15189699.09907642
2459425.0833333335,-96725513.28791893,-47332990.88860106,-15238831.250132643
2459425.125,-96667734.29746729,-47434012.4706611,-15287942.208136072
2459425.1666666665,-96609825.02614786,-47534968.484950885,-15337031.906592129
2459425.2083333335,-96551785.5560176,-47635858.79530012,-15386100.279038446
2459425.25,-96493615.96930823,-47736683.26563489,-15435147.259044986
2459425.2916666665,-96435316.34842606,-47837441.75997787,-15484172.78021411
2459425.3333333335,-96376886.77595195,-47938134.14244847,-15533176.77618066
2459425.375,-96318327.33464113,-48038760.27726304,-15582159.180612072
2459425.4166666665,-96259638.10742305,-48139320.02873501,-15631119.92720844
2459425.4583333335,-96200819.17740129,-48239813.26127517,-15680058.949702624
2459425.5,-96141870.6278534,-48340239.83939168,-15728976.18186033
2459425.5416666665,-96082792.54223078,-48440599.627690405,-15777871.557480197
2459425.5833333335,-96023585.00415862,-48540892.49087502,-15826745.010393895
2459425.625,-95964248.09743556,-48641118.2937472,-15875596.474466197
2459425.6666666665,-95904781.90603381,-48741276.90120681,-15924425.883595087
2459425.7083333335,-95845186.51409885,-48841368.17825205,-15973233.171711832
2459425.75,-95785462.00594935,-48941391.98997968,-16022018.272781087
2459425.7916666665,-95725608.46607706,-49041348.20158516,-16070781.120800963
2459425.8333333335,-95665625.97914664,-49141236.678362854,-16119521.649803132
2459425.875,-95605514.62999555,-49241057.285706185,-16168239.793852912
2459425.9166666665,-95545274.5036339,-49340809.889107816,-16216935.487049349
2459425.9583333335,-95484905.6852443,-49440494.35415986,-16265608.663525313
2459426.0,-95424408.26018181,-49540110.54655399,-16314259.257447578
2459426.0416666665,-95363782.31397367,-49639658.3320817,-16362887.203016914
2459426.0833333335,-95303027.9323193,-49739137.5766344,-16411492.434468178
2459426.125,-95242145.2010901,-49838548.14620364,-16460074.886070393
2459426.1666666665,-95181134.20632927,-49937889.906881295,-16508634.492126852
2459426.2083333335,-95119995.03425181,-50037162.724859685,-16557171.186975183
2459426.25,-95058727.77124426,-50136366.46643184,-16605684.904987456
2459426.2916666665,-94997332.50386453,-50235500.99799158,-16654175.580570266
2459426.3333333335,-94935809.31884201,-50334566.18603373,-16702643.14816481
2459426.375,-94874158.30307713,-50433561.89715433,-16751087.542246988
2459426.4166666665,-94812379.54364136,-50532487.998050764,-16799508.697327487
2459426.4583333335,-94750473.12777717,-50631344.35552195,-16847906.547951862
2459426.5,-94688439.14289773,-50730130.83646851,-16896281.028700627
2459426.5416666665,-94626277.67658682,-50828847.307892956,-16944632.074189346
2459426.5833333335,-94563988.81659874,-50927493.63689986,-16992959.619068712
2459426.625,-94501572.65085818,-51026069.690696016,-17041263.59802465
2459426.6666666665,-94439029.26745997,-51124575.33659064,-17089543.94577838
2459426.7083333335,-94376358.7546691,-51223010.44199551,-17137800.597086526
2459426.75,-94313561.20092043,-51321374.87442517,-17186033.486741185
2459426.7916666665,-94250636.69481868,-51419668.50149709,-17234242.549570035
2459426.8333333335,-94187585.32513823,-51517891.19093183,-17282427.720436398
2459426.875,-94124407.18082292,-51616042.81055324,-17330588.934239347
2459426.9166666665,-94061102.35098611,-51714123.228288606,-17378726.125913776
2459426.9583333335,-93997670.92491026,-51812132.31216884,-17426839.230430495
2459427.0,-93934112.99204707,-51910069.93032864,-17474928.182796326
2459427.0416666665,-93870428.64201713,-52007935.951006666,-17522992.918054167
2459427.0833333335,-93806617.96460988,-52105730.24254572,-17571033.37128309
2459427.125,-93742681.04978348,-52203452.67339292,-17619049.477598447
2459427.1666666665,-93678617.98766463,-52301103.11209985,-17667041.172151912
2459427.2083333335,-93614428.86854841,-52398681.42732277,-17715008.390131608
2459427.25,-93550113.78289822,-52496187.48782274,-17762951.066762164
2459427.2916666665,-93485672.82134557,-52593621.162465826,-17810869.137304835
2459427.3333333335,-93421106.07468995,-52690982.32022326,-17858762.537057545
2459427.375,-93356413.63389872,-52788270.83017161,-17906631.20135501
2459427.4166666665,-93291595.59010695,-52885486.56149296,-17954475.0655688
2459427.4583333335,-93226652.03461726,-52982629.383475065,-18002294.065107442
