2459396.5,-217644567.12964985,107832311.46292342,55332558.61502735
2459396.5416666665,-217683658.44478235,107769372.32068342,55304744.614563055
2459396.5833333335,-217722725.54276177,107706421.18950449,55276924.461597465
2459396.625,-217761768.41945818,107643458.07649721,55249098.15928063
2459396.6666666665,-217800787.07074347,107580482.98877303,55221265.71076301
2459396.7083333335,-217839781.49249172,107517495.93344417,55193427.119195476
2459396.75,-217878751.68057892,107454496.91762371,55165582.387729384
2459396.7916666665,-217917697.63088316,107391485.94842559,55137731.51951652
2459396.8333333335,-217956619.3392844,107328463.03296456,55109874.51770909
2459396.875,-217995516.80166486,107265428.17835622,55082011.38545974
2459396.9166666665,-218034390.01390848,107202381.391717,55054142.125921555
2459396.9583333335,-218073238.9719015,107139322.68016416,55026266.742248066
2459397.0,-218112063.67153203,107076252.05081576,54998385.237593226
2459397.0416666665,-218150864.10869026,107013169.5107908,54970497.615111455
2459397.0833333335,-218189640.27926832,106950075.06720896,54942603.877957545
2459397.125,-218228392.1791604,106886968.72719087,54914704.029286794
2459397.1666666665,-218267119.80426276,106823850.49785799,54886798.07225492
2459397.2083333335,-218305823.15047356,106760720.38633251,54858886.01001805
2459397.25,-218344502.21369314,106697578.39973758,54830967.84573276
2459397.2916666665,-218383156.98982373,106634424.54519711,54803043.58255609
2459397.3333333335,-218421787.47476968,106571258.82983586,54775113.22364546
2459397.375,-218460393.6644372,106508081.2607794,54747176.77215879
2459397.4166666665,-218498975.55473465,106444891.84515418,54719234.23125438
2459397.4583333335,-218537533.14157242,106381690.59008744,54691285.604091
2459397.5,-218576066.42086288,106318477.50270726,54663330.89382786
2459397.5416666665,-218614575.38852033,106255252.59014256,54635370.10362457
2459397.5833333335,-218653060.0404613,106192015.8595231,54607403.23664123
2459397.625,-218691520.37260413,106128767.31797945,54579430.296038315
2459397.6666666665,-218729956.3808693,106065506.97264303,54551451.28497677
2459397.7083333335,-218768368.06117922,106002234.83064607,54523466.206617974
2459397.75,-218806755.4094584,105938950.89912164,54495475.06412376
2459397.7916666665,-218845118.42163336,105875655.18520366,54467477.86065633
2459397.8333333335,-218883457.0936326,105812347.69602686,54439474.5993784
2459397.875,-218921771.42138666,105749028.43872681,54411465.28345308
2459397.9166666665,-218960061.4008281,105685697.42043985,54383449.9160439
2459397.9583333335,-218998327.02789152,105622354.64830326,54355428.500314884
2459398.0,-219036568.29851344,105559000.12945509,54327401.03943043
2459398.0416666665,-219074785.20863253,105495633.87103422,54299367.536555395
2459398.0833333335,-219112977.75418943,105432255.88018033,54271327.99485508
2459398.125,-219151145.93112674,105368866.164034,54243282.41749521
2459398.1666666665,-219189289.73538926,105305464.7297366,54215230.80764195
2459398.2083333335,-219227409.16292349,105242051.58443026,54187173.16846189
2459398.25,-219265504.20967823,105178626.73525812,54159109.503122054
2459398.2916666665,-219303574.87160426,105115190.18936396,54131039.81478992
2459398.3333333335,-219341621.14465418,105051741.95389248,54102964.10663337
2459398.375,-219379643.02478287,104988282.03598921,54074882.38182077
2459398.4166666665,-219417640.50794715,104924810.44280046,54046794.64352085
2459398.4583333335,-219455613.59010568,104861327.18147342,54018700.89490283
2459398.5,-219493562.2672194,104797832.2591561,53990601.13913635
2459398.5416666665,-219531486.5352511,104734325.68299729,53962495.37939148
2459398.5833333335,-219569386.39016563,104670807.46014667,53934383.618838705
2459398.625,-219607261.82792988,104607277.59775472,53906265.86064899
2459398.6666666665,-219645112.84451276,104543736.1029727,53878142.10799368
2459398.7083333335,-219682939.43588516,104480182.9829528,53850012.36404462
2459398.75,-219720741.59802,104416618.24484795,53821876.63197399
2459398.7916666665,-219758519.32689232,104353041.89581195,53793734.91495452
2459398.8333333335,-219796272.61847895,104289453.94299941,53765587.216159284
2459398.875,-219834001.468759,104225854.39356573,53737433.538761824
2459398.9166666665,-219871705.87371343,104162243.25466725,53709273.885936126
2459398.9583333335,-219909385.82932526,104098620.533461,53681108.260856576
2459399.0,-219947041.33157957,104034986.23710492,53652936.666698046
2459399.0416666665,-219984672.37646338,103971340.37275775,53624759.10663577
2459399.0833333335,-220022278.95996585,103907682.94757903,53596575.583845474
2459399.125,-220059861.07807797,103844013.9687292,53568386.101503305
2459399.1666666665,-220097418.72679293,103780333.44336943,53540190.66278581
2459399.2083333335,-220134951.90210587,103716641.37866183,53511989.27087
2459399.25,-220172460.60001397,103652937.78176919,53483781.928933315
2459399.2916666665,-220209944.81651634,103589222.65985525,53455568.64015364
2459399.3333333335,-220247404.54761422,103525496.02008452,53427349.40770925
2459399.375,-220284839.78931087,103461757.8696223,53399124.23477888
2459399.4166666665,-220322250.53761148,103398008.21563481,53370893.12454173
2459399.4583333335,-220359636.78852326,103334247.065289,53342656.08017737
2459399.5,-220396998.5380555,103270474.4257527,53314413.104865834
2459399.5416666665,-220434335.7822196,103206690.3041946,53286164.2017876
2459399.5833333335,-220471648.5170287,103142894.70778404,53257909.37412354
2459399.625,-220508936.73849827,103079087.64369138,53229648.62505499
2459399.6666666665,-220546200.44264558,103015269.11908771,53201381.95776374
2459399.7083333335,-220583439.62549004,102951439.14114496,53173109.37543193
2459399.75,-220620654.28305298,102887597.71703587,53144830.88124222
2459399.7916666665,-220657844.41135785,102823744.85393405,53116546.47837765
2459399.8333333335,-220695010.00643006,102759880.55901386,53088256.17002173
2459399.875,-220732151.06429705,102696004.83945054,53059959.959358335
2459399.9166666665,-220769267.58098832,102632117.70242013,53031657.84957185
2459399.9583333335,-220806359.55253524,102568219.15509947,53003349.84384704
2459400.0,-220843426.97497147,102504309.20466626,52975035.945369124
2459400.0416666665,-220880469.84433243,102440387.85829902,52946716.15732374
2459400.0833333335,-220917488.15665564,102376455.12317704,52918390.482896976
2459400.125,-220954481.90798074,102312511.00648052,52890058.925275326
2459400.1666666665,-220991451.0943492,102248555.5153904,52861721.48764573
2459400.2083333335,-221028395.7118047,102184588.65708847,52833378.17319556
2459400.25,-221065315.7563928,102120610.43875736,52805028.985112615
2459400.2916666665,-221102211.22416115,102056620.86758049,52776673.92658512
2459400.3333333335,-221139082.1111594,101992619.95074211,52748313.00080174
2459400.375,-221175928.41343924,101928607.69542731,52719946.210951574
2459400.4166666665,-221212750.1270543,101864584.10882197,52691573.56022412
2459400.4583333335,-221249547.24806038,101800549.19811282,52663195.05180936
2459400.5,-221286319.77251512,101736502.97048739,52634810.68889767
2459400.5416666665,-221323067.6964783,101672445.433134,52606420.47467985
2459400.5833333335,-221359791.01601171,101608376.59324187,52578024.412347145
2459400.625,-221396489.7271791,101544296.45800099,52549622.50509125
2459400.6666666665,-221433163.8260463,101480205.03460214,52521214.75610426
2459400.7083333335,-221469813.30868107,101416102.33023697,52492801.16857869
2459400.75,-221506438.1711533,101351988.35209794,52464381.745707534
2459400.7916666665,-221543038.40953487,101287863.10737829,52435956.49068417
2459400.8333333335,-221579614.01989958,101223726.60327217,52407525.40670242
2459400.875,-221616164.99832344,101159578.84697442,52379088.49695656
2459400.9166666665,-221652691.34088427,101095419.84568076,52350645.76464124
2459400.9583333335,-221689193.0436621,101031249.60658783,52322197.2129516
2459401.0,-221725670.10273877,100967068.13689287,52293742.84508318
2459401.0416666665,-221762122.51419833,100902875.44379415,52265282.664231956
2459401.0833333335,-221798550.2741268,100838671.5344906,52236816.67359432
2459401.125,-221834953.37861213,100774456.41618209,52208344.87636709
2459401.1666666665,-221871331.82374436,100710230.09606923,52179867.275747575
2459401.2083333335,-221907685.60561556,100645992.58135346,52151383.87493342
2459401.25,-221944014.72031984,100581743.87923703,52122894.677122764
2459401.2916666665,-221980319.16395316,100517483.99692306,52094399.68551415
2459401.3333333335,-222016598.93261376,100453212.94161543,52065898.903306566
2459401.375,-222052854.02240172,100388930.72051886,52037392.333699405
2459401.4166666665,-222089084.42941922,100324637.3408389,52008879.979892515
2459401.4583333335,-222125290.14977038,100260332.80978188,51980361.84508614
2459401.5,-222161471.17956138,100196017.13455494,51951837.93248102
2459401.5416666665,-222197627.51490048,100131690.3223661,51923308.245278224
2459401.5833333335,-222233759.15189788,100067352.38042417,51894772.78667932
2459401.625,-222269866.08666578,100003003.31593868,51866231.5598863
2459401.6666666665,-222305948.31531852,99938643.13612017,51837684.568101555
2459401.7083333335,-222342005.83397233,99874271.8481798,51809131.814527944
2459401.75,-222378038.6387455,99809889.45932968,51780573.3023687
2459401.7916666665,-222414046.72575837,99745495.97678265,51752009.03482754
2459401.8333333335,-222450030.09113336,99681091.40775244,51723439.015108585
2459401.875,-222485988.7309947,99616675.7594535,51694863.24641635
2459401.9166666665,-222521922.64146882,99552249.03910118,51666281.73195586
2459401.9583333335,-222557831.81868413,99487811.2539116,51637694.4749325
2459402.0,-222593716.2587711,99423362.4111017,51609101.47855209
2459402.0416666665,-222629575.95786202,99358902.51788928,51580502.746020906
2459402.0833333335,-222665410.91209152,99294431.58149286,51551898.28054562
2459402.125,-222701221.1175959,99229949.60913189,51523288.08533338
2459402.1666666665,-222737006.57051384,99165456.60802652,51494672.1635917
2459402.2083333335,-222772767.26698574,99100952.58539778,51466050.51852856
2459402.25,-222808503.20315418,99036437.54846753,51437423.15335235
2459402.2916666665,-222844214.37516367,98971911.50445837,51408790.07127192
2459402.3333333335,-222879900.77916086,98907374.46059379,51380151.275496505
2459402.375,-222915562.41129425,98842826.42409801,51351506.76923578
2459402.4166666665,-222951199.26771453,98778267.40219618,51322856.55569987
2459402.4583333335,-222986811.34457427,98713697.40211411,51294200.638099305
2459402.5,-223022398.6380282,98649116.43107861,51265539.01964505
2459402.5416666665,-223057961.14423293,98584524.4963171,51236871.70354848
2459402.5833333335,-223093498.85934716,98519921.60505797,51208198.69302142
2459402.625,-223129011.77953166,98455307.76453035,51179519.99127612
2459402.6666666665,-223164499.90094906,98390682.9819642,51150835.60152525
2459402.7083333335,-223199963.21976414,98326047.26459023,51122145.526981875
2459402.75,-223235401.7321438,98261400.61964011,51093449.77085956
2459402.7916666665,-223270815.43425667,98196743.05434617,51064748.33637223
2459402.8333333335,-223306204.3222736,98132074.57594162,51036041.226734266
2459402.875,-223341568.39236745,98067395.19166048,51007328.44516048
2459402.9166666665,-223376907.6407131,98002704.90873756,50978609.99486609
2459402.9583333335,-223412222.06348738,97938003.73440848,50949885.87906675
2459403.0,-223447511.65686914,97873291.67590977,50921156.10097856
2459403.0416666665,-223482776.4170394,97808568.74047859,50892420.663817994
2459403.0833333335,-223518016.34018096,97743834.93535303,50863679.57080202
2459403.125,-223553231.42247888,97679090.26777196,50834932.82514798
2459403.1666666665,-223588421.66012004,97614334.74497509,50806180.43007365
2459403.2083333335,-223623587.04929352,97549568.37420289,50777422.38879726
2459403.25,-223658727.58619025,97484791.16269669,50748658.70453746
2459403.2916666665,-223693843.2670033,97420003.11769857,50719889.38051326
2459403.3333333335,-223728934.08792776,97355204.24645148,50691114.419944204
2459403.375,-223764000.0451606,97290394.55619915,50662333.82605018
2459403.4166666665,-223799041.13490102,97225574.05418612,50633547.60205154
2459403.4583333335,-223834057.35334998,97160742.74765773,50604755.751169026
2459403.5,-223869048.69671077,97095900.64386016,50575958.27662385
2459403.5416666665,-223904015.16118848,97031047.75004035,50547155.18163763
2459403.5833333335,-223938956.74299026,96966184.07344611,50518346.4694324
2459403.625,-223973873.43832535,96901309.621326,50489532.14323062
2459403.6666666665,-224008765.2434049,96836424.40092944,50460712.20625519
2459403.7083333335,-224043632.1544422,96771528.4195066,50431886.66172941
2459403.75,-224078474.16765243,96706621.68430851,50403055.51287707
2459403.7916666665,-224113291.27925292,96641704.20258698,50374218.76292227
2459403.8333333335,-224148083.48546296,96576775.98159464,50345376.41508965
2459403.875,-224182850.78250387,96511837.02858493,50316528.47260421
2459403.9166666665,-224217593.16659895,96446887.35081208,50287674.93869139
2459403.9583333335,-224252310.63397357,96381926.95553112,50258815.81657705
2459404.0,-224287003.1808551,96316955.84999794,50229951.10948748
2459404.0416666665,-224321670.80347294,96251974.04146919,50201080.82064943
2459404.0833333335,-224356313.49805853,96186981.53720234,50172204.953289986
2459404.125,-224390931.26084527,96121978.34445566,50143323.51063675
2459404.1666666665,-224425524.0880686,96056964.47048819,50114436.49591769
2459404.2083333335,-224460091.975966,95991939.92255989,50085543.912361234
2459404.25,-224494634.92077705,95926904.70793141,50056645.7631962
2459404.2916666665,-224529152.9187432,95861858.83386427,50027742.05165185
2459404.3333333335,-224563645.96610793,95796802.30762078,49998832.780957885
2459404.375,-224598114.05911696,95731735.136464,49969917.9543444
2459404.4166666665,-224632557.19401774,95666657.32765792,49940997.575041935
2459404.4583333335,-224666975.3670599,95601568.88846722,49912071.646281436
2459404.5,-224701368.57449508,95536469.82615747,49883140.171294294
2459404.5416666665,-224735736.8125769,95471360.1479949,49854203.153312296
2459404.5833333335,-224770080.07756102,95406239.86124676,49825260.595567696
2459404.625,-224804398.36570513,95341108.97318095,49796312.50129312
2459404.6666666665,-224838691.67326897,95275967.49106622,49767358.87372166
2459404.7083333335,-224872959.99651423,95210815.42217211,49738399.716086805
2459404.75,-224907203.3317047,95145652.77376904,49709435.03162247
2459404.7916666665,-224941421.67510605,95080479.55312805,49680464.82356301
2459404.8333333335,-224975615.0229862,95015295.7675212,49651489.09514319
2459404.875,-225009783.37161487,94950101.42422125,49622507.84959821
2459404.9166666665,-225043926.71726388,94884896.53050177,49593521.09016368
2459404.9583333335,-225078045.05620712,94819681.09363708,49564528.820075616
2459405.0,-225112138.38472047,94754455.12090243,49535531.04257051
2459405.0416666665,-225146206.6990818,94689218.61957379,49506527.76088521
2459405.0833333335,-225180249.99557105,94623971.59692791,49477518.97825705
2459405.125,-225214268.27047014,94558714.06024244,49448504.69792374
2459405.1666666665,-225248261.52006307,94493446.01679572,49419484.923123464
2459405.2083333335,-225282229.7406357,94428167.47386698,49390459.65709477
2459405.25,-225316172.92847613,94362878.4387362,49361428.90307665
2459405.2916666665,-225350091.07987437,94297578.91868421,49332392.66430855
2459405.3333333335,-225383984.19112247,94232268.92099258,49303350.94403026
2459405.375,-225417852.25851446,94166948.45294374,49274303.74548209
2459405.4166666665,-225451695.27834645,94101617.52182089,49245251.071904734
2459405.4583333335,-225485513.24691647,94036276.13490802,49216192.926539265
2459405.5,-225519306.16052485,93970924.29948997,49187129.31262723
2459405.5416666665,-225553074.0154735,93905562.02285236,49158060.23341058
2459405.5833333335,-225586816.8080667,93840189.31228161,49128985.69213172
2459405.625,-225620534.53461072,93774806.1750649,49099905.69203339
2459405.6666666665,-225654227.19141364,93709412.61849026,49070820.236358844
2459405.7083333335,-225687894.7747858,93644008.64984655,49041729.32835173
2459405.75,-225721537.28103936,93578594.27642334,49012632.971256085
2459405.7916666665,-225755154.70648867,93513169.5055111,48983531.168316424
2459405.8333333335,-225788747.04744998,93447734.34440102,48954423.92277764
2459405.875,-225822314.30024168,93382288.80038512,48925311.237885036
2459405.9166666665,-225855856.4611841,93316832.88075623,48896193.116884395
2459405.9583333335,-225889373.52659956,93251366.592808,48867069.56302188
2459406.0,-225922865.49281248,93185889.94383484,48837940.57954408
2459406.0416666665,-225956332.3561493,93120402.94113193,48808806.169698015
2459406.0833333335,-225989774.11293834,93054905.59199539,48779666.336731106
2459406.125,-226023190.7595102,92989397.90372194,48750521.08389123
2459406.1666666665,-226056582.29219726,92923879.88360927,48721370.41442665
2459406.2083333335,-226089948.70733407,92858351.5389558,48692214.331586055
2459406.25,-226123290.00125706,92792812.87706074,48663052.83861859
2459406.2916666665,-226156606.17030492,92727263.9052241,48633885.93877379
2459406.3333333335,-226189897.2108181,92661704.6307467,48604713.63530159
2459406.375,-226223163.11913928,92596135.06093022,48575535.931452416
2459406.4166666665,-226256403.89161295,92530555.20307699,48546352.83047704
2459406.4583333335,-226289619.52458584,92464965.0644903,48517164.33562669
2459406.5,-226322810.01440662,92399364.65247412,48487970.45015302
2459406.5416666665,-226355975.35742578,92333753.9743333,48458771.17730811
2459406.5833333335,-226389115.54999626,92268133.03737342,48429566.52034441
2459406.625,-226422230.58847263,92202501.84890093,48400356.48251484
2459406.6666666665,-226455320.46921173,92136860.41622302,48371141.06707274
2459406.7083333335,-226488385.18857223,92071208.74664769,48341920.27727185
2459406.75,-226521424.74291503,92005546.84748374,48312694.11636634
2459406.7916666665,-226554439.1286028,91939874.72604078,48283462.5876108
2459406.8333333335,-226587428.34200045,91874192.38962923,48254225.69426024
2459406.875,-226620392.37947488,91808499.84556028,48224983.43957006
2459406.9166666665,-226653331.23739493,91742797.10114591,48195735.82679617
2459406.9583333335,-226686244.91213146,91677084.16369891,48166482.859194756
2459407.0,-226719133.40005746,91611361.0405329,48137224.54002257
2459407.0416666665,-226751996.69754788,91545627.7389622,48107960.872536704
2459407.0833333335,-226784834.80097964,91479884.2663021,48078691.859994665
2459407.125,-226817647.70673177,91414130.62986848,48049417.50565444
2459407.1666666665,-226850435.4111852,91348366.83697815,48020137.81277436
2459407.2083333335,-226883197.9107231,91282592.8949487,47990852.78461325
2459407.25,-226915935.20173043,91216808.81109846,47961562.42443028
2459407.2916666665,-226948647.28059438,91151014.59274662,47932266.735485084
2459407.3333333335,-226981334.14370394,91085210.24721314,47902965.72103773
2459407.375,-227013995.78745034,91019395.78181879,47873659.38434865
2459407.4166666665,-227046632.20822668,90953571.2038851,47844347.72867878
2459407.4583333335,-227079243.40242818,90887736.5207344,47815030.757289365
2459407.5,-227111829.36645195,90821891.73968983,47785708.47344216
2459407.5416666665,-227144390.0966973,90756036.86807539,47756380.8803993
2459407.5833333335,-227176925.58956546,90690171.91321577,47727047.981423356
2459407.625,-227209435.84145966,90624296.88243647,47697709.7797773
2459407.6666666665,-227241920.84878528,90558411.78306386,47668366.27872453
2459407.7083333335,-227274380.60794958,90492516.62242503,47639017.48152887
2459407.75,-227306815.11536196,90426611.40784793,47609663.391454555
2459407.7916666665,-227339224.3674336,90360696.1466612,47580304.01176624
2459407.8333333335,-227371608.36057815,90294770.84619439,47550939.34572899
2459407.875,-227403967.09121087,90228835.51377778,47521569.39660832
2459407.9166666665,-227436300.5557492,90162890.15674244,47492194.16767013
2459407.9583333335,-227468608.75061265,90096934.78242028,47462813.662180744
2459408.0,-227500891.67222264,90030969.39814399,47433427.88340694
2459408.0416666665,-227533149.31700274,89964994.011247,47404036.83461584
2459408.0833333335,-227565381.68137848,89899008.6290636,47374640.51907507
2459408.125,-227597588.76177734,89833013.2589288,47345238.940052606
2459408.1666666665,-227629770.55462897,89767007.90817854,47315832.1008169
2459408.2083333335,-227661927.056365,89700992.58414939,47286420.00463678
2459408.25,-227694058.26341894,89634967.29417883,47257002.6547815
2459408.2916666665,-227726164.1722266,89568932.04560505,47227580.05452073
2459408.3333333335,-227758244.77922553,89502886.84576708,47198152.20712459
2459408.375,-227790300.08085546,89436831.70200476,47168719.11586356
2459408.4166666665,-227822330.07355815,89370766.62165868,47139280.78400861
2459408.4583333335,-227854334.75377727,89304691.61207023,47109837.21483105
2459408.5,-227886314.1179587,89238606.68058161,47080388.41160268
2459408.5416666665,-227918268.16255018,89172511.83453584,47050934.37759566
2459408.5833333335,-227950196.88400152,89106407.08127666,47021475.11608262
2459408.625,-227982100.2787646,89040292.42814861,46992010.63033655
2459408.6666666665,-228013978.34329325,88974167.88249712,46962540.92363091
2459408.7083333335,-228045831.07404342,88908033.45166825,46933065.99923954
2459408.75,-228077658.46747294,88841889.14300902,46903585.860436715
2459408.7916666665,-228109460.5200419,88775734.96386713,46874100.51049713
2459408.8333333335,-228141237.22821215,88709570.92159115,46844609.952695906
2459408.875,-228172988.58844772,88643397.02353033,46815114.190308526
2459408.9166666665,-228204714.5972146,88577213.27703482,46785613.22661098
2459408.9583333335,-228236415.2509809,88511019.68945551,46756107.06487962
2459409.0,-228268090.54621664,88444816.26814412,46726595.7083912
2459409.0416666665,-228299740.4793939,88378603.02045304,46697079.1604229
2459409.0833333335,-228331365.04698685,88312379.95373563,46667557.424252376
2459409.125,-228362964.2454716,88246147.07534593,46638030.50315764
2459409.1666666665,-228394538.07132632,88179904.39263877,46608498.400417104
2459409.2083333335,-228426086.52103123,88113651.91296983,46578961.119309686
2459409.25,-228457609.5910685,88047389.64369549,46549418.663114615
2459409.2916666665,-228489107.27792242,87981117.592173,46519871.03511163
2459409.3333333335,-228520579.57807922,87914835.76576039,46490318.238580786
2459409.375,-228552026.4880273,87848544.17181641,46460760.27680267
2459409.4166666665,-228583448.0042568,87782242.8177007,46431197.15305818
2459409.4583333335,-228614844.12326026,87715931.71077362,46401628.87062871
2459409.5,-228646214.84153196,87649610.85839632,46372055.43279602
2459409.5416666665,-228677560.15556824,87583280.26793079,46342476.842842296
2459409.5833333335,-228708880.0618676,87516939.9467398,46312893.104050174
2459409.625,-228740174.55693048,87450589.90218681,46283304.21970268
2459409.6666666665,-228771443.63725936,87384230.1416362,46253710.19308324
2459409.7083333335,-228802687.29935873,87317860.67245306,46224111.027475715
2459409.75,-228833905.53973517,87251481.50200331,46194506.72616439
2459409.7916666665,-228865098.3548971,87185092.63765365,46164897.29243395
2459409.8333333335,-228896265.74135524,87118694.0867715,46135282.72956951
2459409.875,-228927407.69562206,87052285.85672523,46105663.040856585
2459409.9166666665,-228958524.21421233,86985867.9548838,46076038.22958112
2459409.9583333335,-228989615.29364264,86919440.38861707,46046408.29902947
2459410.0,-229020680.93043166,86853003.16529574,46016773.252488405
2459410.0416666665,-229051721.12110013,86786556.29229115,45987133.09324512
2459410.0833333335,-229082735.8621708,86720099.77697554,45957487.824587196
2459410.125,-229113725.15016836,86653633.62672189,45927837.44980268
2459410.1666666665,-229144688.98161972,86587157.84890403,45898181.972179994
2459410.2083333335,-229175627.35305357,86520672.45089649,45868521.39500798
2459410.25,-229206540.2610008,86454177.44007462,45838855.72157591
2459410.2916666665,-229237427.70199433,86387672.82381454,45809184.95517349
2459410.3333333335,-229268289.67256895,86321158.60949326,45779509.09909077
2459410.375,-229299126.16926172,86254634.8044884,45749828.15661829
2459410.4166666665,-229329937.18861145,86188101.41617855,45720142.131046966
2459410.4583333335,-229360722.7271592,86121558.45194297,45690451.02566815
2459410.5,-229391482.78144795,86055005.91916172,45660754.8437736
2459410.5416666665,-229422217.34802276,85988443.82521567,45631053.58865549
2459410.5833333335,-229452926.42343062,85921872.17748648,45601347.26360639
2459410.625,-229483610.00422072,85855290.98335658,45571635.87191932
2459410.6666666665,-229514268.08694404,85788700.25020918,45541919.41688769
2459410.7083333335,-229544900.66815385,85722099.98542832,45512197.90180534
2459410.75,-229575507.7444052,85655490.19639876,45482471.329966515
2459410.7916666665,-229606089.31225538,85588870.89050607,45452739.704665884
2459410.8333333335,-229636645.36826357,85522242.07513668,45423003.02919851
2459410.875,-229667175.90899098,85455603.75767767,45393261.30685988
2459410.9166666665,-229697680.93100098,85388955.94551703,45363514.54094594
2459410.9583333335,-229728160.4308588,85322298.64604342,45333762.734752975
2459411.0,-229758614.4051318,85255631.86664641,45304005.89157773
2459411.0416666665,-229789042.85038927,85188955.61471623,45274244.01471735
2459411.0833333335,-229819445.76320273,85122269.897644,45244477.10746942
2459411.125,-229849823.1401455,85055574.72282155,45214705.1731319
2459411.1666666665,-229880174.97779307,84988870.09764156,45184928.215003215
2459411.2083333335,-229910501.27272287,84922156.02949744,45155146.23638213
2459411.25,-229940802.02151442,84855432.52578342,45125359.24056789
2459411.2916666665,-229971077.22074926,84788699.59389445,45095567.23086015
2459411.3333333335,-230001326.86701092,84721957.24122636,45065770.21055893
2459411.375,-230031550.956885,84655205.47517571,45035968.18296472
2459411.4166666665,-230061749.48695913,84588444.30313984,45006161.15137838
2459411.4583333335,-230091922.45382294,84521673.73251688,44976349.11910121
2459411.5,-230122069.8540681,84454893.77070579,44946532.08943493
2459411.5416666665,-230152191.6842883,84388104.42510621,44916710.06568165
2459411.5833333335,-230182287.94107926,84321305.70311865,44886883.05114392
2459411.625,-230212358.62103876,84254497.61214441,44857051.049124666
2459411.6666666665,-230242403.72076654,84187680.1595855,44827214.062927276
2459411.7083333335,-230272423.23686442,84120853.35284479,44797372.095855504
2459411.75,-230302417.16593632,84054017.19932589,44767525.151213564
2459411.7916666665,-230332385.50458804,83987171.70643316,44737673.23230606
2459411.8333333335,-230362328.24942756,83920316.88157187,44707816.34243798
2459411.875,-230392245.39706472,83853452.73214792,44677954.48491479
2459411.9166666665,-230422136.94411147,83786579.26556808,44648087.66304232
2459411.9583333335,-230452002.8871819,83719696.48923986,44618215.88012683
2459412.0,-230481843.22289196,83652804.4105716,44588339.139475
2459412.0416666665,-230511657.94785967,83585903.03697242,44558457.44439392
2459412.0833333335,-230541447.05870518,83518992.37585218,44528570.79819108
2459412.125,-230571210.5520505,83452072.43462153,44498679.20417439
2459412.1666666665,-230600948.4245199,83385143.22069192,44468782.665652186
2459412.2083333335,-230630660.67273942,83318204.74147558,44438881.18593319
2459412.25,-230660347.29333735,83251257.00438552,44408974.76832657
2459412.2916666665,-230690008.28294384,83184300.01683553,44379063.41614189
2459412.3333333335,-230719643.63819122,83117333.78624018,44349147.13268912
2459412.375,-230749253.35571373,83050358.32001485,44319225.92127868
2459412.4166666665,-230778837.43214774,82983373.6255756,44289299.785221346
2459412.4583333335,-230808395.86413145,82916379.71033943,44259368.727828346
2459412.5,-230837928.64830542,82849376.58172399,44229432.7524113
2459412.5416666665,-230867435.78131196,82782364.24714775,44199491.86228227
2459412.5833333335,-230896917.25979552,82715342.71403003,44169546.0607537
2459412.625,-230926373.0804026,82648311.98979081,44139595.351138465
2459412.6666666665,-230955803.23978165,82581272.08185093,44109639.73674984
2459412.7083333335,-230985207.7345832,82514222.99763201,44079679.220901534
2459412.75,-231014586.56145987,82447164.74455643,44049713.80690764
2459412.7916666665,-231043939.71706626,82380097.33004731,44019743.49808269
2459412.8333333335,-231073267.19805887,82313020.76152863,43989768.2977416
2459412.875,-231102569.0010965,82245935.04642512,43959788.209199734
2459412.9166666665,-231131845.12283972,82178840.19216226,43929803.23577285
2459412.9583333335,-231161095.55995136,82111736.20616636,43899813.3807771
2459413.0,-231190320.30909604,82044623.09586444,43869818.64752907
2459413.0416666665,-231219519.36694065,81977500.86868441,43839819.03934577
2459413.0833333335,-231248692.73015392,81910369.53205486,43809814.55954461
2459413.125,-231277840.39540675,81843229.09340517,43779805.211443365
2459413.1666666665,-231306962.359372,81776079.56016554,43749790.998360336
2459413.2083333335,-231336058.61872458,81708920.93976694,43719771.92361411
2459413.25,-231365129.1701414,81641753.23964113,43689747.99052377
2459413.2916666665,-231394174.0103014,81574576.46722059,43659719.202408776
2459413.3333333335,-231423193.1358857,81507390.62993865,43629685.56258902
2459413.375,-231452186.5435772,81440195.73522937,43599647.07438478
2459413.4166666665,-231481154.23006108,81372991.79052766,43569603.74111676
2459413.4583333335,-231510096.19202435,81305778.80326907,43539555.56610607
2459413.5,-231539012.4261562,81238556.78089008,43509502.552674286
2459413.5416666665,-231567902.92914778,81171325.73082787,43479444.70414329
2459413.5833333335,-231596767.69769225,81104085.66052042,43449382.02383545
2459413.625,-231625606.72848484,81036836.57740644,43419314.51507354
2459413.6666666665,-231654420.01822287,80969578.48892553,43389242.18118072
2459413.7083333335,-231683207.56360558,80902311.40251796,43359165.0254806
2459413.75,-231711969.36133438,80835035.32562482,43329083.05129717
2459413.7916666665,-231740705.4081125,80767750.26568797,43298996.261954814
2459413.8333333335,-231769415.7006454,80700456.23015007,43268904.66077839
2459413.875,-231798100.23564053,80633153.2264545,43238808.25109312
2459413.9166666665,-231826759.0098073,80565841.2620455,43208707.03622464
2459413.9583333335,-231855392.01985723,80498520.34436806,43178601.019499004
2459414.0,-231883999.26250392,80431190.48086789,43148490.2042427
2459414.0416666665,-231912580.73446277,80363851.67899156,43118374.59378259
2459414.0833333335,-231941136.43245152,80296503.94618633,43088254.19144596
2459414.125,-231969666.3531897,80229147.28990033,43058129.00056053
2459414.1666666665,-231998170.49339902,80161781.7175824,43027999.02445441
2459414.2083333335,-232026648.84980318,80094407.2366822,42997864.2664561
2459414.25,-232055101.41912788,80027023.85465015,42967724.72989455
2459414.2916666665,-232083528.19810092,79959631.57893743,42937580.41809912
2459414.3333333335,-232111929.18345207,79892230.41699602,42907431.33439954
2459414.375,-232140304.3719131,79824820.37627865,42877277.48212602
2459414.4166666665,-232168653.76021808,79757401.46423887,42847118.86460909
2459414.4583333335,-232196977.34510273,79689973.68833095,42816955.48517978
2459414.5,-232225275.12330502,79622537.05601001,42786787.34716947
2459414.5416666665,-232253547.09156495,79555091.57473186,42756614.45390996
2459414.5833333335,-232281793.2466245,79487637.25195317,42726436.80873351
2459414.625,-232310013.58522773,79420174.09513132,42696254.41497272
2459414.6666666665,-232338208.1041208,79352702.1117245,42666067.27596066
2459414.7083333335,-232366376.8000517,79285221.30919169,42635875.395030774
2459414.75,-232394519.66977054,79217731.69499262,42605678.77551692
2459414.7916666665,-232422636.7100296,79150233.27658775,42575477.4207534
2459414.8333333335,-232450727.91758314,79082726.06143844,42545271.33407486
2459414.875,-232478793.2891873,79015210.05700672,42515060.518816434
2459414.9166666665,-232506832.8216004,78947685.27075537,42484844.97831362
2459414.9583333335,-232534846.51158288,78880151.7101481,42454624.715902336
2459415.0,-232562834.35589695,78812609.38264924,42424399.7349189
2459415.0416666665,-232590796.3513071,78745058.29572396,42394170.03870007
2459415.0833333335,-232618732.49457967,78677498.45683822,42363935.63058298
2459415.125,-232646642.78248322,78609929.87345871,42333696.51390521
2459415.1666666665,-232674527.21178824,78542352.55305293,42303452.69200471
2459415.2083333335,-232702385.77926725,78474766.50308913,42273204.16821988
2459415.25,-232730218.48169488,78407171.73103638,42242950.945889495
2459415.2916666665,-232758025.31584764,78339568.24436449,42212693.028352775
2459415.3333333335,-232785806.2785043,78271956.05054398,42182430.4189493
2459415.375,-232813561.36644554,78204335.15704626,42152163.121019125
2459415.4166666665,-232841290.576454,78136705.5713435,42121891.13790267
2459415.4583333335,-232868993.90531453,78069067.30090857,42091614.47294077
2459415.5,-232896671.34981385,78001420.35321514,42061333.129474685
2459415.5416666665,-232924322.9067409,77933764.73573771,42031047.11084608
2459415.5833333335,-232951948.5728865,77866100.45595148,42000756.42039701
2459415.625,-232979548.34504357,77798427.52133247,41970461.06146997
2459415.6666666665,-233007122.2200071,77730745.93935746,41940161.03740786
2459415.7083333335,-233034670.194574,77663055.71750401,41909856.35155397
2459415.75,-233062192.26554337,77595356.86325045,41879547.007252
2459415.7916666665,-233089688.42971626,77527649.38407585,41849233.00784609
2459415.8333333335,-233117158.68389577,77459933.2874601,41818914.35668076
2459415.875,-233144603.02488703,77392208.58088388,41788591.05710096
2459415.9166666665,-233172021.44949728,77324475.27182856,41758263.11245203
2459415.9583333335,-233199413.95453572,77256733.36777638,41727930.52607973
2459416.0,-233226780.53681353,77188982.87621026,41697593.30133023
2459416.0416666665,-233254121.19314414,77121223.804614,41667251.44155012
2459416.0833333335,-233281435.92034274,77053456.16047204,41636904.95008637
2459416.125,-233308724.71522683,76985679.95126973,41606553.8302864
2459416.1666666665,-233335987.5746158,76917895.1844931,41576198.08549799
2459416.2083333335,-233363224.4953311,76850101.867629,41545837.71906938
2459416.25,-233390435.4741962,76782300.008165,41515472.73434917
2459416.2916666665,-233417620.50803664,76714489.61358953,41485103.134686425
2459416.3333333335,-233444779.59368002,76646670.69139166,41454728.92343056
2459416.375,-233471912.72795597,76578843.24906136,41424350.103931464
2459416.4166666665,-233499019.90769613,76511007.29408933,41393966.67953935
2459416.4583333335,-233526101.12973413,76443162.83396702,41363578.65360494
2459416.5,-233553156.39090586,76375309.87618667,41333186.02947929
2459416.5416666665,-233580185.6880489,76307448.42824127,41302788.810513884
2459416.5833333335,-233607189.0180032,76239578.49762462,41272387.000060625
2459416.625,-233634166.3776106,76171700.09183128,41241980.601471834
2459416.6666666665,-233661117.763715,76103813.21835655,41211569.61810022
2459416.7083333335,-233688043.17316234,76035917.88469654,41181154.053298905
2459416.75,-233714942.60280052,75968014.09834813,41150733.91042142
2459416.7916666665,-233741816.04947966,75900101.86680892,41120309.192821726
2459416.8333333335,-233768663.51005182,75832181.19757734,41089879.90385416
2459416.875,-233795484.981371,75764252.09815256,41059446.046873495
2459416.9166666665,-233822280.46029347,75696314.57603453,41029007.62523488
2459416.9583333335,-233849049.9436774,75628368.638724,40998564.64229392
2459417.0,-233875793.42838296,75560414.29372245,40968117.10140658
2459417.0416666665,-233902510.9112725,75492451.54853208,40937665.00592928
2459417.0833333335,-233929202.38921025,75424480.41065603,40907208.359218806
2459417.125,-233955867.85906258,75356500.88759805,40876747.164632365
2459417.1666666665,-233982507.31769794,75288512.98686272,40846281.425527595
2459417.2083333335,-234009120.76198676,75220516.71595536,40815811.14526252
2459417.25,-234035708.18880153,75152512.0823821,40785336.32719558
2459417.2916666665,-234062269.59501675,75084499.09364983,40754856.9746856
2459417.3333333335,-234088804.97750902,75016477.75726624,40724373.091091886
2459417.375,-234115314.33315694,74948448.08073968,40693884.67977405
2459417.4166666665,-234141797.6588411,74880410.07157941,40663391.74409219
2459417.4583333335,-234168254.95144433,74812363.73729537,40632894.287406795
2459417.5,-234194686.20785135,74744309.08539829,40602392.313078724
2459417.5416666665,-234221091.42494884,74676246.12339966,40571885.82446929
2459417.5833333335,-234247470.5996257,74608174.85881178,40541374.824940205
2459417.625,-234273823.72877285,74540095.2991477,40510859.31785357
2459417.6666666665,-234300150.80928314,74472007.45192121,40480339.306571916
2459417.7083333335,-234326451.8380516,74403911.32464689,40449814.79445816
2459417.75,-234352726.81197518,74335806.9248401,40419285.784875646
2459417.7916666665,-234378975.727953,74267694.26001695,40388752.281188115
2459417.8333333335,-234405198.58288607,74199573.33769433,40358214.28675972
2459417.875,-234431395.3736776,74131444.16538988,40327671.80495502
2459417.9166666665,-234457566.09723276,74063306.75062208,40297124.83913901
2459417.9583333335,-234483710.7504588,73995161.10091007,40266573.39267702
2459418.0,-234509829.33026496,73927007.22377382,40236017.46893486
2459418.0416666665,-234535921.83356258,73858845.12673408,40205457.071278736
2459418.0833333335,-234561988.2572651,73790674.81731233,40174892.20307521
2459418.125,-234588028.59828788,73722496.30303086,40144322.86769133
2459418.1666666665,-234614042.85354832,73654309.59141268,40113749.068494484
2459418.2083333335,-234640031.019966,73586114.6899816,40083170.8088525
2459418.25,-234665993.0944625,73517911.6062622,40052588.09213361
2459418.2916666665,-234691929.07396135,73449700.34777981,40022000.92170645
2459418.3333333335,-234717838.9553883,73381480.92206055,39991409.300940074
2459418.375,-234743722.7356709,73313253.33663127,39960813.23320392
2459418.4166666665,-234769580.41173905,73245017.59901963,39930212.72186786
2459418.4583333335,-234795411.9805244,73176773.71675402,39899607.770302154
2459418.5,-234821217.43896085,73108521.69736363,39868998.381877474
2459418.5416666665,-234846996.7839843,73040261.54837841,39838384.55996491
2459418.5833333335,-234872750.01253268,72971993.27732907,39807766.307935946
2459418.625,-234898477.1215459,72903716.89174707,39777143.62916247
2459418.6666666665,-234924178.1079661,72835432.39916468,39746516.5270168
2459418.7083333335,-234949852.96873724,72767139.80711484,39715885.004871644
2459418.75,-234975501.70080554,72698839.12313142,39685249.06610011
2459418.7916666665,-235001124.30111906,72630530.35474893,39654608.71407573
2459418.8333333335,-235026720.76662815,72562213.50950266,39623963.95217243
2459418.875,-235052291.09428498,72493888.59492871,39593314.78376455
2459418.9166666665,-235077835.28104386,72425555.61856394,39562661.21222683
2459418.9583333335,-235103353.32386127,72357214.58794591,39532003.24093445
2459419.0,-235128845.2196955,72288865.510613,39501340.873262934
2459419.0416666665,-235154310.9655071,72220508.39410438,39470674.11258827
2459419.0833333335,-235179750.55825847,72152143.24595997,39440002.96228682
2459419.125,-235205163.99491435,72083770.0737204,39409327.42573537
2459419.1666666665,-235230551.2724412,72015388.88492714,39378647.50631109
2459419.2083333335,-235255912.38780776,71946999.68712239,39347963.20739158
2459419.25,-235281247.3379847,71878602.4878491,39317274.53235486
2459419.2916666665,-235306556.1199448,71810197.29465103,39286581.48457931
2459419.3333333335,-235331838.73066288,71741784.11507265,39255884.06744376
2459419.375,-235357095.1671158,71673362.95665924,39225182.28432742
2459419.4166666665,-235382325.42628247,71604933.82695685,39194476.1386099
2459419.4583333335,-235407529.50514385,71536496.73351225,39163765.633671254
2459419.5,-235432707.40068305,71468051.68387301,39133050.77289193
2459419.5416666665,-235457859.10988495,71399598.68558744,39102331.559652746
2459419.5833333335,-235482984.62973687,71331137.74620466,39071607.99733495
2459419.625,-235508083.9572278,71262668.87327449,39040880.08932022
2459419.6666666665,-235533157.0893491,71194192.07434759,39010147.83899061
2459419.7083333335,-235558204.02309397,71125707.35697527,38979411.24972859
2459419.75,-235583224.7554578,71057214.72870974,38948670.32491703
2459419.7916666665,-235608219.28343785,70988714.1971039,38917925.067939214
2459419.8333333335,-235633187.60403368,70920205.76971142,38887175.48217884
2459419.875,-235658129.71424672,70851689.4540867,38856421.57101998
2459419.9166666665,-235683045.61108056,70783165.25778502,38825663.33784714
2459419.9583333335,-235707935.29154065,70714633.18836227,38794900.78604523
2459420.0,-235732798.75263473,70646093.25337522,38764133.91899958
2459420.0416666665,-235757635.9913726,70577545.46038134,38733362.74009587
2459420.0833333335,-235782447.00476578,70508989.81693892,38702587.252720244
2459420.125,-235807231.7898282,70440426.33060697,38671807.46025923
2459420.1666666665,-235831990.34357578,70371855.00894523,38641023.36609975
2459420.2083333335,-235856722.66302627,70303275.8595143,38610234.97362915
2459420.25,-235881428.7451998,70234688.88987544,38579442.28623519
2459420.2916666665,-235906108.58711827,70166094.10759075,38548645.30730599
2459420.3333333335,-235930762.18580586,70097491.52022307,38517844.040230125
2459420.375,-235955389.53828856,70028881.13533597,38487038.48839656
2459420.4166666665,-235979990.64159462,69960262.96049383,38456228.65519467
2459420.4583333335,-236004565.49275434,69891637.00326174,38425414.544014186
2459420.5,-236029114.08879986,69823003.27120562,38394596.15824533
2459420.5416666665,-236053636.4267657,69754361.7718921,38363773.50127866
2459420.5833333335,-236078132.50368816,69685712.51288858,38332946.57650518
2459420.625,-236102602.31660578,69617055.50176325,38302115.38731627
2459420.6666666665,-236127045.86255896,69548390.74608502,38271279.93710374
2459420.7083333335,-236151463.13859037,69479718.25342359,38240440.22925979
2459420.75,-236175854.14174455,69411038.0313494,38209596.26717702
2459420.7916666665,-236200218.8690683,69342350.08743368,38178748.05424845
2459420.8333333335,-236224557.31761026,69273654.42924841,38147895.59386752
2459420.875,-236248869.48442125,69204951.06436631,38117038.889428005
2459420.9166666665,-236273155.3665541,69136240.0003609,38086177.94432418
2459420.9583333335,-236297414.96106383,69067521.24480642,38055312.76195065
2459421.0,-236321648.26500732,68998794.8052779,38024443.34570247
2459421.0416666665,-236345855.2754436,68930060.68935113,37993569.69897507
2459421.0833333335,-236370035.9894337,68861318.90460263,37962691.82516432
2459421.125,-236394190.40404087,68792569.45860973,37931809.72766643
2459421.1666666665,-236418318.51633024,68723812.35895047,37900923.4098781
2459421.2083333335,-236442420.32336912,68655047.61320367,37870032.87519637
2459421.25,-236466495.82222673,68586275.22894894,37839138.127018705
2459421.2916666665,-236490545.00997457,68517495.21376659,37808239.168742985
2459421.3333333335,-236514567.883686,68448707.57523775,37777336.00376748
2459421.375,-236538564.4404365,68379912.32094428,37746428.63549087
2459421.4166666665,-236562534.6773036,68311109.45846878,37715517.06731223
2459421.4583333335,-236586478.59136698,68242298.99539465,37684601.30263108
2459421.5,-236610396.17970827,68173480.93930602,37653681.34484727
2459421.5416666665,-236634287.43941125,68104655.29778783,37622757.19736112
2459421.5833333335,-236658152.36756158,68035822.07842569,37591828.863573305
2459421.625,-236681990.96124724,67966981.28880604,37560896.34688497
2459421.6666666665,-236705803.21755806,67898132.93651606,37529959.650697604
2459421.7083333335,-236729589.13358602,67829277.02914368,37499018.77841311
2459421.75,-236753348.7064252,67760413.57427761,37468073.73343381
2459421.7916666665,-236777081.9331716,67691542.57950729,37437124.51916243
2459421.8333333335,-236800788.81092343,67622664.05242294,37406171.13900211
2459421.875,-236824469.33678088,67553778.00061555,37375213.59635633
2459421.9166666665,-236848123.50784627,67484884.4316768,37344251.89462906
2459421.9583333335,-236871751.32122388,67415983.35319924,37313286.03722463
2459422.0,-236895352.7740201,67347074.77277605,37282316.02754777
2459422.0416666665,-236918927.86334342,67278158.6980013,37251341.86900364
2459422.0833333335,-236942476.58630434,67209235.1364697,37220363.564997755
2459422.125,-236965998.94001544,67140304.0957768,37189381.11893611
2459422.1666666665,-236989494.92159137,67071365.58351887,37158394.53422502
2459422.2083333335,-237012964.52814883,67002419.60729292,37127403.81427125
2459422.25,-237036407.75680655,66933466.17469678,37096408.96248197
2459422.2916666665,-237059824.6046854,66864505.29332898,37065409.982264735
2459422.3333333335,-237083215.0689083,66795536.97078882,37034406.87702751
2459422.375,-237106579.14660022,66726561.21467637,37003399.65017867
2459422.4166666665,-237129916.83488804,66657578.03259246,36972388.305126995
2459422.4583333335,-237153228.13090098,66588587.432138674,36941372.84528165
2459422.5,-237176513.03177014,66519589.4209173,36910353.274052225
2459422.5416666665,-237199771.53462878,66450584.00653147,36879329.59484868
2459422.5833333335,-237223003.63661206,66381571.19658502,36848301.811081424
2459422.625,-237246209.33485743,66312550.99868254,36817269.92616122
2459422.6666666665,-237269388.62650424,66243523.42042941,36786233.943499304
2459422.7083333335,-237292541.50869396,66174488.46943172,36755193.866507225
2459422.75,-237315667.9785701,66105446.15329636,36724149.69859701
2459422.7916666665,-237338768.03327838,66036396.47963094,36693101.443181016
2459422.8333333335,-237361841.66996628,65967339.456043854,36662049.10367209
2459422.875,-237384888.88578367,65898275.09014423,36630992.68348342
2459422.9166666665,-237407909.6778823,65829203.389541976,36599932.18602861
2459422.9583333335,-237430904.04341602,65760124.36184771,36568867.61472167
2459423.0,-237453871.9795407,65691038.014672875,36537798.97297701
2459423.0416666665,-237476813.48341444,65621944.35562959,36506726.26420946
2459423.0833333335,-237499728.55219725,65552843.3923308,36475649.491834216
2459423.125,-237522617.18305123,65483735.13239016,36444568.65926692
2459423.1666666665,-237545479.3731406,65414619.583422065,36413483.76992357
2459423.2083333335,-237568315.1196316,65345496.753041744,36382394.827220604
2459423.25,-237591124.41969252,65276366.64886509,36351301.83457484
2459423.2916666665,-237613907.27049387,65207229.2785088,36320204.79540352
2459423.3333333335,-237636663.669208,65138084.649590306,36289103.71312425
2459423.375,-237659393.61300942,65068932.769727826,36257998.59115509
2459423.4166666665,-237682097.09907484,64999773.646540284,36226889.43291445
2459423.4583333335,-237704774.12458274,64930607.28764738,36195776.24182118
2459423.5,-237727424.68671405,64861433.7006696,36164659.02129452
2459423.5416666665,-237750048.78265148,64792252.89322809,36133537.77475409
2459423.5833333335,-237772646.40957987,64723064.872944884,36102412.50561995
2459423.625,-237795217.5646862,64653869.64744264,36071283.21731254
2459423.6666666665,-237817762.24515945,64584667.22434486,36040149.913252704
2459423.7083333335,-237840280.44819066,64515457.61127577,36009012.596861675
2459423.75,-237862772.170973,64446240.815860316,35977871.27156112
2459423.7916666665,-237885237.41070175,64377016.84572424,35946725.940773085
2459423.8333333335,-237907676.1645741,64307785.70849402,35915576.60792001
2459423.875,-237930088.42978942,64238547.41179689,35884423.27642475
2459423.9166666665,-237952474.20354915,64169301.96326083,35853265.94971057
2459423.9583333335,-237974833.48305678,64100049.37051459,35822104.63120112
2459424.0,-237997166.26551783,64030789.64118764,35790939.32432044
2459424.0416666665,-238019472.54814002,63961522.782910235,35759770.032493
2459424.0833333335,-238041752.32813296,63892248.80331337,35728596.75914367
2459424.125,-238064005.6027085,63822967.710028775,35697419.50769769
2459424.1666666665,-238086232.36908036,63753679.51068896,35666238.28158072
2459424.2083333335,-238108432.62446457,63684384.21292717,35635053.08421884
2459424.25,-238130606.36607912,63615081.8243774,35603863.91903849
2459424.2916666665,-238152753.591144,63545772.35267441,35572670.78946655
2459424.3333333335,-238174874.29688135,63476455.80545369,35541473.698930286
2459424.375,-238196968.48051542,63407132.1903515,35510272.650857344
2459424.4166666665,-238219036.13927245,63337801.51500486,35479067.6486758
2459424.4583333335,-238241077.2703808,63268463.78705149,35447858.69581413
2459424.5,-238263091.8710709,63199119.01412993,35416645.79570118
2459424.5416666665,-238285079.93857518,63129767.20387941,35385428.95176624
2459424.5833333335,-238307041.47012824,63060408.36393993,35354208.167438954
2459424.625,-238328976.46296674,62991042.501952276,35322983.446149394
2459424.6666666665,-238350884.91432935,62921669.62555793,35291754.79132805
2459424.7083333335,-238372766.8214569,62852289.74239916,35260522.20640576
2459424.75,-238394622.18159226,62782902.86011897,35229285.69481381
2459424.7916666665,-238416450.99198025,62713508.986361094,35198045.25998386
2459424.8333333335,-238438253.249868,62644108.128770076,35166800.905347995
2459424.875,-238460028.9525045,62574700.29499115,35135552.63433868
2459424.9166666665,-238481778.097141,62505285.49267031,35104300.45038876
2459424.9583333335,-238503500.6810306,62435863.72945432,35073044.35693154
2459425.0,-238525196.70142877,62366435.012990706,35041784.35740066
2459425.0416666665,-238546866.1555927,62296999.350927696,35010520.45523021
2459425.0833333335,-238568509.040782,62227556.75091427,34979252.65385465
2459425.125,-238590125.35425806,62158107.22060022,34947980.95670885
2459425.1666666665,-238611715.0932846,62088650.76763602,34916705.36722807
2459425.2083333335,-238633278.25512728,62019187.399672925,34885425.888847984
2459425.25,-238654814.83705384,61949717.12436293,34854142.52500467
2459425.2916666665,-238676324.83633405,61880239.94935877,34822855.27913459
2459425.3333333335,-238697808.2502399,61810755.882313944,34791564.1546746
2459425.375,-238719265.0760453,61741264.93088268,34760269.155061975
2459425.4166666665,-238740695.31102642,61671767.102719985,34728970.28373438
2459425.4583333335,-238762098.95246127,61602262.40548156,34697667.544129886
2459425.5,-238783475.99763018,61532750.84682393,34666360.93968694
2459425.5416666665,-238804826.44381535,61463232.4344043,34635050.47384443
2459425.5833333335,-238826150.28830123,61393707.175880656,34603736.150041595
2459425.625,-238847447.52837417,61324175.07891172,34572417.97171812
2459425.6666666665,-238868718.16132277,61254636.151156954,34541095.94231404
2459425.7083333335,-238889962.18443757,61185090.400276594,34509770.065269835
2459425.75,-238911179.59501132,61115537.83393158,34478440.344026364
2459425.7916666665,-238932370.39033875,61045978.45978365,34447106.782024875
2459425.8333333335,-238953534.56771663,60976412.28549526,34415769.382707015
2459425.875,-238974672.12444395,60906839.318729594,34384428.14951487
2459425.9166666665,-238995783.05782175,60837259.56715062,34353083.08589088
2459425.9583333335,-239016867.36515298,60767673.038423054,34321734.19527788
2459426.0,-239037925.04374292,60698079.7402123,34290381.48111915
2459426.0416666665,-239058956.09089866,60628479.68018457,34259024.946858324
2459426.0833333335,-239079960.50392962,60558872.86600679,34227664.59593945
2459426.125,-239100938.28014714,60489259.305346675,34196300.43180699
2459426.1666666665,-239121889.41686472,60419639.0058726,34164932.45790577
2459426.2083333335,-239142813.91139787,60350011.97525377,34133560.67768106
2459426.25,-239163711.76106426,60280378.221160084,34102185.09457846
2459426.2916666665,-239184582.96318358,60210737.75126223,34070805.71204406
2459426.3333333335,-239205427.51507765,60141090.57323161,34039422.53352427
2459426.375,-239226245.41407034,60071436.69474036,34008035.562465936
2459426.4166666665,-239247036.65748754,60001776.12346139,33976644.802316286
2459426.4583333335,-239267801.2426574,59932108.86706833,33945250.25652295
2459426.5,-239288539.16690987,59862434.9332356,33913851.92853399
2459426.5416666665,-239309250.4275773,59792754.32963829,33882449.821797796
2459426.5833333335,-239329935.02199394,59723067.06395231,33851043.939763226
2459426.625,-239350592.94749612,59653373.14385425,33819634.285879485
2459426.6666666665,-239371224.20142227,59583672.577021495,33788220.86359619
2459426.7083333335,-239391828.78111294,59513965.37113216,33756803.67636339
2459426.75,-239412406.68391073,59444251.53386508,33725382.72763149
2459426.7916666665,-239432957.9071604,59374531.07289985,33693958.020851284
2459426.8333333335,-239453482.44820863,59304803.99591681,33662529.55947402
2459426.875,-239473980.3044043,59235070.310597055,33631097.3469513
2459426.9166666665,-239494451.4730984,59165330.02462242,33599661.38673512
2459426.9583333335,-239514895.95164388,59095583.14567544,33568221.68227787
2459427.0,-239535313.73739594,59025829.681439474,33536778.237032413
2459427.0416666665,-239555704.82771164,58956069.63959852,33505331.05445189
2459427.0833333335,-239576069.21995038,58886303.02783742,33473880.13798992
2459427.125,-239596406.9114735,58816529.8538417,33442425.491100512
2459427.1666666665,-239616717.89964443,58746750.12529764,33410967.117238037
2459427.2083333335,-239637002.18182865,58676963.84989228,33379505.01985729
2459427.25,-239657259.7553939,58607171.03531338,33348039.202413466
2459427.2916666665,-239677490.6177097,58537371.68924946,33316569.668362144
2459427.3333333335,-239697694.76614797,58467565.81938975,33285096.421159297
2459427.375,-239717872.19808254,58397753.433424264,33253619.464261316
2459427.4166666665,-239738022.9108894,58327934.53904373,33222138.801124964
2459427.4583333335,-239758146.90194654,58258109.14393965,33190654.43520741
