2460806.5,-97394742.3841205,-107253610.9374502,-46465374.26824383
2460806.5416666665,-97314004.97957093,-107316928.027783,-46492822.45629461
2460806.5833333335,-97233219.39380647,-107380191.95815869,-46520247.60075073
2460806.625,-97152385.67025301,-107443402.69712162,-46547649.687976524
2460806.6666666665,-97071503.84966122,-107506560.2153556,-46575028.70526376
2460806.7083333335,-96990573.97280051,-107569664.48356952,-46602384.6399151
2460806.75,-96909596.08316286,-107632715.47039369,-46629717.478332125
2460806.7916666665,-96828570.22156005,-107695713.14659253,-46657027.20784157
2460806.8333333335,-96747496.4288226,-107758657.48295559,-46684313.81578103
2460806.875,-96666374.74850829,-107821548.44819923,-46711577.288589396
2460806.9166666665,-96585205.22148988,-107884386.01316859,-46738817.61362839
2460806.9583333335,-96503987.88865878,-107947170.14873397,-46766034.778270625
2460807.0,-96422722.7936384,-108009900.82369787,-46793228.76899231
2460807.0416666665,-96341409.97736223,-108072578.00898623,-46820399.573190205
2460807.0833333335,-96260049.48078245,-108135201.67555021,-46847547.178271964
2460807.125,-96178641.34758785,-108197771.79227851,-46874671.570751175
2460807.1666666665,-96097185.61877255,-108260288.33017804,-46901772.73805968
2460807.2083333335,-96015682.3353492,-108322751.26028085,-46928850.667640194
2460807.25,-95934131.54107185,-108385160.55156198,-46955905.34604375
2460807.2916666665,-95852533.27699497,-108447516.17510933,-46982936.76073728
2460807.3333333335,-95770887.58419158,-108509818.102036,-47009944.899198644
2460807.375,-95689194.50648071,-108572066.30140345,-47036929.74801632
2460807.4166666665,-95607454.08497709,-108634260.74438065,-47063891.29469239
2460807.4583333335,-95525666.36081384,-108696401.40216185,-47090829.52673988
2460807.5,-95443831.37787485,-108758488.24389502,-47117744.430784784
2460807.5416666665,-95361949.17733482,-108820521.24083033,-47144635.99436436
2460807.5833333335,-95280019.80038685,-108882500.3642432,-47171504.205026835
2460807.625,-95198043.29097944,-108944425.58336824,-47198349.04943576
2460807.6666666665,-95116019.69034714,-109006296.8695369,-47225170.515163615
2460807.7083333335,-95033949.03974278,-109068114.1941059,-47251968.589793876
2460807.75,-94951831.38317929,-109129877.52639659,-47278743.26002767
2460807.7916666665,-94869666.76195087,-109191586.83782174,-47305494.51347276
2460807.8333333335,-94787455.21736991,-109253242.09981945,-47332222.33774789
2460807.875,-94705196.79351358,-109314843.28179793,-47358926.71959181
2460807.9166666665,-94622891.53173548,-109376390.35525139,-47385607.6466476
2460807.9583333335,-94540539.47340745,-109437883.2916994,-47412265.10656932
2460808.0,-94458140.66267064,-109499322.06063706,-47438899.08613341
2460808.0416666665,-94375695.14093791,-109560706.63364016,-47465509.573018275
2460808.0833333335,-94293202.9496403,-109622036.9823098,-47492096.55491333
2460808.125,-94210664.13298276,-109683313.07622814,-47518660.01863273
2460808.1666666665,-94128078.73243725,-109744534.88705255,-47545199.951890275
2460808.2083333335,-94045446.7894938,-109805702.3864658,-47571716.342410766
2460808.25,-93962768.34842098,-109866815.54413715,-47598209.17704612
2460808.2916666665,-93880043.45074962,-109927874.33180569,-47624678.44354554
2460808.3333333335,-93797272.13802856,-109988878.72123593,-47651124.12966928
2460808.375,-93714454.4545898,-110049828.68218434,-47677546.22230705
2460808.4166666665,-93631590.44202285,-110110724.1864718,-47703944.70924352
2460808.4583333335,-93548680.1419352,-110171565.20594466,-47730319.578274384
2460808.5,-93465723.59872203,-110232351.71044669,-47756670.81632722
2460808.5416666665,-93382720.85403135,-110293083.67188063,-47782998.41122219
2460808.5833333335,-93299671.9495291,-110353761.06217477,-47809302.350790486
2460808.625,-93216576.92967348,-110414383.85126027,-47835582.62199757
2460808.6666666665,-93133435.83617081,-110474952.01112187,-47861839.21269914
2460808.7083333335,-93050248.71074525,-110535465.5137698,-47888072.110761926
2460808.75,-92967015.59791782,-110595924.32922277,-47914281.30318933
2460808.7916666665,-92883736.53945296,-110656328.42954755,-47940466.7778726
2460808.8333333335,-92800411.57713291,-110716677.78683648,-47966628.52271407
2460808.875,-92717040.75554127,-110776972.37119581,-47992766.52475508
2460808.9166666665,-92633624.11650041,-110837212.15477449,-48018880.771922514
2460808.9583333335,-92550161.70185044,-110897397.10974704,-48044971.2521543
2460809.0,-92466653.55623737,-110957527.20630737,-48071037.952529795
2460809.0416666665,-92383099.72154132,-111017602.41668665,-48097080.86101152
2460809.0833333335,-92299500.23966005,-111077622.71314168,-48123099.965573065
2460809.125,-92215855.1553018,-111137588.06595415,-48149095.25333184
2460809.1666666665,-92132164.5104042,-111197498.44743754,-48175066.712286025
2460809.2083333335,-92048428.34692256,-111257353.82993096,-48201014.330444925
2460809.25,-91964646.70962706,-111317154.183804,-48226938.09496403
2460809.2916666665,-91880819.64051272,-111376899.48145255,-48252837.99387724
2460809.3333333335,-91796947.18159214,-111436589.69529812,-48278714.015229575
2460809.375,-91713029.37769729,-111496224.79579826,-48304566.146214664
2460809.4166666665,-91629066.27088036,-111555804.75543135,-48330394.37490216
2460809.4583333335,-91545057.90321106,-111615329.54670142,-48356198.689372845
2460809.5,-91461004.31958294,-111674799.14015408,-48381979.07685851
2460809.5416666665,-91376905.5621052,-111734213.50835024,-48407735.52546462
2460809.5833333335,-91292761.67290445,-111793572.62387656,-48433468.02330773
2460809.625,-91208572.69693564,-111852876.45736678,-48459176.55765787
2460809.6666666665,-91124338.67636472,-111912124.98146448,-48484861.116656296
2460809.7083333335,-91040059.65337507,-111971318.16883896,-48510521.688455425
2460809.75,-90955735.67298281,-112030455.99021223,-48536158.26036353
2460809.7916666665,-90871366.77741049,-112089538.41831061,-48561770.82055772
2460809.8333333335,-90786953.00889803,-112148565.42588612,-48587359.3572263
2460809.875,-90702494.41252251,-112207536.98374915,-48612923.857715815
2460809.9166666665,-90617991.03056292,-112266453.06470878,-48638464.310239285
2460809.9583333335,-90533442.90531552,-112325313.64159992,-48663980.70302092
2460810.0,-90448850.08191814,-112384118.68532135,-48689473.02344559
2460810.0416666665,-90364212.60270602,-112442868.16876507,-48714941.25976225
2460810.0833333335,-90279530.51003155,-112501562.06484891,-48740385.400231056
2460810.125,-90194803.84909317,-112560200.34456015,-48765805.432275236
2460810.1666666665,-90110032.66228212,-112618782.9808738,-48791201.34417972
2460810.2083333335,-90025216.99200676,-112677309.94679065,-48816573.124240644
2460810.25,-89940356.88352591,-112735781.21338661,-48841920.75991965
2460810.2916666665,-89855452.37928663,-112794196.75371973,-48867244.239537664
2460810.3333333335,-89770503.52175307,-112852556.54087394,-48892543.551426835
2460810.375,-89685510.3562442,-112910860.5460138,-48917818.68308725
2460810.4166666665,-89600472.92526275,-112969108.74228051,-48943069.622875884
2460810.4583333335,-89515391.27132843,-113027301.10284117,-48968296.35916092
2460810.5,-89430265.4398202,-113085437.59894912,-48993498.87948095
2460810.5416666665,-89345095.4732962,-113143518.2038288,-49018677.17222901
2460810.5833333335,-89259881.41433159,-113201542.89073053,-49043831.225809366
2460810.625,-89174623.30836503,-113259511.63099653,-49068961.02779914
2460810.6666666665,-89089321.19800997,-113317424.39793456,-49094066.566627465
2460810.7083333335,-89003975.12589677,-113375281.16487825,-49119147.83073475
2460810.75,-88918585.13752362,-113433081.9032588,-49144204.80773666
2460810.7916666665,-88833151.27555905,-113490826.58646734,-49169237.486098476
2460810.8333333335,-88747673.58268845,-113548515.18792093,-49194245.854296766
2460810.875,-88662152.10446933,-113606147.6791398,-49219229.89998578
2460810.9166666665,-88576586.88362512,-113663724.03359853,-49244189.61166701
2460810.9583333335,-88490977.96289603,-113721244.22479768,-49269124.97785318
2460811.0,-88405325.38789871,-113778708.22434664,-49294035.98623719
2460811.0416666665,-88319629.2014113,-113836116.00580351,-49318922.62535674
2460811.0833333335,-88233889.44622861,-113893467.54275241,-49343784.88376079
2460811.125,-88148106.16802625,-113950762.80689198,-49368622.749180906
2460811.1666666665,-88062279.40963686,-114008001.77186394,-49393436.210191034
2460811.2083333335,-87976409.21390967,-114065184.41133605,-49418225.2553764
2460811.25,-87890495.62657906,-114122310.69709623,-49442989.87250728
2460811.2916666665,-87804538.69053192,-114179380.60286994,-49467730.050193906
2460811.3333333335,-87718538.4486718,-114236394.10240866,-49492445.77705778
2460811.375,-87632494.94679156,-114293351.16758971,-49517137.04090795
2460811.4166666665,-87546408.22783223,-114350251.77222231,-49541803.83039095
2460811.4583333335,-87460278.3347514,-114407095.89014177,-49566446.13416462
2460811.5,-87374105.31340027,-114463883.49331488,-49591063.940076776
2460811.5416666665,-87287889.20677379,-114520614.55563472,-49615657.23681031
2460811.5833333335,-87201630.05788343,-114577289.05102047,-49640226.01305943
2460811.625,-87115327.91263847,-114633906.9515285,-49664770.25671078
2460811.6666666665,-87028982.81408764,-114690468.23113585,-49689289.95648363
2460811.7083333335,-86942594.80529605,-114746972.86384562,-49713785.10110857
2460811.75,-86856163.93223093,-114803420.82180384,-49738255.67851112
2460811.7916666665,-86769690.23799452,-114859812.07907157,-49762701.67744697
2460811.8333333335,-86683173.76570542,-114916146.60973597,-49787123.08668313
2460811.875,-86596614.56138858,-114972424.3860328,-49811519.89418402
2460811.9166666665,-86510012.66819958,-115028645.38210718,-49835892.08874178
2460811.9583333335,-86423368.12931034,-115084809.57213041,-49860239.65915988
2460812.0,-86336680.99080327,-115140916.92842808,-49884562.59344167
2460812.0416666665,-86249951.29588714,-115196967.42522947,-49908860.88041578
2460812.0833333335,-86163179.08778696,-115252961.03679006,-49933134.50892219
2460812.125,-86076364.41264245,-115308897.73552535,-49957383.467003204
2460812.1666666665,-85989507.31371532,-115364777.49574888,-49981607.74352397
2460812.2083333335,-85902607.8342835,-115420600.29180038,-50005807.327360995
2460812.25,-85815666.02054381,-115476366.09618536,-50029982.2065956
2460812.2916666665,-85728681.91581075,-115532074.88330165,-50054132.37012947
2460812.3333333335,-85641655.56341495,-115587726.62757336,-50078257.80687568
2460812.375,-85554587.00961012,-115643321.30159603,-50102358.50495461
2460812.4166666665,-85467476.29776333,-115698858.87985194,-50126434.45330451
2460812.4583333335,-85380323.47125775,-115754339.33684957,-50150485.64087504
2460812.5,-85293128.57640377,-115809762.64527467,-50174512.055825666
2460812.5416666665,-85205891.65662085,-115865128.77969395,-50198513.68713127
2460812.5833333335,-85118612.75534448,-115920437.71470039,-50222490.52377813
2460812.625,-85031291.91894156,-115975689.42306997,-50246442.55396482
2460812.6666666665,-84943929.19088371,-116030883.87945397,-50270369.76670289
2460812.7083333335,-84856524.61465862,-116086021.05852993,-50294272.15101525
2460812.75,-84769078.23668937,-116141100.93316416,-50318149.69513965
2460812.7916666665,-84681590.10049967,-116196123.47809257,-50342002.388124295
2460812.8333333335,-84594060.24962912,-116251088.6680773,-50365830.21902881
2460812.875,-84506488.73055688,-116305996.47607511,-50389633.176130116
2460812.9166666665,-84418875.58685847,-116360846.87690657,-50413411.24851315
2460812.9583333335,-84331220.86212522,-116415639.84541859,-50437164.42527424
2460813.0,-84243524.60289218,-116470375.35465837,-50460892.69472954
2460813.0416666665,-84155786.85278648,-116525053.37953123,-50484596.04600072
2460813.0833333335,-84068007.65545103,-116579673.89496893,-50508274.46822088
2460813.125,-83980187.05747652,-116634236.8741092,-50531927.94974543
2460813.1666666665,-83892325.1025415,-116688742.29194224,-50555556.47973283
2460813.2083333335,-83804421.83434029,-116743190.12348461,-50579160.047352925
2460813.25,-83716477.299519,-116797580.34196475,-50602738.64100046
2460813.2916666665,-83628491.54180743,-116851912.92245775,-50626292.249870665
2460813.3333333335,-83540464.60495104,-116906187.84006514,-50649820.86317025
2460813.375,-83452396.5356512,-116960405.06810603,-50673324.46933325
2460813.4166666665,-83364287.37768881,-117014564.58174054,-50696803.05759175
2460813.4583333335,-83276137.17486025,-117068666.35615519,-50720256.61718932
2460813.5,-83187945.97392197,-117122710.36475992,-50743685.13659935
2460813.5416666665,-83099713.81870568,-117176696.58279991,-50767088.6050908
2460813.5833333335,-83011440.75305858,-117230624.98554675,-50790467.0119441
2460813.625,-82923126.82379195,-117284495.5465013,-50813820.34567206
2460813.6666666665,-82834772.07478814,-117338308.24099383,-50837148.59558055
2460813.7083333335,-82746376.549945,-117392063.0443811,-50860451.750986904
2460813.75,-82657940.29612838,-117445759.93025495,-50883729.80044336
2460813.7916666665,-82569463.35727112,-117499398.87403086,-50906982.73329272
2460813.8333333335,-82480945.77732147,-117552979.8511508,-50930210.538889274
2460813.875,-82392387.60319972,-117606502.83529767,-50953413.205824725
2460813.9166666665,-82303788.87888898,-117659967.80197224,-50976590.72347884
2460813.9583333335,-82215149.64838769,-117713374.72670175,-50999743.08124287
2460814.0,-82126469.95867036,-117766723.58326025,-51022870.267748035
2460814.0416666665,-82037749.8537702,-117820014.34723383,-51045972.2724111
2460814.0833333335,-81948989.37773566,-117873246.99423514,-51069049.084660314
2460814.125,-81860188.57759526,-117926421.49812941,-51092100.69316644
2460814.1666666665,-81771347.49743208,-117979537.83458817,-51115127.08738326
2460814.2083333335,-81682466.18134443,-118032595.97930948,-51138128.25677607
2460814.25,-81593544.67641462,-118085595.90624988,-51161104.1900552
2460814.2916666665,-81504583.02677542,-118138537.59116639,-51184054.87671149
2460814.3333333335,-81415581.27657478,-118191421.00984256,-51206980.3062473
2460814.375,-81326539.4729486,-118244246.13632631,-51229880.46741256
2460814.4166666665,-81237457.66007914,-118297012.9464602,-51252755.34973521
2460814.4583333335,-81148335.88216381,-118349721.4161134,-51275604.9427547
2460814.5,-81059174.18639189,-118402371.51942524,-51298429.235260606
2460814.5416666665,-80969972.61699498,-118454963.23232393,-51321228.216817975
2460814.5833333335,-80880731.21821971,-118507496.53076425,-51344001.877003394
2460814.625,-80791450.03730854,-118559971.38897711,-51366750.204646096
2460814.6666666665,-80702129.11854218,-118612387.78297636,-51389473.189348295
2460814.7083333335,-80612768.50621635,-118664745.68880254,-51412170.82072373
2460814.75,-80523368.24762645,-118717045.08077812,-51434843.08764134
2460814.7916666665,-80433928.38710214,-118769285.93500276,-51457489.979740515
2460814.8333333335,-80344448.96898797,-118821468.22760278,-51480111.48667218
2460814.875,-80254930.04063216,-118873591.9329923,-51502707.59734501
2460814.9166666665,-80165371.64641306,-118925657.02735683,-51525278.301435605
2460814.9583333335,-80075773.8307239,-118977663.48690854,-51547823.588632114
2460815.0,-79986136.64096545,-119029611.2861533,-51570343.44788299
2460815.0416666665,-79896460.12156461,-119081500.40136254,-51592837.86890205
2460815.0833333335,-79806744.3169631,-119133330.80883436,-51615306.84141471
2460815.125,-79716989.27461404,-119185102.48316643,-51637750.35440921
2460815.1666666665,-79627195.03899264,-119236815.40071617,-51660168.39763666
2460815.2083333335,-79537361.65458897,-119288469.53786767,-51682560.96085972
2460815.25,-79447489.16890821,-119340064.8693105,-51704928.033106506
2460815.2916666665,-79357577.62647381,-119391601.37148812,-51727269.60416539
2460815.3333333335,-79267627.07182385,-119443079.02087069,-51749585.66383636
2460815.375,-79177637.55251552,-119494497.79223976,-51771876.20118738
2460815.4166666665,-79087609.1131202,-119545857.66212489,-51794141.206044175
2460815.4583333335,-78997541.79822385,-119597158.60708234,-51816380.66824406
2460815.5,-78907435.65543544,-119648400.60198577,-51838594.576894894
2460815.5416666665,-78817290.72937405,-119699583.62345088,-51860782.92185977
2460815.5833333335,-78727107.06467342,-119750707.64812015,-51882945.693013355
2460815.625,-78636884.70899397,-119801772.65095934,-51905082.87950346
2460815.6666666665,-78546623.7070024,-119852778.60867041,-51927194.47123054
2460815.7083333335,-78456324.10337995,-119903725.4979821,-51949280.458106674
2460815.75,-78365985.94583836,-119954613.29395236,-51971340.829319626
2460815.7916666665,-78275609.27909172,-120005441.97336946,-51993375.574807286
2460815.8333333335,-78185194.14786856,-120056211.5130485,-52015384.68451914
2460815.875,-78094740.59993175,-120106921.88813968,-52037368.14768296
2460815.9166666665,-78004248.68004255,-120157573.07551765,-52059325.954274066
2460815.9583333335,-77913718.43297665,-120208165.0520839,-52081258.0942794
2460816.0,-77823149.9065478,-120258697.79308099,-52103164.556966774
2460816.0416666665,-77732543.14556426,-120309171.27547,-52125045.33234897
2460816.0833333335,-77641898.19484863,-120359585.47623889,-52146900.41045043
2460816.125,-77551215.10226539,-120409940.37072265,-52168729.780579
2460816.1666666665,-77460493.91266957,-120460235.93596886,-52190533.43278498
2460816.2083333335,-77369734.67093052,-120510472.14905201,-52212311.35713032
2460816.25,-77278937.4249632,-120560648.98539956,-52234063.542962946
2460816.2916666665,-77188102.21966928,-120610766.42214571,-52255789.98037071
2460816.3333333335,-77097229.09996465,-120660824.4364515,-52277490.65945307
2460816.375,-77006318.1138145,-120710823.00383699,-52299165.569598116
2460816.4166666665,-76915369.30616696,-120760762.101523,-52320814.70093122
2460816.4583333335,-76824382.72198424,-120810641.70675723,-52342438.04358943
2460816.5,-76733358.40928164,-120860461.7951524,-52364035.58700098
2460816.5416666665,-76642296.41305348,-120910222.34401597,-52385607.32132883
2460816.5833333335,-76551196.77830814,-120959923.33068243,-52407153.236747615
2460816.625,-76460059.55311078,-121009564.73085715,-52428673.32272576
2460816.6666666665,-76368884.78250174,-121059146.52193442,-52450167.56946384
2460816.7083333335,-76277672.5115354,-121108668.68133548,-52471635.96717413
2460816.75,-76186422.78832656,-121158131.18485853,-52493078.50536525
2460816.7916666665,-76095135.6579614,-121207534.00998467,-52514495.17427544
2460816.8333333335,-76003811.16554005,-121256877.13422199,-52535885.9641546
2460816.875,-75912449.3592268,-121306160.53346153,-52557250.86455162
2460816.9166666665,-75821050.28415343,-121355384.18527131,-52578589.86574239
2460816.9583333335,-75729613.98546568,-121404548.0672463,-52599902.9580145
2460817.0,-75638140.51137704,-121453652.1553705,-52621190.13095713
2460817.0416666665,-75546629.90706478,-121502696.42729887,-52642451.37488384
2460817.0833333335,-75455082.21772002,-121551680.86071339,-52663686.68011994
2460817.125,-75363497.49160527,-121600605.431691,-52684896.03629491
2460817.1666666665,-75271875.77394307,-121649470.11797372,-52706079.433760054
2460817.2083333335,-75180217.10996968,-121698274.89733054,-52727236.86287839
2460817.25,-75088521.5479965,-121747019.7459315,-52748368.31331976
2460817.2916666665,-74996789.13329111,-121795704.64160569,-52769473.77547321
2460817.3333333335,-74905019.91113476,-121844329.56220923,-52790553.239739515
2460817.375,-74813213.9298875,-121892894.48400526,-52811606.695828885
2460817.4166666665,-74721371.23486172,-121941399.38491003,-52832634.134168155
2460817.4583333335,-74629491.87138352,-121989844.24286681,-52853635.545195885
2460817.5,-74537575.88786134,-122038229.03423199,-52874610.91866269
2460817.5416666665,-74445623.32965225,-122086553.73700899,-52895560.24503319
2460817.5833333335,-74353634.24212699,-122134818.32922836,-52916483.514783785
2460817.625,-74261608.67374215,-122183022.78733969,-52937380.717705496
2460817.6666666665,-74169546.66989933,-122231167.08943371,-52958251.84430081
2460817.7083333335,-74077448.27601364,-122279251.21362826,-52979096.88508393
2460817.75,-73985313.54058973,-122327275.1364663,-52999915.829886355
2460817.7916666665,-73893142.50907344,-122375238.83612588,-53020708.66924843
2460817.8333333335,-73800935.22692412,-122423142.29081216,-53041475.39372223
2460817.875,-73708691.7426942,-122470985.47716154,-53062215.993179746
2460817.9166666665,-73616412.1018736,-122518768.37343946,-53082930.458199196
2460817.9583333335,-73524096.34996574,-122566490.95793852,-53103618.77937056
2460818.0,-73431744.5355706,-122614153.20738856,-53124280.946606345
2460818.0416666665,-73339356.70422204,-122661755.10014251,-53144916.95052268
2460818.0833333335,-73246932.90146726,-122709296.61458042,-53165526.781747475
2460818.125,-73154473.17595366,-122756777.7275257,-53186110.43023378
2460818.1666666665,-73061977.57325877,-122804198.41741876,-53206667.88663565
2460818.2083333335,-72969446.13897349,-122851558.66272724,-53227199.14161896
2460818.25,-72876878.92179233,-122898858.4403681,-53247704.18517733
2460818.2916666665,-72784275.96733637,-122946097.7288694,-53268183.0080028
2460818.3333333335,-72691637.32123992,-122993276.50678633,-53288635.60079919
2460818.375,-72598963.03224449,-123040394.75112957,-53309061.95360074
2460818.4166666665,-72506253.14601445,-123087452.44051477,-53329462.057137474
2460818.4583333335,-72413507.7082274,-123134449.55358481,-53349835.90215122
2460818.5,-72320726.76767157,-123181386.0674441,-53370183.47871684
2460818.5416666665,-72227910.37005448,-123228261.96079601,-53390504.777602404
2460818.5833333335,-72135058.56109676,-123275077.21237113,-53410799.789587736
2460818.625,-72042171.38963324,-123321831.79936768,-53431068.504788384
2460818.6666666665,-71949248.90141432,-123368525.70057678,-53451310.914010435
2460818.7083333335,-71856291.14220351,-123415158.8948168,-53471527.008071795
2460818.75,-71763298.160882,-123461731.35937986,-53491716.77712868
2460818.7916666665,-71670270.00324291,-123508243.07314487,-53511880.21202526
2460818.8333333335,-71577206.71509244,-123554694.01501806,-53532017.303617515
2460818.875,-71484108.34535788,-123601084.16238548,-53552128.04210238
2460818.9166666665,-71390974.93987492,-123647413.49421392,-53572212.418362126
2460818.9583333335,-71297806.54449224,-123693681.98949751,-53592270.42329081
2460819.0,-71204603.20818305,-123739889.6257163,-53612302.04712615
2460819.0416666665,-71111364.97682542,-123786036.38192505,-53632307.28078852
2460819.0833333335,-71018091.89631025,-123832122.23720579,-53652286.1152101
2460819.125,-70924784.01565653,-123878147.16913266,-53672238.540669404
2460819.1666666665,-70831441.38078444,-123924111.15684843,-53692164.54812493
2460819.2083333335,-70738064.03762703,-123970014.17952316,-53712064.12854703
2460819.25,-70644652.03524874,-124015856.2148251,-53731937.272255
2460819.2916666665,-70551205.41961174,-124061637.24198507,-53751783.97024553
2460819.3333333335,-70457724.23669098,-124107357.2402612,-53771604.21352714
2460819.375,-70364208.53559622,-124153016.18741594,-53791397.99245996
2460819.4166666665,-70270658.36233138,-124198614.06276825,-53811165.29807887
2460819.4583333335,-70177073.76291311,-124244150.84566435,-53830906.121430606
2460819.5,-70083454.78649628,-124289626.513961,-53850620.452916145
2460819.5416666665,-69989801.47912636,-124335041.04706529,-53870308.28360859
2460819.5833333335,-69896113.88686156,-124380394.42441164,-53889969.604592904
2460819.625,-69802392.05890161,-124425686.62395112,-53909604.40631096
2460819.6666666665,-69708636.04133336,-124470917.62517905,-53929212.67987411
2460819.7083333335,-69614845.88025634,-124516087.40761812,-53948794.41640554
2460819.75,-69521021.62491494,-124561195.94931377,-53968349.60638807
2460819.7916666665,-69427163.32143725,-124606243.22984962,-53987878.2409713
2460819.8333333335,-69333271.0159639,-124651229.22883663,-54007380.311316706
2460819.875,-69239344.75778374,-124696153.92441471,-54026855.80794804
2460819.9166666665,-69145384.59306586,-124741017.2962558,-54046304.72205319
2460819.9583333335,-69051390.56799182,-124785819.32405923,-54065727.04483196
2460820.0,-68957362.73189476,-124830559.98605944,-54085122.76684905
2460820.0416666665,-68863301.13098456,-124875239.26201674,-54104491.87933067
2460820.0833333335,-68769205.81148352,-124919857.13171889,-54123834.37351495
2460820.125,-68675076.82276882,-124964413.57349488,-54143150.24000757
2460820.1666666665,-68580914.21109095,-125008908.56719351,-54162439.47007312
2460820.2083333335,-68486718.02271277,-125053342.09269097,-54181702.05498803
2460820.25,-68392488.30705531,-125097714.1284109,-54200937.985399045
2460820.2916666665,-68298225.11040947,-125142024.6542906,-54220147.25260909
2460820.3333333335,-68203928.47907846,-125186273.65029481,-54239329.84793299
2460820.375,-68109598.46252695,-125230461.09494185,-54258485.76205852
2460820.4166666665,-68015235.10708606,-125274586.96825758,-54277614.98632701
2460820.4583333335,-67920838.45909917,-125318651.2502953,-54296717.512091674
2460820.5,-67826408.5680744,-125362653.91966811,-54315793.330081366
2460820.5416666665,-67731945.48038286,-125406594.95649047,-54334842.43167582
2460820.5833333335,-67637449.24240792,-125450474.34090433,-54353864.808266684
2460820.625,-67542919.90370087,-125494292.05161761,-54372860.4506239
2460820.6666666665,-67448357.51067275,-125538048.06883343,-54391829.35016565
2460820.7083333335,-67353762.10974663,-125581742.37278242,-54410771.49832201
2460820.75,-67259133.75051688,-125625374.94226739,-54429686.88590407
2460820.7916666665,-67164472.4794341,-125668945.75758018,-54448575.504368454
2460820.8333333335,-67069778.342961,-125712454.79904015,-54467437.34518371
2460820.875,-66975051.39073473,-125755902.04554506,-54486272.39920208
2460820.9166666665,-66880291.66924536,-125799287.47747552,-54505080.65791867
2460820.9583333335,-66785499.22499498,-125842611.07523972,-54523862.112840526
2460821.0,-66690674.10766333,-125885872.81783035,-54542616.75486106
2460821.0416666665,-66595816.36377975,-125929072.68571691,-54561344.57551389
2460821.0833333335,-66500926.03988551,-125972210.6593964,-54580045.56634457
2460821.125,-66406003.185702756,-126015286.71795659,-54598719.718287714
2460821.1666666665,-66311047.84779986,-126058300.84195583,-54617367.022915475
2460821.2083333335,-66216060.07275712,-126101253.01198003,-54635987.471811935
2460821.25,-66121039.91033886,-126144143.2072121,-54654581.05595295
2460821.2916666665,-66025987.407152325,-126186971.40829933,-54673147.766949214
2460821.3333333335,-65930902.60981661,-126229737.59591655,-54691687.59642336
2460821.375,-65835785.56813801,-126272441.74934186,-54710200.535392515
2460821.4166666665,-65740636.328762464,-126315083.8493115,-54728686.575505935
2460821.4583333335,-65645454.93834766,-126357663.87658936,-54747145.708424844
2460821.5,-65550241.446741685,-126400181.81054874,-54765577.92520763
2460821.5416666665,-65454995.90062893,-126442637.63201493,-54783983.217542164
2460821.5833333335,-65359718.346705526,-126485031.32184087,-54802361.57712827
2460821.625,-65264408.8348611,-126527362.85949513,-54820712.99506564
2460821.6666666665,-65169067.411818355,-126569632.22589213,-54839037.46308075
2460821.7083333335,-65073694.124311626,-126611839.40197387,-54857334.97291205
2460821.75,-64978289.02227191,-126653984.36730431,-54875605.51570058
2460821.7916666665,-64882852.15245999,-126696067.10288697,-54893849.083211444
2460821.8333333335,-64787383.561648235,-126738087.58975303,-54912065.66722174
2460821.875,-64691883.29980879,-126780045.80756186,-54930255.25891386
2460821.9166666665,-64596351.413740344,-126821941.73740615,-54948417.85009158
2460821.9583333335,-64500787.9502531,-126863775.3604063,-54966553.43257065
2460822.0,-64405192.95936014,-126905546.65631711,-54984661.99757486
2460822.0416666665,-64309566.48789785,-126947255.60632057,-55002743.53694665
2460822.0833333335,-64213908.58271409,-126988902.19162628,-55020798.04254047
2460822.125,-64118219.29386267,-127030486.3920846,-55038825.5056215
2460822.1666666665,-64022498.66821749,-127072008.18896677,-55056825.9180709
2460822.2083333335,-63926746.75266384,-127113467.56357172,-55074799.27178183
2460822.25,-63830963.59729609,-127154864.49584536,-55092745.5580609
2460822.2916666665,-63735149.24902542,-127196198.96714829,-55110664.76882799
2460822.3333333335,-63639303.75477442,-127237470.9588688,-55128556.896014996
2460822.375,-63543427.164677724,-127278680.4510484,-55146421.93096997
2460822.4166666665,-63447519.52568367,-127319827.42513712,-55164259.86565154
2460822.4583333335,-63351580.8847519,-127360911.8626126,-55182070.69203036
2460822.5,-63255611.292057164,-127401933.7436121,-55199854.40149596
2460822.5416666665,-63159610.79458472,-127442893.04967499,-55217610.98604575
2460822.5833333335,-63063579.439331084,-127483789.76236847,-55235340.43768913
2460822.625,-62967517.2765109,-127524623.86192545,-55253042.74785715
2460822.6666666665,-62871424.35314617,-127565395.32997485,-55270717.90858599
2460822.7083333335,-62775300.71627009,-127606104.14817332,-55288365.91192387
2460822.75,-62679146.41613698,-127646750.2968496,-55305986.749343336
2460822.7916666665,-62582961.49980539,-127687333.75772211,-55323580.41291939
2460822.8333333335,-62486746.014345,-127727854.51253708,-55341146.89473908
2460822.875,-62390500.01004961,-127768312.54171905,-55358686.186316475
2460822.9166666665,-62294223.53401413,-127808707.82707608,-55376198.27976542
2460822.9583333335,-62197916.63334451,-127849040.35044393,-55393683.16721179
2460823.0,-62101579.358373836,-127889310.0923431,-55411140.84021125
2460823.0416666665,-62005211.75623317,-127929517.03467123,-55428571.29091647
2460823.0833333335,-61908813.87406456,-127969661.15935376,-55445974.51149219
2460823.125,-61812385.76224016,-128009742.44700712,-55463350.49353566
2460823.1666666665,-61715927.46792698,-128049760.87961861,-55480699.229238436
2460823.2083333335,-61619439.03830298,-128089716.43920338,-55498020.71080411
2460823.25,-61522920.52377916,-128129609.10647386,-55515314.929871574
2460823.2916666665,-61426371.97155832,-128169438.86350708,-55532581.87867125
2460823.3333333335,-61329793.4288541,-128209205.6924079,-55549821.54944566
2460823.375,-61233184.94611617,-128248909.57398482,-55567033.93387529
2460823.4166666665,-61136546.57058289,-128288550.49040465,-55584219.02422952
2460823.4583333335,-61039878.34950341,-128328128.42386203,-55601376.81278975
2460823.5,-60943180.333365865,-128367643.35526152,-55618507.29127815
2460823.5416666665,-60846452.56944396,-128407095.2668598,-55635610.45200302
2460823.5833333335,-60749695.1050222,-128446484.1409413,-55652686.2872847
2460823.625,-60652907.99062692,-128485809.9585068,-55669734.78888705
2460823.6666666665,-60556091.27356702,-128525072.70190275,-55686755.94915729
2460823.7083333335,-60459245.00116214,-128564272.35350351,-55703749.76045476
2460823.75,-60362369.22397663,-128603408.89440605,-55720716.214584984
2460823.7916666665,-60265463.989354394,-128642482.30704673,-55737655.30393419
2460823.8333333335,-60168529.34464998,-128681492.57388984,-55754567.02090066
2460823.875,-60071565.34046557,-128720439.67612857,-55771451.35733166
2460823.9166666665,-59974572.02417986,-128759323.59628926,-55788308.30565241
2460823.9583333335,-59877549.44318214,-128798144.31692617,-55805137.858300194
2460824.0,-59780497.648112185,-128836901.81932878,-55821940.00716402
2460824.0416666665,-59683416.686383314,-128875596.08611344,-55838714.74470809
2460824.0833333335,-59586306.605419345,-128914227.09992439,-55855462.06340874
2460824.125,-59489167.45589746,-128952794.84214748,-55872181.95519672
2460824.1666666665,-59391999.28526538,-128991299.2954891,-55888874.4125753
2460824.2083333335,-59294802.14098127,-129029740.44268356,-55905539.4280598
2460824.25,-59197576.0737595,-129068118.26521309,-55922176.993622795
2460824.2916666665,-59100321.13108202,-129106432.74587418,-55938787.10180657
2460824.3333333335,-59003037.36044114,-129144683.86749122,-55955369.74516554
2460824.375,-58905724.812588215,-129182871.61164291,-55971924.91571407
2460824.4166666665,-58808383.5350392,-129220995.96121585,-55988452.60603351
2460824.4583333335,-58711013.575320385,-129259056.89912459,-56004952.80871735
2460824.5,-58613614.98421989,-129297054.40704432,-56021425.51582177
2460824.5416666665,-58516187.80928749,-129334988.4679518,-56037870.71996724
2460824.5833333335,-58418732.09808324,-129372859.06485178,-56054288.41378631
2460824.625,-58321247.90143184,-129410666.17951597,-56070678.58937703
2460824.6666666665,-58223735.266916685,-129448409.7950114,-56087041.239398964
2460824.7083333335,-58126194.24213141,-129486089.89443299,-56103376.35652378
2460824.75,-58028624.877937056,-129523706.45964909,-56119683.932891406
2460824.7916666665,-57931027.221950464,-129561259.47381695,-56135963.96120051
2460824.8333333335,-57833401.321798645,-129598748.92012177,-56152216.4341619
2460824.875,-57735747.22837878,-129636174.78052856,-56168441.343957394
2460824.9166666665,-57638064.98934096,-129673537.03828485,-56184638.68332481
2460824.9583333335,-57540354.65234538,-129710835.67666614,-56200808.44501409
2460825.0,-57442616.26832516,-129748070.67773417,-56216950.621248975
2460825.0416666665,-57344849.88496344,-129785242.02482678,-56233065.20480643
2460825.0833333335,-57247055.549953386,-129822349.70130983,-56249152.18847559
2460825.125,-57149233.314263865,-129859393.6893418,-56265211.564522095
2460825.1666666665,-57051383.22561087,-129896373.9723509,-56281243.325762115
2460825.2083333335,-56953505.33172036,-129933290.5337934,-56297247.465023935
2460825.25,-56855599.683596715,-129970143.35592456,-56313223.97461519
2460825.2916666665,-56757666.32898859,-130006932.42226301,-56329172.84739122
2460825.3333333335,-56659705.31565455,-130043657.71635546,-56345094.076219514
2460825.375,-56561716.69463428,-130080319.22055398,-56360987.653449684
2460825.4166666665,-56463700.5137089,-130116916.9184677,-56376853.57197628
2460825.4583333335,-56365656.82066938,-130153450.79373378,-56392691.82470602
2460825.5,-56267585.66659051,-130189920.82880117,-56408502.404030494
2460825.5416666665,-56169487.09928568,-130226327.0073695,-56424285.3028835
2460825.5833333335,-56071361.16657808,-130262669.31316645,-56440040.514210984
2460825.625,-55973207.919577375,-130298947.7287379,-56455768.030446544
2460825.6666666665,-55875027.40612903,-130335162.23787403,-56471467.84456323
2460825.7083333335,-55776819.67408828,-130371312.82439306,-56487139.94954624
2460825.75,-55678584.77459944,-130407399.47093785,-56502784.337871216
2460825.7916666665,-55580322.75553989,-130443422.16138914,-56518401.00255047
2460825.8333333335,-55482033.66479664,-130479380.87965576,-56533989.936608456
2460825.875,-55383717.55354853,-130515275.60847759,-56549551.13256288
2460825.9166666665,-55285374.4697046,-130551106.331826,-56565084.58346534
2460825.9583333335,-55187004.461183496,-130586873.03370047,-56580590.28237958
2460826.0,-55088607.579198316,-130622575.69693787,-56596068.22186537
2460826.0416666665,-54990183.871689595,-130658214.30560029,-56611518.39501361
2460826.0833333335,-54891733.38660742,-130693788.84377785,-56626940.79492735
2460826.125,-54793256.175198935,-130729299.29440457,-56642335.41420846
2460826.1666666665,-54694752.285435975,-130764745.6416332,-56657702.24598713
2460826.2083333335,-54596221.76529988,-130800127.86964458,-56673041.283405766
2460826.25,-54497664.66607162,-130835445.96146989,-56688352.519108325
2460826.2916666665,-54399081.035754144,-130870699.90135261,-56703635.94626435
2460826.3333333335,-54300470.92235983,-130905889.67356434,-56718891.55805557
2460826.375,-54201834.3772033,-130941015.26123345,-56734119.34716807
2460826.4166666665,-54103171.4483184,-130976076.64869419,-56749319.30681076
2460826.4583333335,-54004482.183748364,-131011073.82030895,-56764491.43020471
2460826.5,-53905766.63484123,-131046006.75930333,-56779635.710078165
2460826.5416666665,-53807024.84966157,-131080875.45010242,-56794752.13967939
2460826.5833333335,-53708256.87628327,-131115679.87715942,-56809840.71226882
2460826.625,-53609462.76608759,-131150420.02379718,-56824901.420616895
2460826.6666666665,-53510642.567169614,-131185095.87453169,-56839934.25801124
2460826.7083333335,-53411796.3276337,-131219707.41390699,-56854939.2177517
2460826.75,-53312924.09889411,-131254254.6253433,-56869916.29265086
2460826.7916666665,-53214025.92907626,-131288737.4934474,-56884865.47603579
2460826.8333333335,-53115101.86631477,-131323156.00285432,-56899786.76124572
2460826.875,-53016151.96205669,-131357510.1370816,-56914680.14113545
2460826.9166666665,-52917176.26445758,-131391799.88082696,-56929545.60907143
2460826.9583333335,-52818174.82168213,-131426025.2188164,-56944383.15843236
2460827.0,-52719147.68520999,-131460186.1346648,-56959192.78211523
2460827.0416666665,-52620094.903226644,-131494282.61316092,-56973974.473525934
2460827.0833333335,-52521016.52392666,-131528314.63912167,-56988728.2260826
2460827.125,-52421912.59882207,-131562282.19625942,-57003454.03272447
2460827.1666666665,-52322783.176128104,-131596185.26945391,-57018151.886896886
2460827.2083333335,-52223628.30406901,-131630023.84361307,-57032821.78205741
2460827.25,-52124448.034189,-131663797.90254676,-57047463.711187564
2460827.2916666665,-52025242.41473283,-131697507.43122575,-57062077.667772144
2460827.3333333335,-51926011.49395426,-131731152.41464904,-57076663.64530819
2460827.375,-51826755.32342944,-131764732.83672398,-57091221.63681948
2460827.4166666665,-51727473.951432504,-131798248.68251246,-57105751.63583031
2460827.4583333335,-51628167.426246494,-131831699.93710454,-57120253.63587719
2460827.5,-51528835.799479306,-131865086.58450514,-57134727.63002621
2460827.5416666665,-51429479.119434245,-131898408.60986727,-57149173.611841135
2460827.5833333335,-51330097.43442345,-131931665.9983721,-57163591.57489799
2460827.625,-51230690.79608635,-131964858.73412217,-57177981.51230518
2460827.6666666665,-51131259.25275522,-131997986.80236162,-57192343.41766597
2460827.7083333335,-51031802.8527711,-132031050.18836278,-57206677.28459592
2460827.75,-50932321.64780477,-132064048.87632588,-57220983.106245734
2460827.7916666665,-50832815.68621725,-132096982.85158618,-57235260.87625824
2460827.8333333335,-50733285.016378306,-132129852.09950726,-57249510.588288486
2460827.875,-50633729.689989835,-132162656.60438697,-57263732.23552955
2460827.9166666665,-50534149.75544144,-132195396.35165186,-57277925.811663784
2460827.9583333335,-50434545.2611314,-132228071.32675667,-57292091.3103858
2460828.0,-50334916.25879252,-132260681.51409705,-57306228.72493104
2460828.0416666665,-50235262.79684278,-132293226.89919074,-57320338.0490214
2460828.0833333335,-50135584.9237088,-132325707.46758378,-57334419.27639105
2460828.125,-50035882.69115406,-132358123.20376953,-57348472.40031782
2460828.1666666665,-49936156.14762477,-132390474.0933571,-57362497.41456317
2460828.2083333335,-49836405.34157562,-132422760.12198377,-57376494.31290086
2460828.25,-49736630.32480064,-132454981.27424075,-57390463.0886511
2460828.2916666665,-49636831.14577399,-132487137.53582838,-57404403.735614955
2460828.3333333335,-49537007.85297833,-132519228.89247537,-57418316.247605756
2460828.375,-49437160.49823794,-132551255.32887071,-57432200.617986135
2460828.4166666665,-49337289.130054794,-132583216.83080617,-57446056.840596765
2460828.4583333335,-49237393.79693928,-132615113.38410172,-57459884.909290574
2460828.5,-49137474.55074578,-132646944.9735443,-57473684.81747262
2460828.5416666665,-49037531.44000384,-132678711.58501704,-57487456.559023194
2460828.5833333335,-48937564.513251424,-132710413.20443134,-57501200.12783485
2460828.625,-48837573.82237275,-132742049.81667204,-57514915.51735509
2460828.6666666665,-48737559.41592479,-132773621.40771368,-57528602.72150383
2460828.7083333335,-48637521.342472844,-132805127.96355912,-57542261.73421327
2460828.75,-48537459.65393079,-132836569.46919113,-57555892.54897336
2460828.7916666665,-48437374.398882836,-132867945.9106757,-57569495.159743674
2460828.8333333335,-48337265.6259214,-132899257.27410719,-57583069.56049605
2460828.875,-48237133.38698985,-132930503.54456632,-57596615.74476292
2460828.9166666665,-48136977.73069937,-132961684.70821062,-57610133.70654351
2460828.9583333335,-48036798.70566937,-132992800.75122587,-57623623.43984934
2460829.0,-47936596.36387243,-133023851.65879092,-57637084.938255325
2460829.0416666665,-47836370.753946595,-133054837.41715473,-57650518.195800364
2460829.0833333335,-47736121.92453802,-133085758.01259467,-57663923.206535645
2460829.125,-47635849.927648306,-133116613.4303876,-57677299.964078605
2460829.1666666665,-47535554.81194213,-133147403.65687409,-57690648.46250783
2460829.2083333335,-47435236.62609223,-133178128.67842306,-57703968.695914194
2460829.25,-47334895.422129035,-133208788.48040946,-57717260.657957666
2460829.2916666665,-47234531.24874364,-133239383.04926543,-57730524.342756525
2460829.3333333335,-47134144.15463516,-133269912.3714515,-57743759.74444135
2460829.375,-47033734.19186264,-133300376.43244076,-57756966.85671466
2460829.4166666665,-46933301.40914342,-133330775.21875697,-57770145.67373444
2460829.4583333335,-46832845.855202794,-133361108.71695228,-57783296.189671
2460829.5,-46732367.58212821,-133391376.91259795,-57796418.39826941
2460829.5416666665,-46631866.63866305,-133421579.7923094,-57809512.293727376
2460829.5833333335,-46531343.073558606,-133451717.34273042,-57822577.87025494
2460829.625,-46430796.938930504,-133481789.54953049,-57835615.12163975
2460829.6666666665,-46330228.283548,-133511796.3994167,-57848624.04211926
2460829.7083333335,-46229637.15618816,-133541737.87912455,-57861604.62594325
2460829.75,-46129023.6089946,-133571613.97442174,-57874556.86694195
2460829.7916666665,-46028387.69076224,-133601424.6721071,-57887480.75939258
2460829.8333333335,-45927729.45029374,-133631169.9590078,-57900376.297584675
2460829.875,-45827048.93976049,-133660849.82098986,-57913243.47539107
2460829.9166666665,-45726346.20798287,-133690464.24494384,-57926082.28712875
2460829.9583333335,-45625621.303788945,-133720013.21778865,-57938892.727127016
2460830.0,-45524874.27937768,-133749496.72548865,-57951674.78930133
2460830.0416666665,-45424105.18359471,-133778914.75502612,-57964428.46800845
2460830.0833333335,-45323314.065293334,-133808267.2934118,-57977153.75761749
2460830.125,-45222500.97669985,-133837554.32670836,-57989850.652086504
2460830.1666666665,-45121665.96668498,-133866775.84198992,-58002519.14581207
2460830.2083333335,-45020809.08412704,-133895931.826359,-58015159.23320308
2460830.25,-44919930.38127947,-133925022.26597667,-58027770.90826027
2460830.2916666665,-44819029.90703787,-133954047.14800885,-58040354.165419996
2460830.3333333335,-44718107.710305385,-133983006.45964995,-58052908.99913097
2460830.375,-44617163.84336238,-134011900.18715939,-58065435.40343658
2460830.4166666665,-44516198.35512917,-134040728.31779501,-58077933.372813016
2460830.4583333335,-44415211.29453349,-134069490.83884303,-58090402.90174881
2460830.5,-44314202.71388247,-134098187.73666137,-58102843.98433003
2460830.5416666665,-44213172.66212088,-134126818.99859974,-58115256.61507268
2460830.5833333335,-44112121.188200936,-134155384.61203626,-58127640.78850515
2460830.625,-44011048.34445624,-134183884.56342733,-58139996.498756185
2460830.6666666665,-43909954.17985589,-134212318.84021455,-58152323.74038165
2460830.7083333335,-43808838.74337633,-134240687.429868,-58164622.50794977
2460830.75,-43707702.08737748,-134268990.3189426,-58176892.79563199
2460830.7916666665,-43606544.26085254,-134297227.49497187,-58189134.59802404
2460830.8333333335,-43505365.31280198,-134325398.94551787,-58201347.90973401
2460830.875,-43404165.29561185,-134353504.65723404,-58213532.724976055
2460830.9166666665,-43302944.25829925,-134381544.6177459,-58225689.03838579
2460830.9583333335,-43201702.2498885,-134409518.81470746,-58237816.84461117
2460831.0,-43100439.32279154,-134437427.23487076,-58249916.13790907
2460831.0416666665,-42999155.52604918,-134465269.86595333,-58261986.912955
2460831.0833333335,-42897850.908709414,-134493046.69570118,-58274029.164436795
2460831.125,-42796525.52320985,-134520757.71096495,-58286042.88665409
2460831.1666666665,-42695179.418614835,-134548402.89955422,-58298028.074322276
2460831.2083333335,-42593812.643995814,-134575982.249307,-58309984.72216907
2460831.25,-42492425.25181587,-134603495.74717265,-58321912.824536905
2460831.2916666665,-42391017.29116268,-134630943.38105273,-58333812.37618104
2460831.3333333335,-42289588.81113097,-134658325.13887736,-58345683.37186913
2460831.375,-42188139.86420907,-134685641.0076945,-58357525.80598637
2460831.4166666665,-42086670.4995078,-134712890.9754979,-58369339.67332793
2460831.4583333335,-41985180.76614495,-134740075.03030974,-58381124.9687014
2460831.5,-41883670.71663393,-134767193.15927666,-58392881.68653474
2460831.5416666665,-41782140.40010848,-134794245.35048452,-58404609.82166308
2460831.5833333335,-41680589.86570929,-134821231.5920476,-58416309.368933916
2460831.625,-41579019.16597459,-134848151.87121135,-58427980.32281802
2460831.6666666665,-41477428.35006088,-134875006.17615366,-58439622.678190455
2460831.7083333335,-41375817.46713154,-134901794.49508107,-58451236.429938674
2460831.75,-41274186.569749445,-134928516.81533772,-58462821.57257624
2460831.7916666665,-41172535.70709365,-134955173.1251937,-58474378.1010182
2460831.8333333335,-41070864.92835002,-134981763.41294768,-58485906.01019193
2460831.875,-40969174.286105834,-135008287.66604263,-58497405.29465385
2460831.9166666665,-40867463.82956254,-135034745.87284082,-58508875.94935893
2460831.9583333335,-40765733.60792829,-135061138.02173313,-58520317.96927455
2460832.0,-40663983.67381461,-135087464.10026133,-58531731.348999955
2460832.0416666665,-40562214.07644507,-135113724.09687996,-58543116.08353009
2460832.0833333335,-40460424.86504996,-135139918.00007206,-58554472.16787232
2460832.125,-40358616.0922648,-135166045.79747826,-58565799.59666871
2460832.1666666665,-40256787.807335146,-135192107.47764537,-58577098.36495423
2460832.2083333335,-40154940.0595132,-135218103.02914867,-58588368.46777621
2460832.25,-40053072.90145826,-135244032.43972766,-58599609.8998196
2460832.2916666665,-39951186.38243769,-135269895.69802144,-58610822.65615934
2460832.3333333335,-39849280.5517254,-135295692.79269755,-58622006.73188278
2460832.375,-39747355.46200429,-135321423.7115944,-58633162.12171773
2460832.4166666665,-39645411.1625633,-135347088.4434434,-58644288.82077916
2460832.4583333335,-39543447.70269786,-135372686.97700435,-58655386.824194394
2460832.5,-39441465.135114275,-135398219.30021465,-58666456.12673417
2460832.5416666665,-39339463.50912285,-135423685.40189794,-58677496.72355344
2460832.5833333335,-39237442.874040365,-135449085.27090645,-58688508.60981958
2460832.625,-39135403.28259626,-135474418.89527646,-58699491.78034621
2460832.6666666665,-39033344.78412207,-135499686.263924,-58710446.23032832
2460832.7083333335,-38931267.42795571,-135524887.36579362,-58721371.9549733
2460832.75,-38829171.266849585,-135550022.18902063,-58732268.949137695
2460832.7916666665,-38727056.35015623,-135575090.72261336,-58743137.20805654
2460832.8333333335,-38624922.72723451,-135600092.95560881,-58753976.72697726
2460832.875,-38522770.4508596,-135625028.87624127,-58764787.50079931
2460832.9166666665,-38420599.57040483,-135649898.47361144,-58775569.52479779
2460832.9583333335,-38318410.135249816,-135674701.73684874,-58786322.79426018
2460833.0,-38216202.19819228,-135699438.6542865,-58797047.30412887
2460833.0416666665,-38113975.80862618,-135724109.2151179,-58807743.049719006
2460833.0833333335,-38011731.01595169,-135748713.40856466,-58818410.026358135
2460833.125,-37909467.872988865,-135773251.22305927,-58829048.22903159
2460833.1666666665,-37807186.42915208,-135797722.64788726,-58839657.653094605
2460833.2083333335,-37704886.73386188,-135822127.6723629,-58850238.29391479
2460833.25,-37602568.839960456,-135846466.2850177,-58860790.14652043
2460833.2916666665,-37500232.79688242,-135870738.4752297,-58871313.20630683
2460833.3333333335,-37397878.65406846,-135894944.2324056,-58881807.4686817
2460833.375,-37295506.46438272,-135919083.54517606,-58892272.928716294
2460833.4166666665,-37193116.277279824,-135943156.4030116,-58902709.58184599
2460833.4583333335,-37090708.142220475,-135967162.79541135,-58913117.423518606
2460833.5,-36988282.11209048,-135991102.7111052,-58923496.44884836
2460833.5416666665,-36885838.23636435,-136014976.1396561,-58933846.653310746
2460833.5833333335,-36783376.56452254,-136038783.0706558,-58944168.032393664
2460833.625,-36680897.14947239,-136062523.49293324,-58954460.58125435
2460833.6666666665,-36578400.04070805,-136086197.39614397,-58964724.29540838
2460833.7083333335,-36475885.28772956,-136109804.76997226,-58974959.17038378
2460833.75,-36373352.94346556,-136133345.60334623,-58985165.201380774
2460833.7916666665,-36270803.05742964,-136156819.88601404,-58995342.383955084
2460833.8333333335,-36168235.67914128,-136180227.6077524,-59005490.71367482
2460833.875,-36065650.86155018,-136203568.75758877,-59015610.185783245
2460833.9166666665,-35963048.65418921,-136226843.3253638,-59025700.79587618
2460833.9583333335,-35860429.10659702,-136250051.30094686,-59035762.539561905
2460834.0,-35757792.27174423,-136273192.67346457,-59045795.41212667
2460834.0416666665,-35655138.199182756,-136296267.4328502,-59055799.40920645
2460834.0833333335,-35552466.938470274,-136319275.56906572,-59065774.52644966
2460834.125,-35449778.542598054,-136342217.071337,-59075720.759185575
2460834.1666666665,-35347073.06113692,-136365091.92969,-59085638.10309033
2460834.2083333335,-35244350.54366334,-136387900.1341792,-59095526.55385247
2460834.25,-35141611.04318906,-136410641.6741299,-59105386.106844336
2460834.2916666665,-35038854.60930358,-136433316.53966054,-59115216.7577822
2460834.3333333335,-34936081.29160201,-136455924.72091836,-59125018.502394766
2460834.375,-34833291.14311634,-136478466.20732787,-59134791.33609743
2460834.4166666665,-34730484.213454545,-136500940.98910028,-59144535.25464662
2460834.4583333335,-34627660.552230194,-136523349.0564754,-59154250.25381122
2460834.5,-34524820.212495305,-136545690.39897713,-59163936.32904968
2460834.5416666665,-34421963.243876174,-136567965.0069093,-59173593.4761586
2460834.5833333335,-34319089.69600457,-136590172.87060446,-59183221.690947026
2460834.625,-34216199.62195239,-136612313.97968584,-59192820.9689165
2460834.6666666665,-34113293.07136401,-136634388.32455,-59202391.3059038
2460834.7083333335,-34010370.09388925,-136656395.89562213,-59211932.69775815
2460834.75,-33907430.74261964,-136678336.6826249,-59221445.14002417
2460834.7916666665,-33804475.06721747,-136700210.67604753,-59230928.628578834
2460834.8333333335,-33701503.117350414,-136722017.86640796,-59240383.15931155
2460834.875,-33598514.94612941,-136743758.24352825,-59249808.727810025
2460834.9166666665,-33495510.60323448,-136765431.79799035,-59259205.32999144
2460834.9583333335,-33392490.138350964,-136787038.520405,-59268572.96178539
2460835.0,-33289453.604608998,-136808578.4006936,-59277911.61882271
2460835.0416666665,-33186401.051706135,-136830051.42953092,-59287221.29706076
2460835.0833333335,-33083332.529345177,-136851457.59762037,-59296501.99246935
2460835.125,-32980248.090675283,-136872796.8949829,-59305753.70072242
2460835.1666666665,-32877147.785411328,-136894069.312386,-59314976.41781755
2460835.2083333335,-32774031.663273387,-136915274.84062585,-59324170.13976476
2460835.25,-32670899.777429417,-136936413.4698229,-59333334.862281114
2460835.2916666665,-32567752.177611433,-136957485.19083738,-59342470.58140441
2460835.3333333335,-32464588.91355659,-136978489.9945583,-59351577.2931849
2460835.375,-32361410.038451444,-136999427.8712056,-59360654.99338276
2460835.4166666665,-32258215.602044947,-137020298.8117323,-59369703.67807602
2460835.4583333335,-32155005.65409115,-137041102.8071202,-59378723.343355164
2460835.5,-32051780.24779498,-137061839.84768876,-59387713.985023506
2460835.5416666665,-31948539.432922147,-137082509.92448387,-59396675.599199325
2460835.5833333335,-31845283.259243414,-137103113.02858016,-59405608.182013325
2460835.625,-31742011.77998186,-137123649.15039656,-59414511.72931197
2460835.6666666665,-31638725.044919766,-137144118.2810718,-59423386.23725378
2460835.7083333335,-31535423.103844393,-137164520.4117734,-59432231.70200971
2460835.75,-31432106.00999679,-137184855.53301984,-59441048.11946938
2460835.7916666665,-31328773.81317561,-137205123.6360427,-59449835.48583155
2460835.8333333335,-31225426.563184425,-137225324.71210232,-59458593.79730745
2460835.875,-31122064.31328203,-137245458.75181678,-59467323.04982983
2460835.9166666665,-31018687.11328327,-137265525.74651057,-59476023.23963773
2460835.9583333335,-30915295.013007816,-137285525.68753687,-59484694.36298263
2460836.0,-30811888.065732032,-137305458.56561336,-59493336.41584047
2460836.0416666665,-30708466.321286727,-137325324.3721574,-59501949.39449054
2460836.0833333335,-30605029.82950752,-137345123.09861505,-59510533.29522458
2460836.125,-30501578.643688094,-137364854.73580366,-59519088.114061706
2460836.1666666665,-30398112.81367507,-137384519.27523348,-59527613.847321495
2460836.2083333335,-30294632.389319777,-137404116.70844346,-59536110.49133596
2460836.25,-30191137.42393305,-137423647.02635056,-59544578.04216741
2460836.2916666665,-30087627.967377104,-137443110.220558,-59553016.49617568
2460836.3333333335,-29984104.069518805,-137462506.2826976,-59561425.84973307
2460836.375,-29880565.78368592,-137481835.20378602,-59569806.09894509
2460836.4166666665,-29777013.159756057,-137501096.97551933,-59578157.24021185
2460836.4583333335,-29673446.24761144,-137520291.5896224,-59586479.26994596
2460836.5,-29569865.10059655,-137539419.0372115,-59594772.1842961
2460836.5416666665,-29466269.76860421,-137558479.31007567,-59603035.97970271
2460836.5833333335,-29362660.30153181,-137577472.40003273,-59611270.65261865
2460836.625,-29259036.75274032,-137596398.2982986,-59619476.19923585
2460836.6666666665,-29155399.172137596,-137615256.99675533,-59627652.61603502
2460836.7083333335,-29051747.609635986,-137634048.4873137,-59635799.89950933
2460836.75,-28948082.118612774,-137652772.7612893,-59643918.04589393
2460836.7916666665,-28844402.748990625,-137671429.81065717,-59652007.05170983
2460836.8333333335,-28740709.55069668,-137690019.62742105,-59660066.91349051
2460836.875,-28637002.577124298,-137708542.20299634,-59668097.62751435
2460836.9166666665,-28533281.878210794,-137726997.529451,-59676099.19034266
2460836.9583333335,-28429547.50389788,-137745385.5988818,-59684071.598549224
2460837.0,-28325799.507594794,-137763706.40280387,-59692014.84845567
2460837.0416666665,-28222037.939253315,-137781959.93337813,-59699928.93666361
2460837.0833333335,-28118262.848829523,-137800146.18279442,-59707813.85978717
2460837.125,-28014474.289748345,-137818265.14266756,-59715669.614191204
2460837.1666666665,-27910672.311975803,-137836316.80525157,-59723496.19651765
2460837.2083333335,-27806856.965482175,-137854301.16282925,-59731293.60342094
2460837.25,-27703028.303707868,-137872218.2071152,-59739061.83130918
2460837.2916666665,-27599186.37663295,-137890067.9304565,-59746800.87686465
2460837.3333333335,-27495331.23424171,-137907850.32522896,-59754510.73678211
2460837.375,-27391462.9299898,-137925565.383247,-59762191.40751291
2460837.4166666665,-27287581.513871178,-137943213.0969507,-59769842.885779664
2460837.4583333335,-27183687.03588393,-137960793.45880896,-59777465.16831747
