2460806.5,50168321.06639893,-24750737.102630064,-18395029.97473351
2460806.5416666665,50221130.22171914,-24607058.741797037,-18323744.845658194
2460806.5833333335,50273514.37808692,-24463181.201509703,-18252309.266764604
2460806.625,50325472.349386565,-24319105.337328672,-18180723.57216371
2460806.6666666665,50377002.95087815,-24174832.00478451,-18108988.096092846
2460806.7083333335,50428104.997444406,-24030362.064190112,-18037103.175304987
2460806.75,50478777.30192348,-23885696.38549269,-17965069.15148803
2460806.7916666665,50529018.67853763,-23740835.838649273,-17892886.366478406
2460806.8333333335,50578827.94118332,-23595781.298459083,-17820555.164665494
2460806.875,50628203.90180797,-23450533.649434954,-17748075.895425875
2460806.9166666665,50677145.373752885,-23305093.776139908,-17675448.908307232
2460806.9583333335,50725651.170086995,-23159462.56803923,-17602674.55544782
2460807.0,50773720.102027886,-23013640.924391102,-17529753.194025576
2460807.0416666665,50821350.98219832,-22867629.744544696,-17456685.181412514
2460807.0833333335,50868542.623004004,-22721429.932811752,-17383470.877609167
2460807.125,50915293.8350992,-22575042.403376073,-17310110.64770839
2460807.1666666665,50961603.43055623,-22428468.070553772,-17236604.857020516
2460807.2083333335,51007470.22128755,-22281707.853683952,-17162953.87352262
2460807.25,51052893.017556384,-22134762.68205689,-17089158.070336938
2460807.2916666665,51097870.63105851,-21987633.485136867,-17015217.820826977
2460807.3333333335,51142401.87338891,-21840321.19747179,-16941133.501061477
2460807.375,51186485.55459798,-21692826.763639655,-16866905.492307357
2460807.4166666665,51230120.486184664,-21545151.128434606,-16792534.17609697
2460807.4583333335,51273305.47960833,-21397295.24179513,-16718019.936706692
2460807.5,51316039.344890624,-21249260.063768588,-16643363.163664235
2460807.5416666665,51358320.89351953,-21101046.554661,-16568564.246787295
2460807.5833333335,51400148.937006615,-20952655.679983534,-16493623.578676624
2460807.625,51441522.28553508,-20804088.415434815,-16418541.557237621
2460807.6666666665,51482439.75077393,-20655345.737014968,-16343318.580690581
2460807.7083333335,51522900.14448099,-20506428.625990197,-16267955.050078142
2460807.75,51562902.277197555,-20357338.073892437,-16192451.371801022
2460807.7916666665,51602444.96097189,-20208075.072598346,-16116807.952600095
2460807.8333333335,51641527.00800853,-20058640.619311564,-16041025.20207813
2460807.875,51680147.22940973,-19909035.721579507,-15965103.535249477
2460807.9166666665,51718304.43780776,-19759261.387337804,-15889043.367494294
2460807.9583333335,51755997.44606068,-19609318.629909992,-15812845.117094357
2460808.0,51793225.06604114,-19459208.473041087,-15736509.20779667
2460808.0416666665,51829986.11117665,-19308931.940908093,-15660036.063739989
2460808.0833333335,51866279.39519227,-19158490.063136786,-15583426.112004645
2460808.125,51902103.73094711,-19007883.87985178,-15506679.785189908
2460808.1666666665,51937457.9328818,-18857114.4316537,-15429797.51631306
2460808.2083333335,51972340.815808654,-18706182.764652707,-15352779.741373127
2460808.25,52006751.19379597,-18555089.935534775,-15275626.901941817
2460808.2916666665,52040687.88252233,-18403837.00150608,-15198339.44003545
2460808.3333333335,52074149.69811424,-18252425.025343034,-15120917.800692404
2460808.375,52107135.456078984,-18100855.08047435,-15043362.434577536
2460808.4166666665,52139643.973564714,-17949128.240893334,-14965673.792827204
2460808.4583333335,52171674.0682462,-17797245.586224042,-14887852.329640303
2460808.5,52203224.55730641,-17645208.20681883,-14809898.504896015
2460808.5416666665,52234294.25960183,-17493017.19363919,-14731812.778972197
2460808.5833333335,52264881.99459663,-17340673.64333765,-14653595.61534986
2460808.625,52294986.58139335,-17188178.66337054,-14575247.483244115
2460808.6666666665,52324606.84080278,-17035533.361847885,-14496768.85239616
2460808.7083333335,52353741.59432685,-16882738.85263088,-14418160.195691105
2460808.75,52382389.66323886,-16729796.260459356,-14339421.99180194
2460808.7916666665,52410549.87055717,-16576706.710771529,-14260554.719955416
2460808.8333333335,52438221.04007724,-16423471.33481655,-14181558.862563053
2460808.875,52465401.99550174,-16270091.27479646,-14102434.907877967
2460808.9166666665,52492091.562317334,-16116567.673656348,-14023183.34473495
2460808.9583333335,52518288.56687628,-15962901.680211697,-13943804.665194489
2460809.0,52543991.835576735,-15809094.454304392,-13864299.367212318
2460809.0416666665,52569200.19664203,-15655147.15656404,-13784667.949353974
2460809.0833333335,52593912.479252085,-15501060.95354969,-13704910.913451664
2460809.125,52618127.51277441,-15346837.022919577,-13625028.767286409
2460809.1666666665,52641844.128445,-15192476.54316422,-13545022.019277334
2460809.2083333335,52665061.15855016,-15037980.69876222,-13464891.18115126
2460809.25,52687777.43570831,-14883350.685363315,-13384636.770637253
2460809.2916666665,52709991.79445207,-14728587.699493991,-13304259.306130957
2460809.3333333335,52731703.070460625,-14573692.94372694,-13223759.309376754
2460809.375,52752910.0998929,-14418667.631877087,-13143137.308174534
2460809.4166666665,52773611.720869996,-14263512.978680383,-13062393.831019407
2460809.4583333335,52793806.77275855,-14108230.204976574,-12981529.409796229
2460809.5,52813494.0955556,-13952820.542917794,-12900544.58249847
2460809.5416666665,52832672.531270705,-13797285.225621264,-12819439.887843564
2460809.5833333335,52851340.92326067,-13641625.492364973,-12738215.867979672
2460809.625,52869498.11566642,-13485842.593808468,-12656873.071216453
2460809.6666666665,52887142.95469419,-13329937.781620156,-12575412.04661638
2460809.7083333335,52904274.2880019,-13173912.313685533,-12493833.346713567
2460809.75,52920890.9641885,-13017767.45933975,-12412137.530256266
2460809.7916666665,52936991.83397344,-12861504.488970265,-12330325.156774469
2460809.8333333335,52952575.74963511,-12705124.679237207,-12248396.789310629
2460809.875,52967641.564553,-12548629.318317337,-12166352.997173693
2460809.9166666665,52982188.13428477,-12392019.69548277,-12084194.350483328
2460809.9583333335,52996214.31605719,-12235297.1063331,-12001921.422912352
2460810.0,53009718.96836134,-12078462.858050315,-11919534.79445213
2460810.0416666665,53022700.951926716,-11921518.258954357,-11837035.045933746
2460810.0833333335,53035159.12926492,-11764464.62374659,-11754422.761781964
2460810.125,53047092.364318386,-11607303.278775273,-11671698.5327918
2460810.1666666665,53058499.52333073,-11450035.551568702,-11588862.950626995
2460810.2083333335,53069379.474443644,-11292662.776089609,-11505916.610585287
2460810.25,53079731.08739939,-11135186.298010776,-11422860.114386015
2460810.2916666665,53089553.23430686,-10977607.464226516,-11339694.064646175
2460810.3333333335,53098844.789291866,-10819927.62811762,-11256419.067656897
2460810.375,53107604.62825395,-10662148.15483663,-11173035.736181803
2460810.4166666665,53115831.629527286,-10504270.410798503,-11089544.68391107
2460810.4583333335,53123524.67358491,-10346295.76895561,-11005946.528248852
2460810.5,53130682.64284997,-10188225.614092294,-10922241.89312225
2460810.5416666665,53137304.422251016,-10030061.332295468,-10838431.403413702
2460810.5833333335,53143388.8989804,-9871804.31623925,-10754515.687759174
2460810.625,53148934.962360404,-9713455.97048839,-10670495.38136755
2460810.6666666665,53153941.50429217,-9555017.700949538,-10586371.120431673
2460810.7083333335,53158407.41906863,-9396490.920165163,-10502143.544937149
2460810.75,53162331.60329588,-9237877.052625299,-10417813.301491912
2460810.7916666665,53165712.95623509,-9079177.524200406,-10333381.037716333
2460810.8333333335,53168550.37967033,-8920393.767444037,-10248847.405062383
2460810.875,53170842.77788551,-8761527.226912506,-10164213.061653197
2460810.9166666665,53172589.057898596,-8602579.34858013,-10079478.666652607
2460810.9583333335,53173788.1293847,-8443551.585150216,-9994644.883094477
2460811.0,53174438.90470891,-8284445.401382176,-9909712.380732037
2460811.0416666665,53174540.29905218,-8125262.263489993,-9824681.830387231
2460811.0833333335,53174091.23039003,-7966003.644461064,-9739553.906790003
2460811.125,53173090.61958155,-7806671.029390298,-9654329.291437197
2460811.1666666665,53171537.39038642,-7647265.904862642,-9569008.666922089
2460811.2083333335,53169430.4694994,-7487789.764279332,-9483592.71978343
2460811.25,53166768.78669605,-7328244.113198483,-9398082.14337368
2460811.2916666665,53163551.274739966,-7168630.458702546,-9312477.632169116
2460811.3333333335,53159776.86947373,-7008950.314731479,-9226779.88462843
2460811.375,53155444.51002133,-6849205.207429357,-9140989.606070042
2460811.4166666665,53150553.13858529,-6689396.664497625,-9055107.502963217
2460811.4583333335,53145101.70059413,-6529526.220534724,-8969134.285795964
2460811.5,53139089.14496201,-6369595.422388211,-8883070.671961233
2460811.5416666665,53132514.42377506,-6209605.8184947,-8796917.380029423
2460811.5833333335,53125376.49249564,-6049558.964225445,-8710675.132625366
2460811.625,53117674.310279615,-5889456.42724349,-8624344.65932316
2460811.6666666665,53109406.83955112,-5729299.776831184,-8537926.690900508
2460811.7083333335,53100573.04626409,-5569090.589241233,-8451421.96222453
2460811.75,53091171.90027741,-5408830.453058357,-8364831.215155022
2460811.7916666665,53081202.37481753,-5248520.958515305,-8278155.192781017
2460811.8333333335,53070663.446797535,-5088163.702848857,-8191394.642315209
2460811.875,53059554.09725049,-4927760.295665506,-8104550.318005394
2460811.9166666665,53047873.31067933,-4767312.348246846,-8017622.975353669
2460811.9583333335,53035620.07543378,-4606821.478910066,-7930613.374019254
2460812.0,53022793.3842022,-4446289.318377088,-7843522.280737838
2460812.0416666665,53009392.233248055,-4285717.499070307,-7756350.463523874
2460812.0833333335,52995415.622845165,-4125107.660477015,-7669098.69458154
2460812.125,52980862.557828166,-3964461.454521506,-7581767.7532317545
2460812.1666666665,52965732.04671518,-3803780.534852084,-7494358.420098001
2460812.2083333335,52950023.10220142,-3643066.562208914,-7406871.480025176
2460812.25,52933734.74176884,-3482321.209798545,-7319307.725014025
2460812.2916666665,52916865.986694194,-3321546.1525731487,-7231667.948390947
2460812.3333333335,52899415.86260148,-3160743.0726012634,-7143952.947734471
2460812.375,52881383.40013093,-2999913.664444196,-7056163.527816863
2460812.4166666665,52862767.63383195,-2839059.6244284585,-6968300.494758348
2460812.4583333335,52843567.60277464,-2678182.6560188644,-6880364.65896099
2460812.5,52823782.35127847,-2517284.4751962675,-6792356.838057169
2460812.5416666665,52803410.927689485,-2356366.7997241616,-6704277.851048718
2460812.5833333335,52782452.38505122,-2195431.3545236103,-6616128.521247916
2460812.625,52760905.781893305,-2034479.8770517262,-6527909.679232588
2460812.6666666665,52738770.18089241,-1873514.106563474,-6439622.156970619
2460812.7083333335,52716044.649602786,-1712535.7894878346,-6351266.7907677945
2460812.75,52692728.26130511,-1551546.6848065075,-6262844.424229258
2460812.7916666665,52668820.09355059,-1390548.5533118753,-6174355.902369866
2460812.8333333335,52644319.22895145,-1229543.1629838753,-6085802.074568617
2460812.875,52619224.75609024,-1068532.2943683437,-5997183.797536192
2460812.9166666665,52593535.76794655,-907517.7298321547,-5908501.9294116255
2460812.9583333335,52567251.3627477,-746501.258940239,-5819757.332723055
2460813.0,52540370.64493884,-585484.6838329872,-5730950.877361061
2460813.0416666665,52512892.72349168,-424469.80847959546,-5642083.434662148
2460813.0833333335,52484816.71281566,-263458.44405465294,-5553155.88037554
2460813.125,52456141.733789064,-102452.41431402555,-5464169.097642019
2460813.1666666665,52426866.911949255,58546.455152559094,-5375123.971064738
2460813.2083333335,52396991.3784646,219536.3315459271,-5286021.389681755
2460813.25,52366514.27122686,380515.3694836963,-5196862.249950106
2460813.2916666665,52335434.73292235,541481.7217473881,-5107647.449804431
2460813.3333333335,52303751.9120649,702433.5339084449,-5018377.891634979
2460813.375,52271464.96414974,863368.9389571766,-4929054.485276615
2460813.4166666665,52238573.04960514,1024286.06804852,-4839678.14205576
2460813.4583333335,52205075.33488653,1185183.0451302384,-4750249.7777736
2460813.5,52170970.99369226,1346057.9815751924,-4660770.315699703
2460813.5416666665,52136259.20479503,1506908.9869246623,-4571240.680607819
2460813.5833333335,52100939.15319763,1667734.1635193368,-4481661.801763972
2460813.625,52065010.0314106,1828531.6011355189,-4392034.615924401
2460813.6666666665,52028471.03716308,1989299.3877249262,-4302360.061360744
2460813.7083333335,51991321.37462032,2150035.604049072,-4212639.080852712
2460813.75,51953560.2557235,2310738.31832003,-4122872.6246900447
2460813.7916666665,51915186.89777956,2471405.5969356033,-4033061.6446876167
2460813.8333333335,51876200.52474056,2632035.499117727,-3943207.097182387
2460813.875,51836600.36860606,2792626.071558405,-3853309.946039061
2460813.9166666665,51796385.66689123,2953175.359149151,-3763371.156655656
2460813.9583333335,51755555.6639685,3113681.399624012,-3673391.698964425
2460814.0,51714109.61253253,3274142.2182113263,-3583372.550440902
2460814.0416666665,51672046.77094628,3434555.8383563072,-3493314.6901004794
2460814.0833333335,51629366.404644996,3594920.276369319,-3403219.101502993
2460814.125,51586067.78766409,3755233.5360840946,-3313086.7757648313
2460814.1666666665,51542150.199862644,3915493.6195723196,-3222918.705547084
2460814.2083333335,51497612.928389974,4075698.521797798,-3132715.888063465
2460814.25,51452455.26927661,4235846.225281788,-3042479.3280951628
2460814.2916666665,51406676.52453471,4395934.710808413,-2952210.031971128
2460814.3333333335,51360276.0036875,4555961.952085387,-2861909.0105790137
2460814.375,51313253.02542344,4715925.910417089,-2771577.2823824324
2460814.4166666665,51265606.91457316,4875824.545399684,-2681215.8673939565
2460814.4583333335,51217337.00370198,5035655.809589006,-2590825.790188754
2460814.5,51168442.63482735,5195417.643182071,-2500408.0829239152
2460814.5416666665,51118923.156272,5355107.9847007,-2409963.7793047484
2460814.5833333335,51068777.92431955,5514724.765667247,-2319493.917600777
2460814.625,51018006.304995574,5674265.905295201,-2228999.5436668014
2460814.6666666665,50966607.67079638,5833729.321160117,-2138481.7049030755
2460814.7083333335,50914581.402408004,5993112.923883861,-2047941.4532733392
2460814.75,50861926.89055096,6152414.611834971,-1957379.848327254
2460814.7916666665,50808643.53258433,6311632.281785704,-1866797.9511550786
2460814.8333333335,50754730.73428818,6470763.82360545,-1776196.8274073806
2460814.875,50700187.911772266,6629807.114971535,-1685577.5503185121
2460814.9166666665,50645014.487954915,6788760.032011185,-1594941.1946563786
2460814.9583333335,50589209.89440914,6947620.44400477,-1504288.8397434913
2460815.0,50532773.57333535,7106386.208107743,-1413621.5724811256
2460815.0416666665,50475704.97391467,7265055.179976283,-1322940.4812948098
2460815.0833333335,50418003.55421886,7423625.208481064,-1232246.6591563541
2460815.125,50359668.783247195,7582094.130441014,-1141541.2066083485
2460815.1666666665,50300700.13715381,7740459.7812314,-1050825.2257059785
2460815.2083333335,50241097.101221636,7898719.989508811,-960099.82303969
2460815.25,50180859.171963416,8056872.571957426,-869366.1127596693
2460815.2916666665,50119985.85322289,8214915.343878314,-778625.2105145995
2460815.3333333335,50058476.65821271,8372846.113926277,-687878.2364746239
2460815.375,49996331.11167982,8530662.678869395,-597126.3183554178
2460815.4166666665,49933548.745880045,8688362.8341582,-506370.5853545554
2460815.4583333335,49870129.10268013,8845944.368675176,-415612.1711743856
2460815.5,49806071.735787615,9003405.059508178,-324852.21704533976
2460815.5416666665,49741376.20659839,9160742.682498308,-234091.86566054728
2460815.5833333335,49676042.08636309,9317955.007002676,-143332.26419826038
2460815.625,49610068.958481416,9475039.790682511,-52574.56734403223
2460815.6666666665,49543456.41422245,9631994.790028369,38180.06877577584
2460815.7083333335,49476204.054955386,9788817.755136913,128930.48357237689
2460815.75,49408311.494508475,9945506.4245144,219675.50897390116
2460815.7916666665,49339778.354761735,10102058.535577938,310413.9754923256
2460815.8333333335,49270604.267942086,10258471.819447016,401144.7092030402
2460815.875,49200788.87904699,10414743.99576306,491866.5287260944
2460815.9166666665,49130331.84130925,10570872.783165459,582578.2512928825
2460815.9583333335,49059232.818556696,10726855.894098526,673278.6897272868
2460816.0,48987491.48770043,10882691.029647887,763966.6494291974
2460816.0416666665,48915107.53407157,11038375.889989931,854640.9344402896
2460816.0833333335,48842080.65384544,11193908.169214932,945300.3444271078
2460816.125,48768410.556594506,11349285.550181016,1035943.6716672657
2460816.1666666665,48694096.96049681,11504505.714935679,1126569.7071136143
2460816.2083333335,48619139.59482466,11659566.339555811,1217177.2373796543
2460816.25,48543538.20256237,11814465.089019973,1307765.041728817
2460816.2916666665,48467292.53548599,11969199.627600633,1398331.8981363177
2460816.3333333335,48390402.35671666,12123767.61372185,1488876.5802772986
2460816.375,48312867.44340313,12278166.694850557,1579397.8545195637
2460816.4166666665,48234687.581672534,12432394.517858205,1669894.4859824358
2460816.4583333335,48155862.56924844,12586448.723896796,1760365.2355280071
2460816.5,48076392.21819809,12740326.943309963,1850808.8567577414
2460816.5416666665,47996276.34975406,12894026.80596263,1941224.1020676252
2460816.5833333335,47915514.79699703,13047545.936136136,2031609.7196429186
2460816.625,47834107.40766777,13200881.947459843,2121964.4504589913
2460816.6666666665,47752054.0388595,13354032.453207422,2212287.034332065
2460816.7083333335,47669354.55976524,13506995.061211854,2302576.2069178754
2460816.75,47586008.854554415,13659767.36881831,2392830.6967172017
2460816.7916666665,47502016.81693588,13812346.973145695,2483049.2311214153
2460816.8333333335,47417378.352969915,13964731.466022192,2573230.5334154526
2460816.875,47332093.38400933,14116918.42896026,2663373.3197884373
2460816.9166666665,47246161.84113312,14268905.443381924,2753476.305373315
2460816.9583333335,47159583.66802277,14420690.08557572,2843538.2012545494
2460817.0,47072358.82396816,14572269.92169448,2933557.7114842394
2460817.0416666665,46984487.278171346,14723642.517943038,3023533.539115102
2460817.0833333335,46895969.0126875,14874805.435557263,3113464.3832133003
2460817.125,46806804.02549519,15025756.225825427,3203348.9358804636
2460817.1666666665,46716992.32467042,15176492.44023688,3293185.888279278
2460817.2083333335,46626533.93139199,15327011.625483938,3382973.927651846
2460817.25,46535428.88307617,15477311.3185076,3472711.7343480326
2460817.2916666665,46443677.22742085,15627389.056605738,3562397.9878429044
2460817.3333333335,46351279.025475204,15777242.372458607,3652031.363761029
2460817.375,46258234.354838744,15926868.789199688,3741610.5309115797
2460817.4166666665,46164543.30357542,16076265.830481911,3831134.1572968345
2460817.4583333335,46070205.97334758,16225431.015527595,3920600.907142857
2460817.5,45975222.48267919,16374361.854225125,4010009.437941756
2460817.5416666665,45879592.96073987,16523055.85715182,4099358.406450495
2460817.5833333335,45783317.55054311,16671510.530648977,4188646.465728348
2460817.625,45686396.412273355,16819723.371945232,4277872.262186765
2460817.6666666665,45588829.7169402,16967691.879134536,4367034.4415776795
2460817.7083333335,45490617.64964041,17115413.54627714,4456131.646038184
2460817.75,45391760.41294907,17262885.858550325,4545162.511148414
2460817.7916666665,45292258.22044361,17410106.302180078,4634125.671908578
2460817.8333333335,45192111.30002974,17557072.359568708,4723019.759791253
2460817.875,45091319.897396326,17703781.50447381,4811843.399807735
2460817.9166666665,44989884.26940937,17850231.211892046,4900595.216472983
2460817.9583333335,44887804.68750168,17996418.95321425,4989273.830865965
2460818.0,44785081.44119123,18142342.19143331,5077877.857704903
2460818.0416666665,44681714.831345215,18287998.39097865,5166405.911299318
2460818.0833333335,44577705.173633195,18433385.012899473,5254856.602618868
2460818.125,44473052.80210887,18578499.51010246,5343228.536377905
2460818.1666666665,44367758.06234412,18723339.337135293,5431520.316973816
2460818.2083333335,44261821.31494558,18867901.94539897,5519730.545564775
2460818.25,44155242.93919949,19012184.77841593,5607857.817164051
2460818.2916666665,44048023.32607593,19156185.281561233,5695900.726563824
2460818.3333333335,43940162.8818085,19299900.897304602,5783857.865422273
2460818.375,43831662.031602114,19443329.060509812,5871727.819368076
2460818.4166666665,43722521.212507464,19586467.208111975,5959509.173908868
2460818.4583333335,43612740.877063684,19729312.774390057,6047200.511528101
2460818.5,43502321.49706872,19871863.186298333,6134800.408800174
2460818.5416666665,43391263.55632427,20014115.873088215,6222307.442282682
2460818.5833333335,43279567.554341115,20156068.261612013,6309720.185623504
2460818.625,43167234.01017189,20297717.771687232,6397037.206686963
2460818.6666666665,43054263.45502657,20439061.825661357,6484257.07342907
2460818.7083333335,42940656.43604026,20580097.843747683,6571378.351015222
2460818.75,42826413.52016811,20720823.239423152,6658399.598957884
2460818.7916666665,42711535.28667149,20861235.4289346,6745319.376973922
2460818.8333333335,42596022.33094808,21001331.82666736,6832136.242113387
2460818.875,42479875.268488415,21141109.840577457,6918848.745909132
2460818.9166666665,42363094.727233246,21280566.881637704,7005455.440215389
2460818.9583333335,42245681.35146537,21419700.35923986,7091954.874348067
2460819.0,42127635.80582777,21558507.67666194,7178345.592246743
2460819.0416666665,42008958.767552145,21696986.240452584,7264626.138293622
2460819.0833333335,41889650.930412374,21835133.455867544,7350795.054465774
2460819.125,41769713.00880383,21972946.722372837,7436850.877509953
2460819.1666666665,41649145.72984338,22110423.442965828,7522792.144741051
2460819.2083333335,41527949.837384164,22247561.019646782,7608617.391206719
2460819.25,41406126.096155725,22384356.848958626,7694325.146875445
2460819.2916666665,41283675.283735804,22520808.331243165,7779913.942413635
2460819.3333333335,41160598.1946261,22656912.86614844,7865382.306363042
2460819.375,41036895.64445283,22792667.848205846,7950728.762342546
2460819.4166666665,40912568.46181069,22928070.676019892,8035951.834802969
2460819.4583333335,40787617.49239922,23063118.747812103,8121050.046217761
2460819.5,40662043.60328343,23197809.457036268,8206021.914298903
2460819.5416666665,40535847.674610265,23332140.2015001,8290865.95772858
2460819.5833333335,40409030.60380523,23466108.378946453,8375580.693363536
2460819.625,40281593.309892714,23599711.382707443,8460164.633465568
2460819.6666666665,40153536.725085326,23732946.610756397,8544616.291409126
2460819.7083333335,40024861.79904041,23865811.461327124,8628934.1788998
2460819.75,39895569.50323959,23998303.328607623,8713116.803219814
2460819.7916666665,39765660.82245152,24130419.61172074,8797162.672910668
2460819.8333333335,39635136.7590478,24262157.710382227,8881070.295006184
2460819.875,39503998.3374414,24393515.020634744,8964838.172293425
2460819.9166666665,39372246.59542317,24524488.943755634,9048464.808969488
2460819.9583333335,39239882.58853683,24655076.88195446,9131948.707889518
2460820.0,39106907.3945758,24785276.234148085,9215288.367843512
2460820.0416666665,38973322.104793966,24915084.404793885,9298482.28918632
2460820.0833333335,38839127.828339316,25044498.79962753,9381528.97110107
2460820.125,38704325.696808726,25173516.821479835,9464426.908892294
2460820.1666666665,38568916.85533349,25302135.879033808,9547174.599588204
2460820.2083333335,38432902.46707116,25430353.38260337,9629770.539219974
2460820.25,38296283.7178178,25558166.7399927,9712213.220131587
2460820.2916666665,38159061.80696887,25685573.36517549,9794501.136553492
2460820.3333333335,38021237.952068776,25812570.674115334,9876632.781898152
2460820.375,37882813.39348017,25939156.080668237,9958606.64608705
2460820.4166666665,37743789.385220654,26065327.005182475,10040421.221094789
2460820.4583333335,37604167.19956973,26191080.87036134,10122074.998261325
2460820.5,37463948.131794415,26316415.09720952,10203566.465636572
2460820.5416666665,37323133.490862675,26441327.113551944,10284894.113494001
2460820.5833333335,37181724.60410699,26565814.349939544,10366056.431659978
2460820.625,37039722.82200605,26689874.235640258,10447051.906876406
2460820.6666666665,36897129.5087753,26813504.20707515,10527879.028282853
2460820.7083333335,36753946.04708685,26936701.703767948,10608536.284763455
2460820.75,36610173.84290654,27059464.164381303,10689022.162327977
2460820.7916666665,36465814.31596244,27181789.035068586,10769335.149561556
2460820.8333333335,36320868.90452045,27303673.76546788,10849473.734989572
2460820.875,36175339.070276305,27425115.80478413,10929436.404477537
2460820.9166666665,36029226.28870264,27546112.610055048,11009221.646647537
2460820.9583333335,35882532.05387986,27666661.642190155,11088827.950261442
2460821.0,35735257.883442424,27786760.362099584,11168253.801640082
2460821.0416666665,35587405.308805324,27906406.23887236,11247497.690045398
2460821.0833333335,35438975.8800496,28025596.745861255,11326558.105082437
2460821.125,35289971.17092241,28144329.356858805,11405433.534138197
2460821.1666666665,35140392.76894364,28262601.554186422,11484122.467728548
2460821.2083333335,34990242.28034557,28380410.824825652,11562623.396919422
2460821.25,34839521.335126065,28497754.656642098,11640934.810785733
2460821.2916666665,34688231.57703623,28614630.54638371,11719055.20172211
2460821.3333333335,34536374.66857362,28731035.995859098,11796983.062883683
2460821.375,34383952.296087965,28846968.508210022,11874716.885665486
2460821.4166666665,34230966.1596507,28962425.5958172,11952255.164976045
2460821.4583333335,34077417.97810115,29077404.776526358,12029596.396698166
2460821.5,33923309.49420421,29191903.56996986,12106739.075189207
2460821.5416666665,33768642.464402616,29305919.505378455,12183681.698516577
2460821.5833333335,33613418.663915545,29419450.117855676,12260422.765938906
2460821.625,33457639.891947564,29532492.944749247,12336960.775427606
2460821.6666666665,33301307.961324647,29645045.533367146,12413294.228863299
2460821.7083333335,33144424.70364454,29757105.437300947,12489421.629537763
2460821.75,32986991.97453636,29868670.212847635,12565341.479697186
2460821.7916666665,32829011.64318134,29979737.42662837,12641052.285698554
2460821.8333333335,32670485.597514335,30090304.651961394,12716552.555532774
2460821.875,32511415.749533396,30200369.46533484,12791840.796389986
2460821.9166666665,32351804.024706308,30309929.453926582,12866915.519774955
2460821.9583333335,32191652.367222555,30418982.212027334,12941775.239051778
2460822.0,32030962.745352257,30527525.337564997,13016418.46703161
2460822.0416666665,31869737.140739508,30635556.439524062,13090843.721046118
2460822.0833333335,31707977.5537042,30743073.13441942,13165049.52051413
2460822.125,31545686.008649614,30850073.04287288,13239034.384552171
2460822.1666666665,31382864.543243676,30956553.7969305,13312796.837005017
2460822.2083333335,31219515.213769987,31062513.036587708,13386335.404034648
2460822.25,31055640.100583375,31167948.406418554,13459648.611753989
2460822.2916666665,30891241.297180198,31272857.562789362,13532734.991213575
2460822.3333333335,30726320.915597916,31377238.170435768,13605593.076013211
2460822.375,30560881.09191793,31481087.899145234,13678221.399959259
2460822.4166666665,30394923.97522609,31584404.43086547,13750618.502006471
2460822.4583333335,30228451.733060144,31687185.456333946,13822782.923892716
2460822.5,30061466.556959115,31789428.67181418,13894713.207820177
2460822.5416666665,29893970.651315298,31891131.786097407,13966407.901351398
2460822.5833333335,29725966.238868855,31992292.517185092,14037865.555067435
2460822.625,29557455.56630304,32092908.589079536,14109084.720273323
2460822.6666666665,29388440.892988905,32192977.73867724,14180063.953847388
2460822.7083333335,29218924.496526383,32292497.712504942,14250801.81592316
2460822.75,29048908.6783846,32391466.263565086,14321296.867619492
2460822.7916666665,28878395.75254063,32489881.15811933,14391547.675842147
2460822.8333333335,28707388.05106632,32587740.172478624,14461552.81098987
2460822.875,28535887.92981299,32685041.089904074,14531310.844709465
2460822.9166666665,28363897.756945543,32781781.707279045,14600820.354648741
2460822.9583333335,28191419.918574326,32877959.831953846,14670079.922187064
2460823.0,28018456.824483473,32973573.2787024,14739088.130215747
2460823.0416666665,27845010.896561764,33068619.876281522,14807843.567841407
2460823.0833333335,27671084.5744788,33163097.464330662,14876344.828141343
2460823.125,27496680.321456216,33257003.890384894,14944590.505969573
2460823.1666666665,27321800.612596698,33350337.016319856,15012579.202609655
2460823.2083333335,27146447.940603778,33443094.715307053,15080309.52355524
2460823.25,26970624.821595117,33535274.868883643,15147780.076342076
2460823.2916666665,26794333.783331197,33626875.37328157,15214989.475149367
2460823.3333333335,26617577.370977927,33717894.13643889,15281936.338605829
2460823.375,26440358.152961284,33808329.075126834,15348619.28764797
2460823.4166666665,26262678.709097117,33898178.121161655,15415036.950069092
2460823.4583333335,26084541.636395894,33987439.21847249,15481187.958351137
2460823.5,25905949.55495786,34076110.32028608,15547070.947549608
2460823.5416666665,25726905.096005544,34164189.39521998,15612684.55978924
2460823.5833333335,25547410.90772985,34251674.42440735,15678027.442121996
2460823.625,25367469.66122497,34338563.398739815,15743098.24443892
2460823.6666666665,25187084.03842519,34424854.324840575,15807895.623911578
2460823.7083333335,25006256.737991504,34510545.2222466,15872418.242876507
2460823.75,24824990.48128558,34595634.12071006,15936664.766774317
2460823.7916666665,24643288.000212386,34680119.06604995,16000633.868535977
2460823.8333333335,24461152.043146677,34763998.1173921,16064324.226494048
2460823.875,24278585.380945098,34847269.3445296,16127734.522349317
2460823.9166666665,24095590.794696383,34929930.83365155,16190863.445501052
2460823.9583333335,23912171.08168687,35011980.68464137,16253709.690985309
2460824.0,23728329.061449975,35093417.00849654,16316271.957469385
2460824.0416666665,23544067.56342568,35174237.9329332,16378548.95152516
2460824.0833333335,23359389.432964254,35254441.59974311,16440539.385594778
2460824.125,23174297.537412327,35334026.16227317,16502241.976013219
2460824.1666666665,22988794.753683366,35412989.79090448,16563655.447223835
2460824.2083333335,22802883.97429886,35491330.67046841,16624778.529771693
2460824.25,22616568.113510147,35569046.99778618,16685609.958354559
2460824.2916666665,22429850.094781667,35646136.98702121,16746148.475979757
2460824.3333333335,22242732.85686882,35722598.867154635,16806392.83198547
2460824.375,22055219.359974716,35798430.879585296,16866341.780120395
2460824.4166666665,21867312.573148046,35873631.28335414,16925994.082641087
2460824.4583333335,21679015.480396777,35948198.35267951,16985348.508361474
2460824.5,21490331.086879045,36022130.37461799,17044403.830761485
2460824.5416666665,21301262.40621746,36095425.65415961,17103158.832024045
2460824.5833333335,21111812.46664798,36168082.51182324,17161612.301113047
2460824.625,20921984.317244045,36240099.28137846,17219763.031911146
2460824.6666666665,20731781.015149124,36311474.31481048,17277609.827195585
2460824.7083333335,20541205.63175979,36382205.97997606,17335151.49674502
2460824.75,20350261.25898238,36452292.65838703,17392386.855506822
2460824.7916666665,20158950.99638583,36521732.75004339,17449314.727510795
2460824.8333333335,19967277.95741823,36590524.67115016,17505933.944005024
2460824.875,19775245.275695052,36658666.85196271,17562243.34165297
2460824.9166666665,19582856.09207425,36726157.74148704,17618241.766384277
2460824.9583333335,19390113.560905416,36792995.80525797,17673928.071560003
2460825.0,19197020.856348824,36859179.52324643,17729301.11619963
2460825.0416666665,19003581.159374718,36924707.394426055,17784359.768768292
2460825.0833333335,18809797.664044283,36989577.934612736,17839102.905371528
2460825.125,18615673.58385864,37053789.67443445,17893529.408012558
2460825.1666666665,18421212.13868437,37117341.16376285,17947638.168315057
2460825.2083333335,18226416.561065473,37180230.969614714,18001428.08574775
2460825.25,18031290.10260146,37242457.67418441,18054898.06591215
2460825.2916666665,17835836.020801198,37304019.87913957,18108047.024200138
2460825.3333333335,17640057.585424975,37364916.203584686,18160873.884048633
2460825.375,17443958.084890928,37425145.28215649,18213377.575258028
2460825.4166666665,17247540.813059196,37484705.7691827,18265557.037583813
2460825.4583333335,17050809.07560338,37543596.33670806,18317411.219021596
2460825.5,16853766.19644434,37601815.67265293,18368939.07415641
2460825.5416666665,16656415.504466863,37659362.48483411,18420139.567687724
2460825.5833333335,16458760.339919636,37716235.499053605,18471011.672744945
2460825.625,16260804.060875569,37772433.457320645,18521554.369267937
2460825.6666666665,16062550.029883156,37827955.12173373,18571766.647464585
2460825.7083333335,15864001.620394075,37882799.27263235,18621647.506157134
2460825.75,15665162.223249257,37936964.70688271,18671195.951194003
2460825.7916666665,15466035.23326703,37990450.24162004,18720410.998839334
2460825.8333333335,15266624.055697573,38043254.712463595,18769291.674150266
2460825.875,15066932.11273383,38095376.971866265,18817837.00942039
2460825.9166666665,14866962.83003868,38146815.892716385,18866046.04750047
2460825.9583333335,14666719.643225383,38197570.366616175,18913917.840207
2460826.0,14466206.004392473,38247639.302295506,18961451.44679737
2460826.0416666665,14265425.36859221,38297021.62907239,19008645.937221244
2460826.0833333335,14064381.200336136,38345716.29519509,19055500.390560478
2460826.125,13863076.98015313,38393722.266320296,19102013.893536326
2460826.1666666665,13661516.191001352,38441038.52883145,19148185.543690708
2460826.2083333335,13459702.324798107,38487664.08824486,19194014.447857812
2460826.25,13257638.889000162,38533597.9677524,19239499.72070346
2460826.2916666665,13055329.392961478,38578839.21139697,19284640.487835675
2460826.3333333335,12852777.354486529,38623386.88254287,19329435.884308178
2460826.375,12649986.306432016,38667240.062483154,19373885.05319207
2460826.4166666665,12446959.783012686,38710397.85347165,19417987.148615167
2460826.4583333335,12243701.326377248,38752859.37725765,19461741.3342975
2460826.5,12040214.49323064,38794623.77375825,19505146.782155592
2460826.5416666665,11836502.84109023,38835690.203946166,19548202.67526989
2460826.5833333335,11632569.934883475,38876057.84844906,19590908.20645256
2460826.625,11428419.353589892,38915725.90628693,19633262.576884445
2460826.6666666665,11224054.676449956,38954693.597615235,19675264.99901012
2460826.7083333335,11019479.48958368,38992960.162388936,19716914.6951381
2460826.75,10814697.39265137,39030524.85916521,19758210.89611072
2460826.7916666665,10609711.98501763,39067386.96770121,19799152.844126225
2460826.8333333335,10404526.87238996,39103545.78768315,19839739.79137161
2460826.875,10199145.67349744,39139000.63759435,19879970.99872557
2460826.9166666665,9993572.006212229,39173750.85716726,19919845.738507133
2460826.9583333335,9787809.494207287,39207795.80617762,19959363.29314129
2460827.0,9581861.773652159,39241134.863378145,19998522.953895215
2460827.0416666665,9375732.479294289,39273767.428804174,20037324.0235529
2460827.0833333335,9169425.251135083,39305692.92263326,20075765.815113794
2460827.125,8962943.74114184,39336910.78418441,20113847.650562447
2460827.1666666665,8756291.59929135,39367420.47407718,20151568.86346865
2460827.2083333335,8549472.48026337,39397221.47315664,20188928.797719315
2460827.25,8342490.050167862,39426313.28155846,20225926.806321602
2460827.2916666665,8135347.972553286,39454695.42072094,20262562.253928244
2460827.3333333335,7928049.915116596,39482367.43237562,20298834.5156027
2460827.375,7720599.556444947,39509328.87767824,20334742.975656044
2460827.4166666665,7513000.571991041,39535579.33907342,20370287.030096952
2460827.4583333335,7305256.640798845,39561118.41935104,20405466.085430365
2460827.5,7097371.452258818,39585945.74084319,20440279.55752823
2460827.5416666665,6889348.692052807,39610060.94714124,20474726.874003783
2460827.5833333335,6681192.048894552,39633463.70221803,20508807.473043866
2460827.625,6472905.221297589,39656153.68969103,20542520.80231368
2460827.6666666665,6264491.903492113,39678130.614391446,20575866.321254976
2460827.7083333335,6055955.792179404,39699394.20155249,20608843.49995217
2460827.75,5847300.593311518,39719944.196138665,20641451.818071265
2460827.7916666665,5638530.0079825595,39739780.364266865,20673690.767081562
2460827.8333333335,5429647.739196152,39758902.49246073,20705559.8491558
2460827.875,5220657.498656027,39777310.38704619,20737058.57614328
2460827.9166666665,5011562.992634147,39795003.87542439,20768186.471714865
2460827.9583333335,4802367.928750353,39811982.805392265,20798943.07029719
2460828.0,4593076.022772943,39828247.044604406,20829327.916080218
2460828.0416666665,4383690.984466122,39843796.48169768,20859340.565085135
2460828.0833333335,4174216.524380913,39858631.02567813,20888980.584132835
2460828.125,3964656.360664851,39872750.60544922,20918247.549886
2460828.1666666665,3755014.2048912067,39886155.17078816,20947141.05083962
2460828.2083333335,3545293.7688602684,39898844.69179911,20975660.686323896
2460828.25,3335498.7714172686,39910819.15850796,21003806.065580923
2460828.2916666665,3125632.9242658196,39922078.581690215,21031576.809677638
2460828.3333333335,2915699.938778689,39932622.99239075,21058972.55054322
2460828.375,2705703.5328230467,39942452.44158502,21085992.930080533
2460828.4166666665,2495647.416560579,39951567.00085864,21112637.60200125
2460828.4583333335,2285535.2992668482,39959966.76199371,21138906.230897855
2460828.5,2075370.896162972,39967651.83669647,21164798.49139001
2460828.5416666665,1865157.914204856,39974622.35712872,21190314.069881566
2460828.5833333335,1654900.0589102556,39980878.475560665,21215452.66366739
2460828.625,1444601.0411959502,39986420.36416517,21240213.980114657
2460828.6666666665,1234264.5631585885,39991248.21540107,21264597.738341667
2460828.7083333335,1023894.3249084988,39995362.24173258,21288603.66835951
2460828.75,813494.0314115081,39998762.67549016,21312231.510288473
2460828.7916666665,603067.3782637848,40001449.76910589,21335481.01595842
2460828.8333333335,392618.05853152974,40003423.79489954,21358351.948085498
2460828.875,182149.76959652104,40004685.04500595,21380844.079523668
2460828.9166666665,-28333.801072615664,40005233.83146274,21402957.19478658
2460828.9583333335,-238828.96907574008,40005070.48606307,21424691.08925937
2460829.0,-449332.0462328361,40004195.36034951,21446045.56848545
2460829.0416666665,-659839.3548138917,40002608.825554356,21467020.449609734
2460829.0833333335,-870347.2206901696,40000311.27251904,21487615.56062565
2460829.125,-1080851.9664839369,39997303.11175455,21507830.739697248
2460829.1666666665,-1291349.9257970813,39993584.77323461,21527665.836523723
2460829.2083333335,-1501837.4363592395,39989156.70638179,21547120.71162171
2460829.25,-1712310.8331765232,39984019.38019437,21566195.235682808
2460829.2916666665,-1922766.462756479,39978173.28289278,21584889.29085931
2460829.3333333335,-2133200.6762539856,39971618.921972364,21603202.7700819
2460829.375,-2343609.8226198936,39964356.82439672,21621135.576452643
2460829.4166666665,-2553990.2628199337,39956387.536097705,21638687.62445191
2460829.4583333335,-2764338.362979321,39947711.62209491,21655858.83929152
2460829.5,-2974650.4875321956,39938329.66675535,21672649.156343315
2460829.5416666665,-3184923.0134321414,39928242.27314751,21689058.522267204
2460829.5833333335,-3395152.3232963877,39917450.06322749,21705086.894399907
2460829.625,-3605334.798556992,39905953.678164974,21720734.240219075
2460829.6666666665,-3815466.8336605933,39893753.777551815,21736000.538392574
2460829.7083333335,-4025544.82921315,39880851.039654754,21750885.778202783
2460829.75,-4235565.185133774,39867246.161807634,21765389.95904644
2460829.7916666665,-4445524.314841387,39852939.85947505,21779513.091405075
2460829.8333333335,-4655418.638400913,39837932.86657152,21793255.19630504
2460829.875,-4865244.575680691,39822225.93591997,21806616.304853033
2460829.9166666665,-5074998.560523706,39805819.838170834,21819596.459127814
2460829.9583333335,-5284677.033896174,39788715.36218783,21832195.71167596
2460830.0,-5494276.437049441,39770913.31557236,21844414.125083175
2460830.0416666665,-5703793.225673497,39752414.5234389,21856251.7727873
2460830.0833333335,-5913223.863048883,39733219.8288671,21867708.738609906
2460830.125,-6122564.813213996,39713330.09349213,21878785.11636337
2460830.1666666665,-6331812.5550986,39692746.19613691,21889481.01058533
2460830.2083333335,-6540963.575680001,39671469.033330455,21899796.53610614
2460830.25,-6750014.363156652,39649499.5199641,21909731.817691732
2460830.2916666665,-6958961.421059443,39626838.58778113,21919286.990699664
2460830.3333333335,-7167801.261413034,39603487.18596139,21928462.200682435
2460830.375,-7376530.397916717,39579446.281843096,21937257.60306622
2460830.4166666665,-7585145.360031227,39554716.85927075,21945673.363728587
2460830.4583333335,-7793642.68614617,39529299.919245735,21953709.65863775
2460830.5,-8002018.916769084,39503196.48071371,21961366.673567176
2460830.5416666665,-8210270.608585522,39476407.57877142,21968644.604595132
2460830.5833333335,-8418394.32763355,39448934.26538319,21975543.65777994
2460830.625,-8626386.642501883,39420777.6102338,21982064.048910394
2460830.6666666665,-8834244.138361104,39391938.69879486,21988206.00392741
2460830.7083333335,-9041963.41014613,39362418.63310718,21993969.758635215
2460830.75,-9249541.055764358,39332218.5326988,21999355.558487654
2460830.7916666665,-9456973.690095851,39301339.53251189,22004363.658932094
2460830.8333333335,-9664257.938184708,39269782.783750735,22008994.325156584
2460830.875,-9871390.428458165,39237549.454864785,22013247.83191206
2460830.9166666665,-10078367.806693552,39204640.72933687,22017124.46377869
2460830.9583333335,-10285186.729219595,39171057.80659669,22020624.514949057
2460831.0,-10491843.856147269,39136801.90306864,22023748.289086223
2460831.0416666665,-10698335.865301566,39101874.24982225,22026496.09951276
2460831.0833333335,-10904659.4454335,39066276.09355092,22028868.269029967
2460831.125,-11110811.289463783,39030008.69768442,22030865.129811756
2460831.1666666665,-11316788.108377196,38993073.33990234,22032487.023516674
2460831.2083333335,-11522586.624446327,38955471.313177966,22033734.30114309
2460831.25,-11728203.564488929,38917203.92695515,22034607.322958924
2460831.2916666665,-11933635.673722865,38878272.50452578,22035106.45853691
2460831.3333333335,-12138879.7090025,38838678.38413851,22035232.08664578
2460831.375,-12343932.432090662,38798422.92023984,22034984.595215738
2460831.4166666665,-12548790.623472132,38757507.48071647,22034364.38129733
2460831.4583333335,-12753451.075603638,38715933.448068716,22033371.850988552
2460831.5,-12957910.586201293,38673702.22071555,22032007.41943609
2460831.5416666665,-13162165.972010683,38630815.21010283,22030271.51071804
2460831.5833333335,-13366214.06207135,38587273.841941155,22028164.557806965
2460831.625,-13570051.691020653,38543079.557574555,22025687.002606817
2460831.6666666665,-13773675.712818457,38498233.810955636,22022839.295759894
2460831.7083333335,-13977082.994027048,38452738.06994767,22019621.89664574
2460831.75,-14180270.407132333,38406593.8177566,22016035.273453765
2460831.7916666665,-14383234.844221171,38359802.54977418,22012079.90291472
2460831.8333333335,-14585973.21027767,38312365.77494395,22007756.270335462
2460831.875,-14788482.41652259,38264285.01725637,22003064.869707152
2460831.9166666665,-14990759.394041477,38215561.812460944,21998006.20336166
2460831.9583333335,-15192801.087098183,38166197.70949584,21992580.782042116
2460832.0,-15394604.446493456,38116194.27204583,21986789.125046637
2460832.0416666665,-15596166.443141917,38065553.07512446,21980631.759810027
2460832.0833333335,-15797484.06140382,38014275.70656707,21974109.22201005
2460832.125,-15998554.292463614,37962363.7686512,21967222.05574663
2460832.1666666665,-16199374.147854017,37909818.874549896,21959970.81304923
2460832.2083333335,-16399940.652806854,37856642.64988786,21952356.054018795
2460832.25,-16600250.83965257,37802836.7344239,21944378.347042315
2460832.2916666665,-16800301.76128949,37748402.778376654,21936038.26822631
2460832.3333333335,-17000090.48455474,37693342.44404338,21927336.401574373
2460832.375,-17199614.08364551,37637657.40754429,21918273.339236997
2460832.4166666665,-17398869.65353181,37581349.35502164,21908849.68087159
2460832.4583333335,-17597854.303348303,37524419.984320976,21899066.033855546
2460832.5,-17796565.149838228,37466871.00679688,21888923.013571225
2460832.5416666665,-17994999.330707792,37408704.143386684,21878421.24269291
2460832.5833333335,-18193153.998039804,37349921.126353666,21867561.35143529
2460832.625,-18391026.311761346,37290523.70115405,21856343.977873553
2460832.6666666665,-18588613.452938206,37230513.62238641,21844769.76715781
2460832.7083333335,-18785912.61721117,37169892.65559668,21832839.37179686
2460832.75,-18982921.00828796,37108662.57920574,21820553.45201322
2460832.7916666665,-19179635.851176053,37046825.1803358,21807912.67488543
2460832.8333333335,-19376054.38564264,36984382.25667679,21794917.71466704
2460832.875,-19572173.85973179,36921335.61847419,21781569.253176477
2460832.9166666665,-19767991.542934,36857687.08423368,21767867.97886771
2460832.9583333335,-19963504.719670594,36793438.48264838,21753814.58718434
2460833.0,-20158710.682837028,36728591.65464666,21739409.780984163
2460833.0416666665,-20353606.746907532,36663148.44897616,21724654.2695387
2460833.0833333335,-20548190.241444834,36597110.72419161,21709548.768922254
2460833.125,-20742458.504670464,36530480.35076213,21694094.002471052
2460833.1666666665,-20936408.896502886,36463259.20653584,21678290.699712116
2460833.2083333335,-21130038.792093426,36395449.17878791,21662139.59678717
2460833.25,-21323345.575424418,36327052.16638681,21645641.436946213
2460833.2916666665,-21516326.652279235,36258070.07514095,21628796.969406262
2460833.3333333335,-21708979.44380536,36188504.81990635,21611606.94980993
2460833.375,-21901301.3801411,36118358.32681152,21594072.140753333
2460833.4166666665,-22093289.913316134,36047632.52848735,21576193.31057516
2460833.4583333335,-22284942.510842405,35976329.36623391,21557971.23384986
2460833.5,-22476256.649370402,35904450.79230366,21539406.69194962
2460833.5416666665,-22667229.82751861,35831998.765015654,21520500.471764404
2460833.5833333335,-22857859.559493154,35758975.25098129,21501253.366229508
2460833.625,-23048143.36877439,35685382.22744511,21481666.174921513
2460833.6666666665,-23238078.80087384,35611221.677284814,21461739.702709764
2460833.7083333335,-23427663.416983433,35536495.59129535,21441474.760318197
2460833.75,-23616894.78769318,35461205.970586926,21420872.164955035
2460833.7916666665,-23805770.505674183,35385354.821472116,21399932.738896333
2460833.8333333335,-23994288.17935833,35308944.157807805,21378657.3100818
2460833.875,-24182445.426687792,35231976.00344995,21357046.712778196
2460833.9166666665,-24370239.887722783,35154452.387029015,21335101.78609535
2460833.9583333335,-24557669.21835244,35076375.344349355,21312823.374615964
2460834.0,-24744731.08407701,34997746.9209002,21290212.329092354
2460834.0416666665,-24931423.172538955,34918569.16652078,21267269.504895665
2460834.0833333335,-25117743.18726584,34838844.13785661,21243995.76267934
2460834.125,-25303688.84148597,34758573.90092617,21220391.969109133
2460834.1666666665,-25489257.87058153,34677760.525677085,21196458.995245986
2460834.2083333335,-25674448.025864284,34596406.08849879,21172197.717243064
2460834.25,-25859257.068425402,34514512.67484442,21147609.017108764
2460834.2916666665,-26043682.781509347,34432082.37367932,21122693.78102391
2460834.3333333335,-26227722.96432317,34349117.28004959,21097452.90007208
2460834.375,-26411375.42592129,34265619.497758694,21071887.271035474
2460834.4166666665,-26594637.997498874,34181591.13370957,21045997.794646952
2460834.4583333335,-26777508.52623547,34097034.300528675,21019785.376353517
2460834.5,-26959984.86921549,34011951.11929649,20993250.927144773
2460834.5416666665,-27142064.90563987,33926343.71378495,20966395.361740425
2460834.5833333335,-27323746.530704796,33840214.21313606,20939219.599386714
2460834.625,-27505027.649558604,33753564.75464615,20911724.56471721
2460834.6666666665,-27685906.189430542,33666397.47789957,20883911.185876444
2460834.7083333335,-27866380.093545325,33578714.52750167,20855780.39534898
2460834.75,-28046447.315117177,33490518.055916026,20827333.130852435
2460834.7916666665,-28226105.829394504,33401810.217495877,20798570.333397727
2460834.8333333335,-28405353.627611056,33312593.171270862,20769492.948150676
2460834.875,-28584188.711017776,33222869.0838366,20740101.925356913
2460834.9166666665,-28762609.102842286,33132640.12328536,20710398.218339458
2460834.9583333335,-28940612.842277333,33041908.46204587,20680382.78439253
2460835.0,-29118197.978551175,32950676.27982476,20650056.585738167
2460835.0416666665,-29295362.58280077,32858945.757437743,20619420.58746173
2460835.0833333335,-29472104.74209819,32766719.079701982,20588475.758437686
2460835.125,-29648422.553560264,32673998.438428782,20557223.07231771
2460835.1666666665,-29824314.136134345,32580786.02615669,20525663.50540469
2460835.2083333335,-29999777.624663454,32487084.039095785,20493798.037610326
2460835.25,-30174811.16403577,32392894.68017106,20461627.653474376
2460835.2916666665,-30349412.920881994,32298220.15265878,20429153.339977857
2460835.3333333335,-30523581.077679876,32203062.66318214,20396376.08753215
2460835.375,-30697313.82694421,32107424.424804706,20363296.8910292
2460835.4166666665,-30870609.382834796,32011307.650571425,20329916.747594498
2460835.4583333335,-31043465.975300975,31914714.556555036,20296236.65760747
2460835.5,-31215881.844312835,31817647.36499896,20262257.62578232
2460835.5416666665,-31387855.251378715,31720108.297764346,20227980.658861496
2460835.5833333335,-31559384.473730475,31622099.579426624,20193406.76666705
2460835.625,-31730467.798596464,31523623.440467227,20158536.96321191
2460835.6666666665,-31901103.534627683,31424682.11062804,20123372.264334407
2460835.7083333335,-32071290.006124377,31325277.822057504,20087913.68878038
2460835.75,-32241025.547351412,31225412.812550507,20052162.2593446
2460835.7916666665,-32410308.51387214,31125089.31881166,20016119.00044701
2460835.8333333335,-32579137.27681697,31024309.579650287,19979784.939245295
2460835.875,-32747510.217241727,30923075.839267883,19943161.106806174
2460835.9166666665,-32915425.73736835,30821390.340431593,19906248.535624005
2460835.9583333335,-33082882.254896026,30719255.32771744,19869048.26076356
2460836.0,-33249878.19740312,30616673.05084473,19831561.321060885
2460836.0416666665,-33416412.01349386,30513645.757761087,19793788.75658494
2460836.0833333335,-33582482.16715259,30410175.697933335,19755731.60981026
2460836.125,-33748087.1321899,30306265.125728156,19717390.926847156
2460836.1666666665,-33913225.403294384,30201916.293410096,19678767.75484698
2460836.2083333335,-34077895.49043068,30097131.45447941,19639863.143204447
2460836.25,-34242095.913330264,29991912.867098395,19600678.14481683
2460836.2916666665,-34405825.21244753,29886262.787003677,19561213.813433558
2460836.3333333335,-34569081.94340218,29780183.470890425,19521471.204887867
2460836.375,-34731864.67151519,29673677.179883648,19481451.378384724
2460836.4166666665,-34894171.98266848,29566746.17236621,19441155.39379539
2460836.4583333335,-35056002.477792114,29459392.7074087,19400584.31291813
2460836.5,-35217354.7674461,29351619.048285075,19359739.200794566
2460836.5416666665,-35378227.482582755,29243427.45521774,19318621.12294984
2460836.5833333335,-35538619.26907936,29134820.188852474,19277231.146682117
2460836.625,-35698528.78236621,29025799.513817664,19235570.34240703
2460836.6666666665,-35857954.69809103,28916367.691387944,19193639.78084415
2460836.7083333335,-36016895.70669756,28806526.983003378,19151440.53433493
2460836.75,-36175350.50810038,28696279.65387178,19108973.678214975
2460836.7916666665,-36333317.82225063,28585627.965552106,19066240.287947457
2460836.8333333335,-36490796.38376103,28474574.17951739,19023241.44046922
2460836.875,-36647784.93662804,28363120.560799334,18979978.215590533
2460836.9166666665,-36804282.24469814,28251269.37049296,18936451.69307615
2460836.9583333335,-36960287.08633981,28139022.86936251,18892662.954019215
2460837.0,-37115798.249213405,28026383.321527723,18848613.08226826
2460837.0416666665,-37270814.54063745,27913352.986891042,18804303.1614565
2460837.0833333335,-37425334.78230806,27799934.12478585,18759734.27640329
2460837.125,-37579357.805116884,27686128.997703753,18714907.514567994
2460837.1666666665,-37732882.459416896,27571939.863645673,18669823.963028226
2460837.2083333335,-37885907.60978958,27457368.97981179,18624484.70990851
2460837.25,-38038432.12991158,27342418.606369104,18578890.845860746
2460837.2916666665,-38190454.91271915,27227090.998727817,18533043.460991997
2460837.3333333335,-38341974.86522377,27111388.411272265,18486943.64632011
2460837.375,-38492990.903427765,26995313.101168092,18440592.495280366
2460837.4166666665,-38643501.96238696,26878867.32056529,18393991.100603603
2460837.4583333335,-38793506.991075024,26762053.320369415,18347140.555798344
