2460806.5,-97736011.13916181,-107438071.54282543,-46568123.60229537
2460806.5416666665,-97653444.81703676,-107503967.58572622,-46596959.912336856
2460806.5833333335,-97570804.03221041,-107569796.18723203,-46625765.17802107
2460806.625,-97488088.97419843,-107635557.11564988,-46654539.27782925
2460806.6666666665,-97405299.83156376,-107701250.14248137,-46683282.09176273
2460806.7083333335,-97322436.79466471,-107766875.04023276,-46711993.50038577
2460806.75,-97239500.05841838,-107832431.58023858,-46740673.383874536
2460806.7916666665,-97156489.81676231,-107897919.53705315,-46769321.62393956
2460806.8333333335,-97073406.26541017,-107963338.68626758,-46797938.10287158
2460806.875,-96990249.60462198,-108028688.80234016,-46826522.70259382
2460806.9166666665,-96907020.03365107,-108093969.66297437,-46855075.30657804
2460806.9583333335,-96823717.75350682,-108159181.0469425,-46883595.79889367
2460807.0,-96740342.96973197,-108224322.73192325,-46912084.06326313
2460807.0416666665,-96656895.88683473,-108289394.49886575,-46940539.9849717
2460807.0833333335,-96573376.71105859,-108354396.1298202,-46968963.44991964
2460807.125,-96489785.65316673,-108419327.40578243,-46997354.34368094
2460807.1666666665,-96406122.92285927,-108484188.11104403,-47025712.55340661
2460807.2083333335,-96322388.73155023,-108548978.0310299,-47054037.96688006
2460807.25,-96238583.29515876,-108613696.9501499,-47082330.47157918
2460807.2916666665,-96154706.82851183,-108678344.65613492,-47110589.95657299
2460807.3333333335,-96070759.5481282,-108742920.93788145,-47138816.31158041
2460807.375,-95986741.67501639,-108807425.58331043,-47167009.42603551
2460807.4166666665,-95902653.42906304,-108871858.38368894,-47195169.19097767
2460807.4583333335,-95818495.03182358,-108936219.131482,-47223295.49811357
2460807.5,-95734266.70932713,-109000507.61821853,-47251388.23888581
2460807.5416666665,-95649968.68645042,-109064723.63879874,-47279447.30635638
2460807.5833333335,-95565601.1897154,-109128866.98935303,-47307472.59427192
2460807.625,-95481164.45010068,-109192937.46511522,-47335463.99613582
2460807.6666666665,-95396658.69740127,-109256934.86471547,-47363421.407084845
2460807.7083333335,-95312084.16303302,-109320858.98804627,-47391344.72295777
2460807.75,-95227441.08285062,-109384709.63414313,-47419233.839370854
2460807.7916666665,-95142729.6914933,-109448486.60546274,-47447088.6535877
2460807.8333333335,-95057950.22519587,-109512189.70575626,-47474909.06359122
2460807.875,-94973102.92461331,-109575818.73795742,-47502694.96716252
2460807.9166666665,-94888188.02915256,-109639373.50844581,-47530446.263743915
2460807.9583333335,-94803205.77979007,-109702853.82492758,-47558162.85351427
2460808.0,-94718156.42190301,-109766259.49433088,-47585844.63647137
2460808.0416666665,-94633040.19958705,-109829590.32705434,-47613491.51428787
2460808.0833333335,-94547857.35848065,-109892846.13485497,-47641103.389390215
2460808.125,-94462608.14860244,-109956026.72875126,-47668680.16404438
2460808.1666666665,-94377292.81865562,-110019131.9232565,-47696221.74220487
2460808.2083333335,-94291911.61885846,-110082161.53427415,-47723728.028597005
2460808.25,-94206464.8037881,-110145115.37700845,-47751198.927806236
2460808.2916666665,-94120952.62667142,-110207993.27018258,-47778634.346120045
2460808.3333333335,-94035375.3422219,-110270795.0339415,-47806034.190613724
2460808.375,-93949733.20948978,-110333520.48777014,-47833398.368243165
2460808.4166666665,-93864026.48613934,-110396169.45469622,-47860726.78767966
2460808.4583333335,-93778255.43129233,-110458741.75920072,-47888019.35839914
2460808.5,-93692420.30838405,-110521237.2251436,-47915275.98977859
2460808.5416666665,-93606521.37942758,-110583655.6799512,-47942496.59292358
2460808.5833333335,-93520558.90786336,-110645996.95253444,-47969681.07976105
2460808.625,-93434533.16142146,-110708260.87122196,-47996829.362139285
2460808.6666666665,-93348444.40637259,-110770447.26793224,-48023941.353648216
2460808.7083333335,-93262292.91038395,-110832555.97609921,-48051016.96871573
2460808.75,-93176078.94538748,-110894586.82861325,-48078056.12171125
2460808.7916666665,-93089802.78181797,-110956539.66197768,-48105058.7287587
2460808.8333333335,-93003464.69147502,-111018414.31424189,-48132024.70683643
2460808.875,-92917064.9503971,-111080210.62295026,-48158953.97288434
2460808.9166666665,-92830603.83308712,-111141928.42928278,-48185846.44560958
2460808.9583333335,-92744081.61538015,-111203567.57599609,-48212702.04458994
2460809.0,-92657498.57732359,-111265127.90537983,-48239520.689384736
2460809.0416666665,-92570854.99738991,-111326609.26338185,-48266302.30133299
2460809.0833333335,-92484151.15535049,-111388011.4975567,-48293046.8026605
2460809.125,-92397387.33516142,-111449334.45502998,-48319754.11559437
2460809.1666666665,-92310563.81916392,-111510577.9866075,-48346424.16415367
2460809.2083333335,-92223680.89096402,-111571741.94473161,-48373056.87326023
2460809.25,-92136738.83832395,-111632826.18145348,-48399652.167856745
2460809.2916666665,-92049737.94735044,-111693830.55252615,-48426209.974690005
2460809.3333333335,-91962678.50538005,-111754754.91536869,-48452730.22142529
2460809.375,-91875560.80387627,-111815599.12704648,-48479212.835768186
2460809.4166666665,-91788385.13260566,-111876363.04834807,-48505657.74724028
2460809.4583333335,-91701151.78252897,-111937046.54175723,-48532064.88629717
2460809.5,-91613861.04870357,-111997649.46944116,-48558434.183454044
2460809.5416666665,-91526513.22444794,-112058171.69731115,-48584765.57105376
2460809.5833333335,-91439108.60423815,-112118613.09300262,-48611058.98238852
2460809.625,-91351647.48661596,-112178973.52387117,-48637314.35082923
2460809.6666666665,-91264130.1683413,-112239252.86103706,-48663531.611585885
2460809.7083333335,-91176556.94729455,-112299450.9773732,-48689710.700832956
2460809.75,-91088928.1253898,-112359567.7455091,-48715851.55484258
2460809.7916666665,-91001244.0027159,-112419603.04185921,-48741954.11173711
2460809.8333333335,-90913504.88044412,-112479556.74461855,-48768018.31061838
2460809.875,-90825711.0637466,-112539428.73177515,-48794044.09070457
2460809.9166666665,-90737862.85592617,-112599218.8851215,-48820031.39307504
2460809.9583333335,-90649960.56132928,-112658927.08825853,-48845980.15980341
2460810.0,-90562004.48826958,-112718553.224616,-48871890.33309809
2460810.0416666665,-90473994.94314674,-112778097.18144745,-48897761.85703948
2460810.0833333335,-90385932.23336433,-112837558.84784223,-48923594.676716685
2460810.125,-90297816.6702588,-112896938.112754,-48949388.73737196
2460810.1666666665,-90209648.56320707,-112956234.86897913,-48975143.98613004
2460810.2083333335,-90121428.22254972,-113015449.01117676,-49000860.371138655
2460810.25,-90033155.96252488,-113074580.43390554,-49026537.84071683
2460810.2916666665,-89944832.09536499,-113133629.03558525,-49052176.345076285
2460810.3333333335,-89856456.9342252,-113192594.71652518,-49077775.83546586
2460810.375,-89768030.79612197,-113251477.37696876,-49103336.26332355
2460810.4166666665,-89679553.99601936,-113310276.92103872,-49128857.58199012
2460810.4583333335,-89591026.84976234,-113368993.25477353,-49154339.74585729
2460810.5,-89502449.67702016,-113427626.28418022,-49179782.70952364
2460810.5416666665,-89413822.7953623,-113486175.91916282,-49205186.429500334
2460810.5833333335,-89325146.52319658,-113544642.0715669,-49230550.86336309
2460810.625,-89236421.18271728,-113603024.65324064,-49255875.96891202
2460810.6666666665,-89147647.09397082,-113661323.57994658,-49281161.705869354
2460810.7083333335,-89058824.57779874,-113719538.76941416,-49306408.03503533
2460810.75,-88969953.95879026,-113777670.13940926,-49331614.91745182
2460810.7916666665,-88881035.55933806,-113835717.61162889,-49356782.3160922
2460810.8333333335,-88792069.70258594,-113893681.10976209,-49381910.19502101
2460810.875,-88703056.71538575,-113951560.55756767,-49406998.518561535
2460810.9166666665,-88613996.92234354,-114009355.88275203,-49432047.25297765
2460810.9583333335,-88524890.64877155,-114067067.0150383,-49457056.36563738
2460811.0,-88435738.22364977,-114124693.88425247,-49482025.82418437
2460811.0416666665,-88346539.97366229,-114182236.42418405,-49506955.598211765
2460811.0833333335,-88257296.22615382,-114239694.5706637,-49531845.65842956
2460811.125,-88168007.31209558,-114297068.2596576,-49556695.97584013
2460811.1666666665,-88078673.56011213,-114354357.4311111,-49581506.5234039
2460811.2083333335,-87989295.29944232,-114411562.02703464,-49606277.275210805
2460811.25,-87899872.86290933,-114468681.98960648,-49631008.205659546
2460811.2916666665,-87810406.58093825,-114525717.26499937,-49655699.29111536
2460811.3333333335,-87720896.78452134,-114582667.80147476,-49680350.5090853
2460811.375,-87631343.80819213,-114639533.54749385,-49704961.83740148
2460811.4166666665,-87541747.98403388,-114696314.45552722,-49729533.255870745
2460811.4583333335,-87452109.64464912,-114753010.48015742,-49754064.74545391
2460811.5,-87362429.1261376,-114809621.57619832,-49778556.28745288
2460811.5416666665,-87272706.76209597,-114866147.70248775,-49803007.865152314
2460811.5833333335,-87182942.88659137,-114922588.81999832,-49827419.46300277
2460811.625,-87093137.83714317,-114978944.88996533,-49851791.06581176
2460811.6666666665,-87003291.94871408,-115035215.87766208,-49876122.66037732
2460811.7083333335,-86913405.55668753,-115091401.75051923,-49900414.23467511
2460811.75,-86823478.99985343,-115147502.47626102,-49924665.77705339
2460811.7916666665,-86733512.61439049,-115203518.02666356,-49948877.27785856
2460811.8333333335,-86643506.73684767,-115259448.37568238,-49973048.72862612
2460811.875,-86553461.70713341,-115315293.49759729,-49997180.121279635
2460811.9166666665,-86463377.86248982,-115371053.3707532,-50021271.44974816
2460811.9583333335,-86373255.54047777,-115426727.97569646,-50045322.70916116
2460812.0,-86283095.08196959,-115482317.2933278,-50069333.89505145
2460812.0416666665,-86192896.82511525,-115537821.30862616,-50093305.00496445
2460812.0833333335,-86102661.10833105,-115593240.00879332,-50117236.03765713
2460812.125,-86012388.27329573,-115648573.38141537,-50141126.99230477
2460812.1666666665,-85922078.65890867,-115703821.4181693,-50164977.87010229
2460812.2083333335,-85831732.60428217,-115758984.11297601,-50188788.67346697
2460812.25,-85741350.45174079,-115814061.46017022,-50212559.405249305
2460812.2916666665,-85650932.54077192,-115869053.45818987,-50236290.07032608
2460812.3333333335,-85560479.2110213,-115923960.10773756,-50259980.674807176
2460812.375,-85469990.80529566,-115978781.40995881,-50283631.22525026
2460812.4166666665,-85379467.66350567,-116033517.37011437,-50307241.73024582
2460812.4583333335,-85288910.12566479,-116088167.99574994,-50330812.19962787
2460812.5,-85198318.53489493,-116142733.29488292,-50354342.6436926
2460812.5416666665,-85107693.23136206,-116197213.27965751,-50377833.07477532
2460812.5833333335,-85017034.55527823,-116251607.96452278,-50401283.50646511
2460812.625,-84926342.84991013,-116305917.36442791,-50424693.95282731
2460812.6666666665,-84835618.45550752,-116360141.49846,-50448064.42997251
2460812.7083333335,-84744861.71230839,-116414280.38803056,-50471394.95527496
2460812.75,-84654072.96355014,-116468334.05507922,-50494685.54659919
2460812.7916666665,-84563252.54939125,-116522302.52569419,-50517936.223860696
2460812.8333333335,-84472400.80991921,-116576185.82830727,-50541147.00824841
2460812.875,-84381518.08816437,-116629983.99190584,-50564317.92145518
2460812.9166666665,-84290604.72401498,-116683697.04963616,-50587448.98723038
2460812.9583333335,-84199661.05722763,-116737325.03700675,-50610540.230606295
2460813.0,-84108687.430444,-116790867.99010874,-50633591.677132465
2460813.0416666665,-84017684.18309902,-116844325.94920199,-50656603.35442025
2460813.0833333335,-83926651.6544341,-116897698.95692678,-50679575.29137314
2460813.125,-83835590.18651628,-116950987.05653252,-50702507.517424926
2460813.1666666665,-83744500.11813998,-117004190.29544665,-50725400.06407622
2460813.2083333335,-83653381.78784281,-117057308.72349472,-50748252.96412862
2460813.25,-83562235.53692691,-117110342.39113739,-50771066.25092682
2460813.2916666665,-83471061.70335455,-117163291.35302211,-50793839.959887
2460813.3333333335,-83379860.62476635,-117216155.66621158,-50816574.127734885
2460813.375,-83288632.64150478,-117268935.38842887,-50839268.791751675
2460813.4166666665,-83197378.09050377,-117321630.58159217,-50861923.99129444
2460813.4583333335,-83106097.30830903,-117374241.31005134,-50884539.767038025
2460813.5,-83014790.63410385,-117426767.63884133,-50907116.16022471
2460813.5416666665,-82923458.40359263,-117479209.63719982,-50929653.21417667
2460813.5833333335,-82832100.9520235,-117531567.37681188,-50952150.973541655
2460813.625,-82740718.61721599,-117583840.9300718,-50974609.48354649
2460813.6666666665,-82649311.73343883,-117636030.37358336,-50997028.79150147
2460813.7083333335,-82557880.63443469,-117688135.78641288,-51019408.94604986
2460813.75,-82466425.65644953,-117740157.24835908,-51041749.99642518
2460813.7916666665,-82374947.13210501,-117792094.84343632,-51064051.99394758
2460813.8333333335,-82283445.39342506,-117843948.65813571,-51086314.99127709
2460813.875,-82191920.77486695,-117895718.77970324,-51108539.04167471
2460813.9166666665,-82100373.60718834,-117947405.2996057,-51130724.200490706
2460813.9583333335,-82008804.2204756,-117999008.31180006,-51152870.5244217
2460814.0,-81917212.94717644,-118050527.9110196,-51174978.07077539
2460814.0416666665,-81825600.1159619,-118101964.19622271,-51197046.898950934
2460814.0833333335,-81733966.05475615,-118153317.26887049,-51219077.06969968
2460814.125,-81642311.09377073,-118204587.23122056,-51241068.64439366
2460814.1666666665,-81550635.5593614,-118255774.18975915,-51263021.6864979
2460814.2083333335,-81458939.7770596,-118306878.25348644,-51284936.260834925
2460814.25,-81367224.07460791,-118357899.53221843,-51306812.4328568
2460814.2916666665,-81275488.7758121,-118408838.14000192,-51328650.270109594
2460814.3333333335,-81183734.20357405,-118459694.19340779,-51350449.841501474
2460814.375,-81091960.68292835,-118510467.80984083,-51372211.216578305
2460814.4166666665,-81000168.53488973,-118561159.11093754,-51393934.46698026
2460814.4583333335,-80908358.07948726,-118611768.22086741,-51415619.665713474
2460814.5,-80816529.6388021,-118662295.26465039,-51437266.88642919
2460814.5416666665,-80724683.53081033,-118712740.37153786,-51458876.2048725
2460814.5833333335,-80632820.07241845,-118763103.67332159,-51480447.69815747
2460814.625,-80540939.58250195,-118813385.30265893,-51501981.44404992
2460814.6666666665,-80449042.37574403,-118863585.39643681,-51523477.522408165
2460814.7083333335,-80357128.76567201,-118913704.09408844,-51544936.0144617
2460814.75,-80265199.06769685,-118963741.53592603,-51566357.00209743
2460814.7916666665,-80173253.59294769,-119013697.86648796,-51587740.56929248
2460814.8333333335,-80081292.65130919,-119063573.23286304,-51609086.80139646
2460814.875,-79989316.55446187,-119113367.78303067,-51630395.78442097
2460814.9166666665,-79897325.60971268,-119163081.66919129,-51651667.606464684
2460814.9583333335,-79805320.12303312,-119212715.04609792,-51672902.35699892
2460815.0,-79713300.40210032,-119262268.069404,-51694100.1261605
2460815.0416666665,-79621266.75012378,-119311740.89897673,-51715261.006169066
2460815.0833333335,-79529219.46888427,-119361133.69723624,-51736385.09061595
2460815.125,-79437158.86177537,-119410446.62751046,-51757472.47376033
2460815.1666666665,-79345085.22762667,-119459679.85733193,-51778523.25193874
2460815.2083333335,-79252998.8637434,-119508833.55678411,-51799537.52285722
2460815.25,-79160900.06894822,-119557907.89686343,-51820515.384890735
2460815.2916666665,-79068789.13740127,-119606903.05275942,-51841456.93848484
2460815.3333333335,-78976666.36164002,-119655819.20220806,-51862362.2854511
2460815.375,-78884532.03562179,-119704656.52386105,-51883231.52826963
2460815.4166666665,-78792386.44854023,-119753415.20054907,-51904064.77148305
2460815.4583333335,-78700229.88786584,-119802095.41764227,-51924862.120995015
2460815.5,-78608062.64238873,-119850697.3614265,-51945623.68337588
2460815.5416666665,-78515884.99603195,-119899221.2223498,-51966349.56724887
2460815.5833333335,-78423697.23089263,-119947667.19338985,-51987039.88259177
2460815.625,-78331499.63028458,-119996035.46843706,-52007694.740045525
2460815.6666666665,-78239292.47254911,-120044326.2455243,-52028314.252292775
2460815.7083333335,-78147076.03409624,-120092539.72520134,-52048898.53336253
2460815.75,-78054850.5924476,-120140676.1089244,-52069447.69794168
2460815.7916666665,-77962616.42004445,-120188735.6022694,-52089961.86274593
2460815.8333333335,-77870373.78728917,-120236718.41331305,-52110441.145827316
2460815.875,-77778122.96558826,-120284624.75102893,-52130885.66588867
2460815.9166666665,-77685864.22115785,-120332454.82848415,-52151295.54364681
2460815.9583333335,-77593597.8180654,-120380208.86122702,-52171670.90114301
2460816.0,-77501324.02127272,-120427887.06568947,-52192011.86106021
2460816.0416666665,-77409043.09043911,-120475489.66236722,-52212318.548078574
2460816.0833333335,-77316755.2829633,-120523016.87421386,-52232591.088188745
2460816.125,-77224460.85702643,-120570468.92504942,-52252829.60801177
2460816.1666666665,-77132160.06539306,-120617846.04272422,-52273034.23614704
2460816.2083333335,-77039853.15845323,-120665148.45751901,-52293205.1024883
2460816.25,-76947540.38726537,-120712376.4005598,-52313342.33754614
2460816.2916666665,-76855221.99735552,-120759530.1069652,-52333446.073788404
2460816.3333333335,-76762898.23175928,-120806609.81425263,-52353516.44495879
2460816.375,-76670569.33406475,-120853615.7607592,-52373553.58540191
2460816.4166666665,-76578235.54221012,-120900548.18877251,-52393557.63139614
2460816.4583333335,-76485897.09152555,-120947407.34294298,-52413528.72047477
2460816.5,-76393554.21777616,-120994193.46871038,-52433466.99075354
2460816.5416666665,-76301207.150958,-121040906.81541832,-52453372.58225593
2460816.5833333335,-76208856.11834009,-121087547.63473251,-52473245.636236824
2460816.625,-76116501.34750727,-121134116.17907271,-52493086.29451233
2460816.6666666665,-76024143.06015491,-121180612.70471114,-52512894.70077773
2460816.7083333335,-75931781.4751311,-121227037.47019623,-52532670.99993342
2460816.75,-75839416.81147927,-121273390.73479019,-52552415.33741701
2460816.7916666665,-75747049.282232,-121319672.76155107,-52572127.86051388
2460816.8333333335,-75654679.0974532,-121365883.81576207,-52591808.7176854
2460816.875,-75562306.46728072,-121412024.16337435,-52611458.0579032
2460816.9166666665,-75469931.59571934,-121458094.07407309,-52631076.03195236
2460816.9583333335,-75377554.683683,-121504093.81971198,-52650662.79176181
2460817.0,-75285175.9320375,-121550023.67276125,-52670218.489740714
2460817.0416666665,-75192795.53539288,-121595883.90935767,-52689743.28007431
2460817.0833333335,-75100413.68514577,-121641674.80774419,-52709237.31805647
2460817.125,-75008030.5725221,-121687396.64672299,-52728700.75942803
2460817.1666666665,-74915646.38236925,-121733049.70868945,-52748133.7616654
2460817.2083333335,-74823261.29619843,-121778634.2780769,-52767536.483315066
2460817.25,-74730875.49522775,-121824150.6398144,-52786909.083334014
2460817.2916666665,-74638489.15417399,-121869599.0823449,-52806251.72237092
2460817.3333333335,-74546102.44429545,-121914979.89607485,-52825564.56210276
2460817.375,-74453715.53643519,-121960293.37183651,-52844847.76457691
2460817.4166666665,-74361328.59481277,-122005539.80389063,-52864101.49348534
2460817.4583333335,-74268941.7800677,-122050719.48838048,-52883325.91350295
2460817.5,-74176555.2523028,-122095832.72179888,-52902521.18963154
2460817.5416666665,-74084169.16487643,-122140879.80397508,-52921687.48846677
2460817.5833333335,-73991783.66744633,-122185861.03653349,-52940824.977538474
2460817.625,-73899398.90901333,-122230776.72136495,-52959933.82465607
2460817.6666666665,-73807015.03171441,-122275627.16359818,-52979014.19916875
2460817.7083333335,-73714632.1738669,-122320412.67006291,-52998066.27130725
2460817.75,-73622250.47301285,-122365133.54776543,-53017090.21153109
2460817.7916666665,-73529870.05971289,-122409790.10684453,-53036086.19178163
2460817.8333333335,-73437491.0605912,-122454382.659039,-53055054.38482563
2460817.875,-73345113.60138054,-122498911.51616728,-53073994.96360392
2460817.9166666665,-73252737.80071716,-122543376.99306817,-53092908.10247765
2460817.9583333335,-73160363.77318671,-122587779.40607254,-53111793.97657339
2460818.0,-73067991.63237007,-122632119.07148679,-53130652.76113327
2460818.0416666665,-72975621.48463964,-122676396.3085187,-53149484.632754505
2460818.0833333335,-72883253.43220624,-122720611.43775302,-53168289.76873594
2460818.125,-72790887.57616587,-122764764.77963895,-53187068.34642964
2460818.1666666665,-72698524.01029782,-122808856.65740092,-53205820.54447373
2460818.2083333335,-72606162.82411252,-122852887.39551835,-53224546.542140424
2460818.25,-72513804.1058996,-122896857.31821662,-53243246.51868894
2460818.2916666665,-72421447.93652786,-122940766.75236346,-53261920.65459176
2460818.3333333335,-72329094.39249445,-122984616.02595228,-53280569.13088412
2460818.375,-72236743.54897432,-123028405.46659702,-53299192.12851819
2460818.4166666665,-72144395.47362228,-123072135.4044139,-53317789.82958292
2460818.4583333335,-72052050.22962378,-123115806.17050867,-53336362.41665489
2460818.5,-71959707.87874581,-123159418.09547493,-53354910.072153725
2460818.5416666665,-71867368.4751415,-123202971.51226173,-53373432.979555696
2460818.5833333335,-71775032.06840247,-123246466.75466448,-53391931.322745815
2460818.625,-71682698.70661165,-123289904.15582678,-53410405.28537456
2460818.6666666665,-71590368.43015032,-123333284.05109404,-53428855.052065246
2460818.7083333335,-71498041.27475265,-123376606.77650803,-53447280.807767496
2460818.75,-71405717.2745602,-123419872.6673123,-53465682.73711508
2460818.7916666665,-71313396.4559321,-123463082.06079184,-53484061.025627345
2460818.8333333335,-71221078.84050158,-123506235.29477154,-53502415.85906392
2460818.875,-71128764.44823265,-123549332.70612478,-53520747.4227838
2460818.9166666665,-71036453.29123348,-123592374.63359988,-53539055.90294086
2460818.9583333335,-70944145.37681529,-123635361.41632198,-53557341.485839866
2460819.0,-70851840.71055128,-123678293.3923052,-53575604.35729676
2460819.0416666665,-70759539.29009357,-123721170.90126587,-53593844.70382844
2460819.0833333335,-70667241.10823444,-123763994.28312804,-53612062.712010086
2460819.125,-70574946.15596804,-123806763.87653905,-53630258.56783665
2460819.1666666665,-70482654.41631085,-123849480.02167009,-53648432.457907066
2460819.2083333335,-70390365.86736569,-123892143.05872507,-53666584.56878291
2460819.25,-70298080.48538621,-123934753.32645993,-53684715.08635109
2460819.2916666665,-70205798.23860121,-123977311.16497047,-53702824.19700273
2460819.3333333335,-70113519.09028162,-124019816.91420512,-53720912.08699315
2460819.375,-70021243.001808,-124062270.91248754,-53738978.94180575
2460819.4166666665,-69928969.92649883,-124104673.49929254,-53757024.94732583
2460819.4583333335,-69836699.81268072,-124147025.01376235,-53775050.28920187
2460819.5,-69744432.60675913,-124189325.79323305,-53793055.15221068
2460819.5416666665,-69652168.24705078,-124231576.17599846,-53811039.72142634
2460819.5833333335,-69559906.66685732,-124273776.49983042,-53829004.1815828
2460819.625,-69467647.79753943,-124315927.10050873,-53846948.71644045
2460819.6666666665,-69375391.56235357,-124358028.31457384,-53864873.50995021
2460819.7083333335,-69283137.87952922,-124400080.47785088,-53882778.74561773
2460819.75,-69190886.66534656,-124442083.92398344,-53900664.605871186
2460819.7916666665,-69098637.82797782,-124484038.98717523,-53918531.27322101
2460819.8333333335,-69006391.27056806,-124525946.0007182,-53936378.929625474
2460819.875,-68914146.89431675,-124567805.29553016,-53954207.75586005
2460819.9166666665,-68821904.59232374,-124609617.20288585,-53972017.93267279
2460819.9583333335,-68729664.25267386,-124651382.05294935,-53989809.64015155
2460820.0,-68637425.76152252,-124693100.17331553,-54007583.05709478
2460820.0416666665,-68545188.99694632,-124734771.89173116,-54025338.36216299
2460820.0833333335,-68452953.83203161,-124776397.5346315,-54043075.73324757
2460820.125,-68360720.13796437,-124817977.425686,-54060795.346843176
2460820.1666666665,-68268487.77788533,-124859511.88850974,-54078497.37919546
2460820.2083333335,-68176256.60998292,-124901001.24520439,-54096182.00567158
2460820.25,-68084026.4905872,-124942445.81490831,-54113849.40013438
2460820.2916666665,-67991797.26802984,-124983845.91649878,-54131499.73608643
2460820.3333333335,-67899568.78574124,-125025201.86713763,-54149133.18604254
2460820.375,-67807340.8853489,-125066513.9808257,-54166749.920905605
2460820.4166666665,-67715113.40054211,-125107782.57109651,-54184350.11110749
2460820.4583333335,-67622886.16017334,-125149007.94956654,-54201933.925983354
2460820.5,-67530658.99136125,-125190190.4244945,-54219501.53314948
2460820.5416666665,-67438431.71335977,-125231330.30346672,-54237053.09964112
2460820.5833333335,-67346204.14066422,-125272427.8919524,-54254588.7912889
2460820.625,-67253976.0861185,-125313483.49186784,-54272108.77209856
2460820.6666666665,-67161747.35478911,-125354497.4042539,-54289613.20538615
2460820.7083333335,-67069517.74707535,-125395469.92783663,-54307102.25315647
2460820.75,-66977287.06182157,-125436401.35759637,-54324576.07548504
2460820.7916666665,-66885055.09019516,-125477291.9874382,-54342034.83165071
2460820.8333333335,-66792821.61880147,-125518142.10875769,-54359478.679516435
2460820.875,-66700586.43280062,-125558952.00901553,-54376907.77491341
2460820.9166666665,-66608349.30978967,-125599721.97440097,-54394322.27277144
2460820.9583333335,-66516110.02292215,-125640452.28840329,-54411722.32650217
2460821.0,-66423868.344029345,-125681143.23039186,-54429108.08738544
2460821.0416666665,-66331624.03750661,-125721795.07827334,-54446479.70569779
2460821.0833333335,-66239376.863437265,-125762408.10706888,-54463837.33009805
2460821.125,-66147126.58071858,-125802982.58749989,-54481181.107016265
2460821.1666666665,-66054872.9409517,-125843518.78863932,-54498511.181780376
2460821.2083333335,-65962615.6915701,-125884016.97649501,-54515827.69800446
2460821.25,-65870354.57897003,-125924477.4126013,-54533130.79698018
2460821.2916666665,-65778089.342403896,-125964900.35666485,-54550420.618801996
2460821.3333333335,-65685819.71711306,-126005286.06515418,-54567697.30175807
2460821.375,-65593545.43746275,-126045634.78989744,-54584960.981724486
2460821.4166666665,-65501266.230838574,-126085946.7807233,-54602211.79328901
2460821.4583333335,-65408981.82078355,-126126222.28405678,-54619449.869145036
2460821.5,-65316691.93013735,-126166461.54152338,-54636675.33948833
2460821.5416666665,-65224396.274935596,-126206664.79258536,-54653888.33313999
2460821.5833333335,-65132094.56755097,-126246832.27314417,-54671088.97694312
2460821.625,-65039786.51983672,-126286964.21415108,-54688277.39516249
2460821.6666666665,-64947471.837028265,-126327060.8442393,-54705453.71060671
2460821.7083333335,-64855150.22088833,-126367122.38833301,-54722618.04402783
2460821.75,-64762821.37285445,-126407149.06626487,-54739770.51352402
2460821.7916666665,-64670484.98794255,-126447141.09540412,-54756911.23566107
2460821.8333333335,-64578140.75789583,-126487098.6892727,-54774040.32487504
2460821.875,-64485788.3743362,-126527022.05616939,-54791157.89287808
2460821.9166666665,-64393427.522669315,-126566911.40179452,-54808264.04977933
2460821.9583333335,-64301057.88523705,-126606766.92787316,-54825358.90349088
2460822.0,-64208679.14447264,-126646588.83078617,-54842442.55913652
2460822.0416666665,-64116290.97680667,-126686377.30419175,-54859515.12017252
2460822.0833333335,-64023893.05582301,-126726132.53765576,-54876576.6877967
2460822.125,-63931485.05541736,-126765854.71528983,-54893627.36036037
2460822.1666666665,-63839066.64370376,-126805544.01837017,-54910667.234488994
2460822.2083333335,-63746637.48617368,-126845200.62397492,-54927696.404494494
2460822.25,-63654197.24885783,-126884824.70362961,-54944714.96179042
2460822.2916666665,-63561745.59223263,-126924416.42592323,-54961722.99601263
2460822.3333333335,-63469282.17438222,-126963975.95515294,-54978720.594434805
2460822.375,-63376806.65416322,-127003503.44997677,-54995707.841386996
2460822.4166666665,-63284318.685110755,-127042999.0660273,-55012684.81937631
2460822.4583333335,-63191817.918603025,-127082462.95456368,-55029651.60850583
2460822.5,-63099304.007028945,-127121895.26113169,-55046608.28589636
2460822.5416666665,-63006776.59769288,-127161296.1281751,-55063554.92680738
2460822.5833333335,-62914235.33598179,-127200665.69369526,-55080491.60405926
2460822.625,-62821679.86853531,-127240004.08991826,-55097418.38745831
2460822.6666666665,-62729109.83714882,-127279311.44590437,-55114335.34491799
2460822.7083333335,-62636524.881942734,-127318587.88621497,-55131242.54188452
2460822.75,-62543924.64453484,-127357833.52958705,-55148140.04076513
2460822.7916666665,-62451308.76194116,-127397048.49154061,-55165027.90204968
2460822.8333333335,-62358676.86974708,-127436232.88305308,-55181906.18373956
2460822.875,-62266028.60528178,-127475386.80924103,-55198774.94077916
2460822.9166666665,-62173363.60151616,-127514510.37196578,-55215634.226177946
2460822.9583333335,-62080681.49023572,-127553603.66851498,-55232484.090442605
2460823.0,-61987981.905216716,-127592666.79029177,-55249324.58101178
2460823.0416666665,-61895264.476120695,-127631699.82541841,-55266155.74337851
2460823.0833333335,-61802528.83166875,-127670702.85742515,-55282977.620525606
2460823.125,-61709774.602819264,-127709675.9639466,-55299790.25236366
2460823.1666666665,-61617001.4166584,-127748619.21932346,-55316593.67685381
2460823.2083333335,-61524208.89957562,-127787532.69329864,-55333387.929446325
2460823.25,-61431396.680442646,-127826416.44972068,-55350173.042521775
2460823.2916666665,-61338564.38449947,-127865270.5491436,-55366949.04651417
2460823.3333333335,-61245711.63653079,-127904095.04753006,-55383715.969352655
2460823.375,-61152838.0640461,-127942889.9949618,-55400473.835905775
2460823.4166666665,-61059943.29116057,-127981655.43823756,-55417222.669104956
2460823.4583333335,-60967026.94177223,-128020391.41958313,-55433962.48938923
2460823.5,-60874088.64274303,-128059097.97536862,-55450693.31415256
2460823.5416666665,-60781128.01777395,-128097775.13870446,-55467415.158867516
2460823.5833333335,-60688144.69058288,-128136422.93815808,-55484128.036533065
2460823.625,-60595138.28808628,-128175041.39647803,-55500831.957124755
2460823.6666666665,-60502108.43426823,-128213630.53318764,-55517526.928718634
2460823.7083333335,-60409054.75335863,-128252190.36330853,-55534212.956941925
2460823.75,-60315976.87301544,-128290720.89609112,-55550890.04442597
2460823.7916666665,-60222874.41818708,-128329222.13760597,-55567558.19193041
2460823.8333333335,-60129747.014290825,-128367694.08947383,-55584217.397796474
2460823.875,-60036594.29039553,-128406136.74760242,-55600867.65740281
2460823.9166666665,-59943415.87307679,-128444550.10477538,-55617508.96428958
2460823.9583333335,-59850211.38959556,-128482934.14938845,-55634141.30961449
2460824.0,-59756980.47108105,-128521288.86419244,-55650764.68161117
2460824.0416666665,-59663722.74637841,-128559614.22887959,-55667379.06671329
2460824.0833333335,-59570437.84522726,-128597910.21882562,-55683984.449013054
2460824.125,-59477125.401444815,-128636176.80383894,-55700580.809722185
2460824.1666666665,-59383785.046765536,-128674413.95074378,-55717168.12829573
2460824.2083333335,-59290416.4140196,-128712621.62212837,-55733746.381893076
2460824.25,-59197019.14031611,-128750799.7750996,-55750315.54484134
2460824.2916666665,-59103592.86087433,-128788948.36386338,-55766875.589758776
2460824.3333333335,-59010137.21220204,-128827067.33847804,-55783426.4870182
2460824.375,-58916651.83527877,-128865156.64361493,-55799968.204212554
2460824.4166666665,-58823136.369378224,-128903216.22113502,-55816500.70727795
2460824.4583333335,-58729590.45524651,-128941246.00884801,-55833023.95995923
2460824.5,-58636013.738285325,-128979245.93927798,-55849537.92327773
2460824.5416666665,-58542405.86236539,-129017215.94223657,-55866042.556653686
2460824.5833333335,-58448766.4730044,-129055155.9435872,-55882537.81737388
2460824.625,-58355095.22055028,-129093065.86401579,-55899023.66006149
2460824.6666666665,-58261391.753984965,-129130945.62160006,-55915500.0377977
2460824.7083333335,-58167655.72410245,-129168795.1305786,-55931966.90159124
2460824.75,-58073886.78669186,-129206614.30012664,-55948424.19985029
2460824.7916666665,-57980084.59633167,-129244403.03692101,-55964871.87950306
2460824.8333333335,-57886248.80956747,-129282161.24391407,-55981309.88546924
2460824.875,-57792379.08809517,-129319888.81911407,-55997738.16013373
2460824.9166666665,-57698475.09254526,-129357585.65814574,-56014156.64446608
2460824.9583333335,-57604536.485660404,-129395251.6530285,-56030565.27749373
2460825.0,-57510562.93547885,-129432886.6909617,-56046963.99577738
2460825.0416666665,-57416554.10910838,-129470490.65688,-56063352.734529264
2460825.0833333335,-57322509.67590396,-129508063.43223622,-56079731.42708793
2460825.125,-57228429.31065137,-129545604.89379063,-56096100.004395306
2460825.1666666665,-57134312.68733064,-129583114.91616143,-56112458.39611345
2460825.2083333335,-57040159.48229385,-129620593.37061165,-56128806.53010094
2460825.25,-56945969.37744907,-129658040.12384257,-56145144.33189142
2460825.2916666665,-56851742.05401313,-129695455.04053874,-56161471.72580875
2460825.3333333335,-56757477.19568967,-129732837.98215893,-56177788.63444481
2460825.375,-56663174.49185345,-129770188.80573338,-56194094.97813951
2460825.4166666665,-56568833.631292425,-129807507.36640325,-56210390.676094145
2460825.4583333335,-56474454.30538604,-129844793.5162152,-56226675.64585055
2460825.5,-56380036.21129016,-129882047.10292254,-56242949.80277241
2460825.5416666665,-56285579.04566818,-129919267.97251864,-56259213.06115674
2460825.5833333335,-56191082.50786985,-129956455.96803506,-56275465.3337143
2460825.625,-56096546.303116895,-129993610.92834643,-56291706.53105204
2460825.6666666665,-56001970.13622306,-130030732.69069752,-56307936.56278267
2460825.7083333335,-55907353.714773625,-130067821.08950487,-56324155.33700609
2460825.75,-55812696.75231186,-130104875.95516509,-56340362.75979313
2460825.7916666665,-55717998.96204796,-130141897.11657539,-56356558.73629283
2460825.8333333335,-55623260.06003934,-130178884.39993858,-56372743.170214936
2460825.875,-55528479.768378206,-130215837.62757473,-56388915.96331484
2460825.9166666665,-55433657.80888919,-130252756.62043478,-56405077.01649836
2460825.9583333335,-55338793.906310685,-130289641.19690879,-56421226.2293054
2460826.0,-55243887.79148369,-130326491.17164083,-56437363.4993958
2460826.0416666665,-55148939.19503805,-130363306.35803558,-56453488.72365174
2460826.0833333335,-55053947.85057512,-130400086.56706956,-56469601.797662206
2460826.125,-54958913.4978579,-130436831.60610916,-56485702.615210004
2460826.1666666665,-54863835.87648604,-130473541.28141,-56501791.069371335
2460826.2083333335,-54768714.72907987,-130510215.39693096,-56517867.05200136
2460826.25,-54673549.80447213,-130546853.75315559,-56533930.453221984
2460826.2916666665,-54578340.85137162,-130583456.14958344,-56549981.16251879
2460826.3333333335,-54483087.62154884,-130620022.38354741,-56566019.06822739
2460826.375,-54387789.87302954,-130656552.24903785,-56582044.057022125
2460826.4166666665,-54292447.36374695,-130693045.53918625,-56598056.01501015
2460826.4583333335,-54197059.85472925,-130729502.04508533,-56614054.827218525
2460826.5,-54101627.11329515,-130765921.5546161,-56630040.377083905
2460826.5416666665,-54006148.9066947,-130802303.85492349,-56646012.54754349
2460826.5833333335,-53910625.005298786,-130838648.7312392,-56661971.22052296
2460826.625,-53815055.18579693,-130874955.96571171,-56677916.27642711
2460826.6666666665,-53719439.2248267,-130911225.3398736,-56693847.59522747
2460826.7083333335,-53623776.90216544,-130947456.63346712,-56709765.05595121
2460826.75,-53528068.003930524,-130983649.62327714,-56725668.53617247
2460826.7916666665,-53432312.316197306,-131019804.08558984,-56741557.91309686
2460826.8333333335,-53336509.62819333,-131055919.79502116,-56757433.063051015
2460826.875,-53240659.73550122,-131091996.52335256,-56773293.86097485
2460826.9166666665,-53144762.43366528,-131128034.0419809,-56789140.18150263
2460826.9583333335,-53048817.52138828,-131164032.12074982,-56804971.89845335
2460827.0,-52952824.80373724,-131199990.52678807,-56820788.884323806
2460827.0416666665,-52856784.08573861,-131235909.02695082,-56836591.01136616
2460827.0833333335,-52760695.17557798,-131271787.38665345,-56852378.15107913
2460827.125,-52664557.8878089,-131307625.36871305,-56868150.17370195
2460827.1666666665,-52568372.03693662,-131343422.73578034,-56883906.94928824
2460827.2083333335,-52472137.44062098,-131379179.2491764,-56899648.34719809
2460827.25,-52375853.92288838,-131414894.66773705,-56915374.235592864
2460827.2916666665,-52279521.30770426,-131450568.75023541,-56931084.48250536
2460827.3333333335,-52183139.42217923,-131486201.25422147,-56946778.955332704
2460827.375,-52086708.09978443,-131521791.93486938,-56962457.52033207
2460827.4166666665,-51990227.17391276,-131557340.54739058,-56978120.04368705
2460827.4583333335,-51893696.481088474,-131592846.84587611,-56993766.39100138
2460827.5,-51797115.864186116,-131628310.58214702,-57009396.42679557
2460827.5416666665,-51700485.16598053,-131663731.50815775,-57025010.01556943
2460827.5833333335,-51603804.232360035,-131699109.3748413,-57040607.02129659
2460827.625,-51507072.91554923,-131734443.93096285,-57056187.30692221
2460827.6666666665,-51410291.06764773,-131769734.9255131,-57071750.735421374
2460827.7083333335,-51313458.54384715,-131804982.10655664,-57087297.169294685
2460827.75,-51216575.20565792,-131840185.22008845,-57102826.47006682
2460827.7916666665,-51119640.9144368,-131875344.01241739,-57118338.499340996
2460827.8333333335,-51022655.53460787,-131910458.2290176,-57133833.11829537
2460827.875,-50925618.93689349,-131945527.61338809,-57149310.18718281
2460827.9166666665,-50828530.991830595,-131980551.90942632,-57164769.566381015
2460827.9583333335,-50731391.572995916,-132015530.86028232,-57180211.1158901
2460828.0,-50634200.56024121,-132050464.20722206,-57195634.69483331
2460828.0416666665,-50536957.8331984,-132085351.69199023,-57211040.162503004
2460828.0833333335,-50439663.27450919,-132120193.055668,-57226427.377859205
2460828.125,-50342316.77306463,-132154988.0375394,-57241796.199031554
2460828.1666666665,-50244918.21749926,-132189736.37744394,-57257146.48436088
2460828.2083333335,-50147467.49942514,-132224437.81463748,-57272478.09189894
2460828.25,-50049964.51667603,-132259092.08666223,-57287790.87891148
2460828.2916666665,-49952409.16679045,-132293698.93168858,-57303084.70291552
2460828.3333333335,-49854801.350250326,-132328258.08737965,-57318359.42118013
2460828.375,-49757140.9737299,-132362769.28976455,-57333614.890230864
2460828.4166666665,-49659427.94356779,-132397232.27556981,-57348850.966882505
2460828.4583333335,-49561662.16901031,-132431646.78108713,-57364067.50774108
2460828.5,-49463843.56546529,-132466012.54105055,-57379264.36870962
2460828.5416666665,-49365972.04796308,-132500329.29095694,-57394441.40601632
2460828.5833333335,-49268047.53440488,-132534596.76593733,-57409598.47571791
2460828.625,-49170069.94882133,-132568814.69963793,-57424735.433206715
2460828.6666666665,-49072039.21482268,-132602982.82652958,-57439852.134234264
2460828.7083333335,-48973955.258852065,-132637100.88078289,-57454948.43441598
2460828.75,-48875818.01344915,-132671168.59515312,-57470024.18873966
2460828.7916666665,-48777627.41068944,-132705185.70327851,-57485079.252584465
2460828.8333333335,-48679383.38544256,-132739151.93855934,-57500113.48122695
2460828.875,-48581085.87864115,-132773067.03304668,-57515126.72935111
2460828.9166666665,-48482734.83070919,-132806930.7197297,-57530118.852062576
2460828.9583333335,-48384330.18482556,-132840742.7314185,-57545089.704396166
2460829.0,-48285871.89019811,-132874502.7996372,-57560039.140827455
2460829.0416666665,-48187359.895481244,-132908210.65689965,-57574967.01628219
2460829.0833333335,-48088794.15204462,-132941866.03559661,-57589873.18564542
2460829.125,-47990174.61725264,-132975468.66689292,-57604757.5032746
2460829.1666666665,-47891501.2478712,-133009018.2829919,-57619619.82400427
2460829.2083333335,-47792774.00334176,-133042514.61602663,-57634460.00265667
2460829.25,-47693992.849066176,-133075957.39696148,-57649277.89355665
2460829.2916666665,-47595157.749802746,-133109346.35784505,-57664073.351531334
2460829.3333333335,-47496268.67294567,-133142681.2307057,-57678846.23142247
2460829.375,-47397325.59181539,-133175961.74645765,-57693596.3876031
2460829.4166666665,-47298328.4790438,-133209187.63714218,-57708323.67497222
2460829.4583333335,-47199277.30985929,-133242358.63482767,-57723027.9484689
2460829.5,-47100172.065382585,-133275474.4705203,-57737709.062590756
2460829.5416666665,-47001012.72600121,-133308534.87639344,-57752366.872383595
2460829.5833333335,-46901799.27466015,-133341539.58469228,-57767001.232957326
2460829.625,-46802531.70016315,-133374488.32664941,-57781611.99900638
2460829.6666666665,-46703209.99053667,-133407380.83470212,-57796199.025794186
2460829.7083333335,-46603834.13632596,-133440216.84140188,-57810762.168671034
2460829.75,-46504404.13390213,-133472996.07833464,-57825301.282596394
2460829.7916666665,-46404919.97881535,-133505718.2783264,-57839816.22311831
2460829.8333333335,-46305381.66909663,-133538383.17435719,-57854306.84589313
2460829.875,-46205789.208570495,-133570990.4984867,-57868773.006209955
2460829.9166666665,-46106142.60019764,-133603539.98404744,-57883214.55996474
2460829.9583333335,-46006441.84938232,-133636031.3645639,-57897631.363182075
2460830.0,-45906686.96729072,-133668464.3726832,-57912023.271541744
2460830.0416666665,-45806877.96418308,-133700838.74235603,-57926390.14134754
2460830.0833333335,-45707014.85272669,-133733154.20776103,-57940731.82905115
2460830.125,-45607097.65132011,-133765410.50224046,-57955048.19078085
2460830.1666666665,-45507126.37741454,-133797607.36046903,-57969339.08330503
2460830.2083333335,-45407101.05083279,-133829744.51738329,-57983604.3635582
2460830.25,-45307021.697099,-133861821.70712294,-57997843.888171986
2460830.2916666665,-45206888.34074965,-133893838.66518693,-58012057.51443317
2460830.3333333335,-45106701.008658186,-133925795.1273684,-58026245.09981199
2460830.375,-45006459.733370475,-133957690.82870136,-58040406.50149541
2460830.4166666665,-44906164.5464054,-133989525.50560436,-58054541.57733975
2460830.4583333335,-44805815.48158515,-134021298.89482075,-58068650.18540124
2460830.5,-44705412.57837652,-134053010.73237115,-58082732.18347164
2460830.5416666665,-44604955.87518091,-134084660.75568429,-58096787.430025436
2460830.5833333335,-44504445.41267055,-134116248.70254293,-58110815.78375266
2460830.625,-44403881.23713535,-134147774.31004216,-58124817.10309706
2460830.6666666665,-44303263.39376267,-134179237.31670728,-58138791.2471976
2460830.7083333335,-44202591.92997913,-134210637.46144563,-58152738.07542379
2460830.75,-44101866.89880332,-134241974.48251057,-58166657.446916364
2460830.7916666665,-44001088.35211514,-134273248.1196066,-58180549.22152309
2460830.8333333335,-43900256.344003335,-134304458.112847,-58194413.25933662
2460830.875,-43799370.93412401,-134335604.20172372,-58208249.42023775
2460830.9166666665,-43698432.18095951,-134366686.12719962,-58222057.56482553
2460830.9583333335,-43597440.1451718,-134397703.63067186,-58235837.55395764
2460831.0,-43496394.892966606,-134428656.4529482,-58249589.24829633
2460831.0416666665,-43395296.48934208,-134459544.33632585,-58263312.50923275
2460831.0833333335,-43294145.00144779,-134490367.02356103,-58277007.19842995
2460831.125,-43192940.50195467,-134521124.2568515,-58290673.17737149
2460831.1666666665,-43091683.06229329,-134551815.7799021,-58304310.308280006
2460831.2083333335,-42990372.756018676,-134582441.33690062,-58317918.45366281
2460831.25,-42889009.6621858,-134613000.67150664,-58331497.47586339
2460831.2916666665,-42787593.85857774,-134643493.52890363,-58345047.237973936
2460831.3333333335,-42686125.4250761,-134673919.6547811,-58358567.60338382
2460831.375,-42584604.44704214,-134704278.79433003,-58372058.435333826
2460831.4166666665,-42483031.00853477,-134734570.6942815,-58385519.59782276
2460831.4583333335,-42381405.19568662,-134764795.10189512,-58398950.95515877
2460831.5,-42279727.10009081,-134794951.76396102,-58412352.3715164
2460831.5416666665,-42177996.81200869,-134825040.42882505,-58425723.71183724
2460831.5833333335,-42076214.42375162,-134855060.84538355,-58439064.84138405
2460831.625,-41974380.033073284,-134885012.7620923,-58452375.62530085
2460831.6666666665,-41872493.73636733,-134914895.9289775,-58465655.92950738
2460831.7083333335,-41770555.632054724,-134944710.09663782,-58478905.62025626
2460831.75,-41668565.82398158,-134974455.0152596,-58492124.56369597
2460831.7916666665,-41566524.41460679,-135004130.4366143,-58505312.62675931
2460831.8333333335,-41464431.50839484,-135033736.11306715,-58518469.676723376
2460831.875,-41362287.21521918,-135063271.79659927,-58531595.580775745
2460831.9166666665,-41260091.64353986,-135092737.24079126,-58544690.206896625
2460831.9583333335,-41157844.90380184,-135122132.1998385,-58557753.423421934
2460832.0,-41055547.11184375,-135151456.42758048,-58570785.0986126
2460832.0416666665,-40953198.38206555,-135180709.67947027,-58583785.101530366
2460832.0833333335,-40850798.83083239,-135209891.71159658,-58596753.30160407
2460832.125,-40748348.57988871,-135239002.2797205,-58609689.568202004
2460832.1666666665,-40645847.74951594,-135268041.14123043,-58622593.77150152
2460832.2083333335,-40543296.46194185,-135297008.05417156,-58635465.78205829
2460832.25,-40440694.84475989,-135325902.77628946,-58648305.47038206
2460832.2916666665,-40338043.02407714,-135354725.06697097,-58661112.70779971
2460832.3333333335,-40235341.127928935,-135383474.6862806,-58673887.366027825
2460832.375,-40132589.289703466,-135412151.39401165,-58686629.31675162
2460832.4166666665,-40029787.64128003,-135440754.95161247,-58699338.43248168
2460832.4583333335,-39926936.31644882,-135469285.12123019,-58712014.58612959
2460832.5,-39824035.4543409,-135497741.6647692,-58724657.650590405
2460832.5416666665,-39721085.192556515,-135526124.34580293,-58737267.499592654
2460832.5833333335,-39618085.670590304,-135554432.92862484,-58749844.00727742
2460832.625,-39515037.033266276,-135582667.17731437,-58762387.04778412
2460832.6666666665,-39411939.423856616,-135610826.85763416,-58774896.49609393
2460832.7083333335,-39308792.98751191,-135638911.73608825,-58787372.22761219
2460832.75,-39205597.874701306,-135666921.57899597,-58799814.11775768
2460832.7916666665,-39102354.23432165,-135694856.15437385,-58812222.04279928
2460832.8333333335,-38999062.217132844,-135722715.2310019,-58824595.87944189
2460832.875,-38895721.97920305,-135750498.57750478,-58836935.504419066
2460832.9166666665,-38792333.67500824,-135778205.9642188,-58849240.79532306
2460832.9583333335,-38688897.46087262,-135805837.16226608,-58861511.6301941
2460833.0,-38585413.49841876,-135833391.94264314,-58873747.88711658
2460833.0416666665,-38481881.947657704,-135860870.07807323,-58885949.44504232
2460833.0833333335,-38378302.97043437,-135888271.34208766,-58898116.18338332
2460833.125,-38274676.73388248,-135915595.50812283,-58910247.98161153
2460833.1666666665,-38171003.40350536,-135942842.3513569,-58922344.72007522
2460833.2083333335,-38067283.14662619,-135970011.6477992,-58934406.2795953
2460833.25,-37963516.135847785,-135997103.17339498,-58946432.5410687
2460833.2916666665,-37859702.54212398,-136024116.70584697,-58958423.38627779
2460833.3333333335,-37755842.53821475,-136051052.02371252,-58970378.697490305
2460833.375,-37651936.302150786,-136077908.9055164,-58982298.357066356
2460833.4166666665,-37547984.010295495,-136104687.13155687,-58994182.248260856
2460833.4583333335,-37443985.840805024,-136131386.48301083,-59006030.25482712
2460833.5,-37339941.9770973,-136158006.74105483,-59017842.26062747
2460833.5416666665,-37235852.60090505,-136184547.68865523,-59029618.15042873
2460833.5833333335,-37131717.895740345,-136211009.10968181,-59041357.809509344
2460833.625,-37027538.0503683,-136237390.7880365,-59053061.12327386
2460833.6666666665,-36923313.25185098,-136263692.50942826,-59064727.978041165
2460833.7083333335,-36819043.68901649,-136289914.06049454,-59076358.260655396
2460833.75,-36714729.555937245,-136316055.2279382,-59087951.858104184
2460833.7916666665,-36610371.04496478,-136342115.800287,-59099508.65829968
2460833.8333333335,-36505968.350203484,-136368095.56702253,-59111028.54969318
2460833.875,-36401521.6709931,-136393994.31772625,-59122511.420897245
2460833.9166666665,-36297031.20493473,-136419811.84382227,-59133957.1614594
2460833.9583333335,-36192497.151368976,-136445547.93771517,-59145365.66148062
2460834.0,-36087919.714862786,-136471202.39194387,-59156736.81124118
2460834.0416666665,-35983299.09822656,-136496775.00090885,-59168070.501967154
2460834.0833333335,-35878635.50599668,-136522265.56001794,-59179366.62545263
2460834.125,-35773929.14792658,-136547673.86484873,-59190625.073689476
2460834.1666666665,-35669180.23199514,-136572999.71285966,-59201845.73962643
2460834.2083333335,-35564388.96789345,-136598242.9025441,-59213028.516795196
2460834.25,-35459555.57052002,-136623403.23260146,-59224173.29894411
2460834.2916666665,-35354680.252980545,-136648480.50363156,-59235279.98078973
2460834.3333333335,-35249763.230078846,-136673474.5172977,-59246348.4576469
2460834.375,-35144804.72181613,-136698385.07550582,-59257378.62506626
2460834.4166666665,-35039804.94638219,-136723211.98208296,-59268370.37957845
2460834.4583333335,-34934764.12365049,-136747955.0419483,-59279323.61832793
2460834.5,-34829682.47868133,-136772614.06030133,-59290238.23871461
2460834.5416666665,-34724560.23470466,-136797188.84428358,-59301114.13913036
2460834.5833333335,-34619397.616619065,-136821679.20215833,-59311951.21859685
2460834.625,-34514194.854498945,-136846084.94250742,-59322749.37641116
2460834.6666666665,-34408952.17656885,-136870405.87587622,-59333508.51287462
2460834.7083333335,-34303669.81270652,-136894641.81396213,-59344228.52893466
2460834.75,-34198347.99795369,-136918792.56881997,-59354909.3258344
2460834.7916666665,-34092986.965482324,-136942857.95449027,-59365550.805833876
2460834.8333333335,-33987586.950101376,-136966837.78619632,-59376152.87185578
2460834.875,-33882148.191771336,-136990731.8795585,-59386715.4271392
2460834.9166666665,-33776670.928562365,-137014540.0522056,-59397238.375953004
2460834.9583333335,-33671155.40016474,-137038262.1229806,-59407721.62324565
2460835.0,-33565601.85140697,-137061897.9111637,-59418165.074303
2460835.0416666665,-33460010.52520599,-137085447.2380668,-59428568.63545386
2460835.0833333335,-33354381.666081212,-137108909.92624798,-59438932.21372385
2460835.125,-33248715.523676146,-137132285.79874352,-59449255.71649735
2460835.1666666665,-33143012.345700663,-137155574.68064496,-59459539.05221506
2460835.2083333335,-33037272.38144865,-137178776.39832264,-59469782.130032085
2460835.25,-32931495.885322966,-137201890.77866665,-59479984.859483846
2460835.2916666665,-32825683.10977002,-137224917.65064642,-59490147.151175864
2460835.3333333335,-32719834.308800805,-137247856.84454343,-59500268.91644576
2460835.375,-32613949.741519183,-137270708.19120076,-59510350.06703348
2460835.4166666665,-32508029.665048804,-137293471.52356574,-59520390.5157629
2460835.4583333335,-32402074.338057544,-137316146.67593113,-59530390.17620814
2460835.5,-32296084.024288908,-137338733.48319396,-59540348.96236774
2460835.5416666665,-32190058.985481523,-137361231.78238064,-59550266.78933844
2460835.5833333335,-32083999.484896805,-137383641.41189706,-59560143.57298534
2460835.625,-31977905.79085341,-137405962.2107964,-59569979.22962056
2460835.6666666665,-31871778.169639442,-137428194.02028668,-59579773.67666862
2460835.7083333335,-31765616.889043234,-137450336.68299,-59589526.83234101
2460835.75,-31659422.221890777,-137472390.04221925,-59599238.61531882
2460835.7916666665,-31553194.43895075,-137494353.943468,-59608908.94541012
2460835.8333333335,-31446933.81246833,-137516228.23367867,-59618537.74322857
2460835.875,-31340640.61970549,-137538012.7605285,-59628124.92988035
2460835.9166666665,-31234315.13583901,-137559707.37390164,-59637670.42761325
2460835.9583333335,-31127957.637497198,-137581311.92516616,-59647174.15949952
2460836.0,-31021568.406303,-137602826.2664693,-59656636.04912695
2460836.0416666665,-30915147.721765056,-137624250.25219166,-59666056.02123979
2460836.0833333335,-30808695.864817336,-137645583.7382332,-59675434.0014256
2460836.125,-30702213.12136485,-137666826.5813178,-59684769.915810846
2460836.1666666665,-30595699.77516802,-137687978.6404292,-59694063.6916932
2460836.2083333335,-30489156.111385003,-137709039.77610633,-59703315.257232845
2460836.25,-30382582.42012002,-137730009.8497568,-59712524.5411521
2460836.2916666665,-30275978.989301115,-137750888.72507513,-59721691.47335948
2460836.3333333335,-30169346.108225103,-137771676.26734662,-59730815.98464518
2460836.375,-30062684.071108416,-137792372.34277073,-59739898.00638496
2460836.4166666665,-29955993.169958364,-137812976.8198603,-59748937.471155755
2460836.4583333335,-29849273.698120695,-137833489.5687555,-59757934.31243538
2460836.5,-29742525.953832753,-137853910.46055555,-59766888.46431071
2460836.5416666665,-29635750.233088505,-137874239.36870018,-59775799.86208481
2460836.5833333335,-29528946.833188534,-137894476.16829255,-59784668.441980794
2460836.625,-29422116.056295432,-137914620.73544016,-59793494.14085445
2460836.6666666665,-29315258.202292778,-137934672.94861817,-59802276.89679261
2460836.7083333335,-29208373.572337434,-137954632.68800107,-59811016.64882147
2460836.75,-29101462.47241713,-137974499.8348133,-59819713.33662335
2460836.7916666665,-28994525.206203457,-137994274.2726737,-59828366.901126556
2460836.8333333335,-28887562.078606483,-138013955.8869367,-59836977.28421791
2460836.875,-28780573.399334326,-138033544.56405193,-59845544.42846383
2460836.9166666665,-28673559.475740444,-138053040.19289026,-59854068.27769156
2460836.9583333335,-28566520.616380356,-138072442.66409412,-59862548.77670591
2460837.0,-28459457.13457318,-138091751.86944646,-59870985.87101474
2460837.0416666665,-28352369.341243386,-138110967.703178,-59879379.50740136
2460837.0833333335,-28245257.54847949,-138130090.0613269,-59887729.63364568
2460837.125,-28138122.073097512,-138149118.8411169,-59896036.19825394
2460837.1666666665,-28030963.229477283,-138168053.94224602,-59904299.151022315
2460837.2083333335,-27923781.33312312,-138186895.2662551,-59912518.44276247
2460837.25,-27816576.70422903,-138205642.71591568,-59920694.02503545
2460837.2916666665,-27709349.660509773,-138224296.19649938,-59928825.85070671
2460837.3333333335,-27602100.520763427,-138242855.6151562,-59936913.873675704
2460837.375,-27494829.60843821,-138261320.88031125,-59944958.0486143
2460837.4166666665,-27387537.244458556,-138279691.9029155,-59952958.33151285
2460837.4583333335,-27280223.7507894,-138297968.59583315,-59960914.67941414
