2461021.50000000,-3556681.36852238,132508588.22580500,23021827.21975700
2461021.54166666,-3635255.86168070,132505341.86296800,23010495.74185830
2461021.58333333,-3713827.78517367,132502001.91573900,22999148.00988720
2461021.62500000,-3792397.08332573,132498568.38004400,22987784.03073910
2461021.66666666,-3870963.70045196,132495041.25177700,22976403.81130470
2461021.70833333,-3949527.58085839,132491420.52679500,22965007.35846980
2461021.75000000,-4028088.66884114,132487706.20092300,22953594.67911510
2461021.79166666,-4106646.90869006,132483898.26995000,22942165.78011640
2461021.83333333,-4185202.24468593,132479996.72962800,22930720.66834420
2461021.87500000,-4263754.62109697,132476001.57567900,22919259.35066500
2461021.91666666,-4342303.98218285,132471912.80378500,22907781.83393980
2461021.95833333,-4420850.27219563,132467730.40959900,22896288.12502500
2461022.00000000,-4499393.43537461,132463454.38873400,22884778.23077230
2461022.04166666,-4577933.41594972,132459084.73677100,22873252.15802860
2461022.08333333,-4656470.15814301,132454621.44925700,22861709.91363550
2461022.12500000,-4735003.60616544,132450064.52170200,22850151.50443020
2461022.16666666,-4813533.70421683,132445413.94958200,22838576.93724530
2461022.20833333,-4892060.39648674,132440669.72833900,22826986.21890850
2461022.25000000,-4970583.62715264,132435831.85338100,22815379.35624290
2461022.29166666,-5049103.34038432,132430900.32007800,22803756.35606670
2461022.33333333,-5127619.48034071,132425875.12376900,22792117.22519330
2461022.37500000,-5206131.99116642,132420756.25975500,22780461.97043200
2461022.41666666,-5284640.81699599,132415543.72330400,22768790.59858710
2461022.45833333,-5363145.90195343,132410237.50965000,22757103.11645830
2461022.50000000,-5441647.19015071,132404837.61399100,22745399.53084070
2461022.54166666,-5520144.62568896,132399344.03148900,22733679.84852500
2461022.58333333,-5598638.15265640,132393756.75727300,22721944.07629700
2461022.62500000,-5677127.71512934,132388075.78643700,22710192.22093850
2461022.66666666,-5755613.25717400,132382301.11404000,22698424.28922590
2461022.70833333,-5834094.72284080,132376432.73510600,22686640.28793210
2461022.75000000,-5912572.05616839,132370470.64462300,22674840.22382530
2461022.79166666,-5991045.20118702,132364414.83754700,22663024.10366850
2461022.83333333,-6069514.10191304,132358265.30879700,22651191.93422040
2461022.87500000,-6147978.70234695,132352022.05325700,22639343.72223600
2461022.91666666,-6226438.94647784,132345685.06577800,22627479.47446540
2461022.95833333,-6304894.77828201,132339254.34117300,22615599.19765440
2461023.00000000,-6383346.14172249,132332729.87422400,22603702.89854440
2461023.04166666,-6461792.98074935,132326111.65967400,22591790.58387220
2461023.08333333,-6540235.23929842,132319399.69223600,22579862.26037060
2461023.12500000,-6618672.86129139,132312593.96658300,22567917.93476830
2461023.16666666,-6697105.79063729,132305694.47735700,22555957.61378900
2461023.20833333,-6775533.97123136,132298701.21916200,22543981.30415270
2461023.25000000,-6853957.34695356,132291614.18657000,22531989.01257480
2461023.29166666,-6932375.86167081,132284433.37411700,22519980.74576650
2461023.33333333,-7010789.45923562,132277158.77630200,22507956.51043490
2461023.37500000,-7089198.08348521,132269790.38759300,22495916.31328270
2461023.41666666,-7167601.67824217,132262328.20241900,22483860.16100870
2461023.45833333,-7246000.18731322,132254772.21517700,22471788.06030770
2461023.50000000,-7324393.55449391,132247122.42022800,22459700.01786930
2461023.54166666,-7402781.72356315,132239378.81189800,22447596.04037980
2461023.58333333,-7481164.63828195,132231541.38447800,22435476.13452150
2461023.62500000,-7559542.24239832,132223610.13222300,22423340.30697220
2461023.66666666,-7637914.47964532,132215585.04935600,22411188.56440560
2461023.70833333,-7716281.29373681,132207466.13006200,22399020.91349190
2461023.75000000,-7794642.62837441,132199253.36849300,22386837.36089670
2461023.79166666,-7872998.42724287,132190946.75876400,22374637.91328170
2461023.83333333,-7951348.63400959,132182546.29495700,22362422.57730480
2461023.87500000,-8029693.19232779,132174051.97111800,22350191.35961950
2461023.91666666,-8108032.04583306,132165463.78125700,22337944.26687570
2461023.95833333,-8186365.13814298,132156781.71935200,22325681.30571950
2461024.00000000,-8264692.41286280,132148005.77934300,22313402.48279230
2461024.04166666,-8343013.81357888,132139135.95513600,22301107.80473210
2461024.08333333,-8421329.28385839,132130172.24060100,22288797.27817310
2461024.12500000,-8499638.76725318,132121114.62957500,22276470.90974560
2461024.16666666,-8577942.20729760,132111963.11585900,22264128.70607580
2461024.20833333,-8656239.54750883,132102717.69321800,22251770.67378630
2461024.25000000,-8734530.73138814,132093378.35538300,22239396.81949550
2461024.29166666,-8812815.70241528,132083945.09605000,22227007.14981870
2461024.33333333,-8891094.40405235,132074417.90887800,22214601.67136710
2461024.37500000,-8969366.77974741,132064796.78749400,22202180.39074790
2461024.41666666,-9047632.77292809,132055081.72548800,22189743.31456460
2461024.45833333,-9125892.32700190,132045272.71641400,22177290.44941740
2461024.50000000,-9204145.38536282,132035369.75379400,22164821.80190220
2461024.54166666,-9282391.89138375,132025372.83111000,22152337.37861120
2461024.58333333,-9360631.78841681,132015281.94181500,22139837.18613350
2461024.62500000,-9438865.01979711,132005097.07932100,22127321.23105440
2461024.66666666,-9517091.52884028,131994818.23700900,22114789.51995520
2461024.70833333,-9595311.25884342,131984445.40822300,22102242.05941400
2461024.75000000,-9673524.15308416,131973978.58627200,22089678.85600510
2461024.79166666,-9751730.15481983,131963417.76442900,22077099.91629920
2461024.83333333,-9829929.20728857,131952762.93593500,22064505.24686360
2461024.87500000,-9908121.25370915,131942014.09399200,22051894.85426190
2461024.91666666,-9986306.23728019,131931171.23176900,22039268.74505430
2461024.95833333,-10064484.10118080,131920234.34239900,22026626.92579740
2461025.00000000,-10142654.78856850,131909203.41897900,22013969.40304440
2461025.04166666,-10220818.24258080,131898078.45457400,22001296.18334520
2461025.08333333,-10298974.40633620,131886859.44221000,21988607.27324590
2461025.12500000,-10377123.22293080,131875546.37488000,21975902.67928940
2461025.16666666,-10455264.63543940,131864139.24554100,21963182.40801540
2461025.20833333,-10533398.58692020,131852638.04711500,21950446.46595960
2461025.25000000,-10611525.02040810,131841042.77248700,21937694.85965430
2461025.29166666,-10689643.87891310,131829353.41451000,21924927.59562960
2461025.33333333,-10767755.10542550,131817569.96600000,21912144.68041150
2461025.37500000,-10845858.64291660,131805692.41973800,21899346.12052250
2461025.41666666,-10923954.43433460,131793720.76846800,21886531.92248210
2461025.45833333,-11002042.42260600,131781655.00490200,21873702.09280650
2461025.50000000,-11080122.55063450,131769495.12171300,21860856.63800860
2461025.54166666,-11158194.76130110,131757241.11154300,21847995.56459830
2461025.58333333,-11236258.99746650,131744892.96699500,21835118.87908200
2461025.62500000,-11314315.20196990,131732450.68063800,21822226.58796260
2461025.66666666,-11392363.31762530,131719914.24500500,21809318.69774050
2461025.70833333,-11470403.28722330,131707283.65259500,21796395.21491280
2461025.75000000,-11548435.05353360,131694558.89587200,21783456.14597320
2461025.79166666,-11626458.55930230,131681739.96726200,21770501.49741250
2461025.83333333,-11704473.74725300,131668826.85915800,21757531.27571830
2461025.87500000,-11782480.56008530,131655819.56391600,21744545.48737500
2461025.91666666,-11860478.94047340,131642718.07385900,21731544.13886450
2461025.95833333,-11938468.83107080,131629522.38127300,21718527.23666490
2461026.00000000,-12016450.17450620,131616232.47840800,21705494.78725190
2461026.04166666,-12094422.91338250,131602848.35747900,21692446.79709810
2461026.08333333,-12172386.99028140,131589370.01066800,21679383.27267270
2461026.12500000,-12250342.34776100,131575797.43011700,21666304.22044190
2461026.16666666,-12328288.92835210,131562130.60793600,21653209.64686960
2461026.20833333,-12406226.67456070,131548369.53619900,21640099.55841660
2461026.25000000,-12484155.52886970,131534514.20694500,21626973.96154060
2461026.29166666,-12562075.43373710,131520564.61217500,21613832.86269630
2461026.33333333,-12639986.33159530,131506520.74385800,21600676.26833600
2461026.37500000,-12717888.16485150,131492382.59392500,21587504.18490870
2461026.41666666,-12795780.87588870,131478150.15427300,21574316.61886060
2461026.45833333,-12873664.40706320,131463823.41676200,21561113.57663550
2461026.50000000,-12951538.70070570,131449402.37321900,21547895.06467420
2461026.54166666,-13029403.69912120,131434887.01543300,21534661.08941450
2461026.58333333,-13107259.34458920,131420277.33515800,21521411.65729180
2461026.62500000,-13185105.57936300,131405573.32411400,21508146.77473870
2461026.66666666,-13262942.34566980,131390774.97398400,21494866.44818480
2461026.70833333,-13340769.58570910,131375882.27641600,21481570.68405760
2461026.75000000,-13418587.24165410,131360895.22302300,21468259.48878170
2461026.79166666,-13496395.25565310,131345813.80538100,21454932.86877860
2461026.83333333,-13574193.56982880,131330638.01503100,21441590.83046730
2461026.87500000,-13651982.12627320,131315367.84347900,21428233.38026460
2461026.91666666,-13729760.86704940,131300003.28219700,21414860.52458500
2461026.95833333,-13807529.73419760,131284544.32261800,21401472.26983980
2461027.00000000,-13885288.66972980,131268990.95614100,21388068.62243780
2461027.04166666,-13963037.61562900,131253343.17413000,21374649.58878560
2461027.08333333,-14040776.51385120,131237600.96791300,21361215.17528680
2461027.12500000,-14118505.30632470,131221764.32878200,21347765.38834310
2461027.16666666,-14196223.93494920,131205833.24799400,21334300.23435320
2461027.20833333,-14273932.34159560,131189807.71676900,21320819.71971380
2461027.25000000,-14351630.46810560,131173687.72629400,21307323.85081930
2461027.29166666,-14429318.25629530,131157473.26771800,21293812.63406100
2461027.33333333,-14506995.64795180,131141164.33215500,21280286.07582790
2461027.37500000,-14584662.58483040,131124760.91068300,21266744.18250740
2461027.41666666,-14662319.00865800,131108262.99434600,21253186.96048410
2461027.45833333,-14739964.86113350,131091670.57415100,21239614.41614020
2461027.50000000,-14817600.08392620,131074983.64106900,21226026.55585560
2461027.54166666,-14895224.61867640,131058202.18603600,21212423.38600800
2461027.58333333,-14972838.40699340,131041326.19995200,21198804.91297290
2461027.62500000,-15050441.39045600,131024355.67368200,21185171.14312360
2461027.66666666,-15128033.51061530,131007290.59805400,21171522.08283100
2461027.70833333,-15205614.70899100,130990130.96386200,21157857.73846370
2461027.75000000,-15283184.92707090,130972876.76186300,21144178.11638880
2461027.79166666,-15360744.10631590,130955527.98277700,21130483.22297030
2461027.83333333,-15438292.18815580,130938084.61729200,21116773.06457030
2461027.87500000,-15515829.11398640,130920546.65605600,21103047.64754910
2461027.91666666,-15593354.82517400,130902914.08968500,21089306.97826500
2461027.95833333,-15670869.26305440,130885186.90875700,21075551.06307380
2461028.00000000,-15748372.36893170,130867365.10381500,21061779.90832950
2461028.04166666,-15825864.08407900,130849448.66536500,21047993.52038400
2461028.08333333,-15903344.34973730,130831437.58387900,21034191.90558710
2461028.12500000,-15980813.10711480,130813331.84979300,21020375.07028680
2461028.16666666,-16058270.29738970,130795131.45350600,21006543.02082900
2461028.20833333,-16135715.86170740,130776836.38538100,20992695.76355760
2461028.25000000,-16213149.74118050,130758446.63574700,20978833.30481480
2461028.29166666,-16290571.87689000,130739962.19489600,20964955.65094040
2461028.33333333,-16367982.20988440,130721383.05308400,20951062.80827270
2461028.37500000,-16445380.68117860,130702709.20053200,20937154.78314820
2461028.41666666,-16522767.23175480,130683940.62742300,20923231.58190120
2461028.45833333,-16600141.80256230,130665077.32390800,20909293.21086440
2461028.50000000,-16677504.33451740,130646119.28009800,20895339.67636880
2461028.54166666,-16754854.76850330,130627066.48607200,20881370.98474330
2461028.58333333,-16832193.04536880,130607918.93186800,20867387.14231510
2461028.62500000,-16909519.10592850,130588676.60749400,20853388.15541010
2461028.66666666,-16986832.89096450,130569339.50291900,20839374.03035200
2461028.70833333,-17064134.34122480,130549907.60807500,20825344.77346270
2461028.75000000,-17141423.39742180,130530380.91286000,20811300.39106290
2461028.79166666,-17218700.00023520,130510759.40713600,20797240.88947130
2461028.83333333,-17295964.09030960,130491043.08072800,20783166.27500480
2461028.87500000,-17373215.60825450,130471231.92342500,20769076.55397910
2461028.91666666,-17450454.49464410,130451325.92498300,20754971.73270820
2461028.95833333,-17527680.69001710,130431325.07511800,20740851.81750470
2461029.00000000,-17604894.13488050,130411229.36351100,20726716.81467880
2461029.04166666,-17682094.76970400,130391038.77980900,20712566.73053970
2461029.08333333,-17759282.53491970,130370753.31362200,20698401.57139540
2461029.12500000,-17836457.37092610,130350372.95452300,20684221.34355220
2461029.16666666,-17913619.21808620,130329897.69205000,20670026.05331450
2461029.20833333,-17990768.01672370,130309327.51570400,20655815.70698620
2461029.25000000,-18067903.70712990,130288662.41495300,20641590.31086880
2461029.29166666,-18145026.22955830,130267902.37922400,20627349.87126300
2461029.33333333,-18222135.52422490,130247047.39791300,20613094.39446790
2461029.37500000,-18299231.53131120,130226097.46037600,20598823.88678110
2461029.41666666,-18376314.19096000,130205052.55593500,20584538.35449910
2461029.45833333,-18453383.44327640,130183912.67387600,20570237.80391710
2461029.50000000,-18530439.22833230,130162677.80344800,20555922.24132850
2461029.54166666,-18607481.48615980,130141347.93386400,20541591.67302580
2461029.58333333,-18684510.15675160,130119923.05430200,20527246.10530040
2461029.62500000,-18761525.18006450,130098403.15390200,20512885.54444220
2461029.66666666,-18838526.49601720,130076788.22177000,20498509.99674010
2461029.70833333,-18915514.04449050,130055078.24697500,20484119.46848180
2461029.75000000,-18992487.76532730,130033273.21854900,20469713.96595340
2461029.79166666,-19069447.59833100,130011373.12548900,20455293.49544050
2461029.83333333,-19146393.48326680,129989377.95675600,20440858.06322720
2461029.87500000,-19223325.35986210,129967287.70127400,20426407.67559650
2461029.91666666,-19300243.16780430,129945102.34793200,20411942.33883040
2461029.95833333,-19377146.84674320,129922821.88558000,20397462.05920970
2461030.00000000,-19454036.33628700,129900446.30303600,20382966.84301450
2461030.04166666,-19530911.57600590,129877975.58907900,20368456.69652360
2461030.08333333,-19607772.50543100,129855409.73245300,20353931.62601490
2461030.12500000,-19684619.06405280,129832748.72186400,20339391.63776520
2461030.16666666,-19761451.19132200,129809992.54598400,20324836.73805060
2461030.20833333,-19838268.82664990,129787141.19344800,20310266.93314600
2461030.25000000,-19915071.90940720,129764194.65285400,20295682.22932540
2461030.29166666,-19991860.37892320,129741152.91276500,20281082.63286230
2461030.33333333,-20068634.17448740,129718015.96170800,20266468.15002900
2461030.37500000,-20145393.23534840,129694783.78817100,20251838.78709710
2461030.41666666,-20222137.50071410,129671456.38060900,20237194.55033720
2461030.45833333,-20298866.90975140,129648033.72743900,20222535.44601920
2461030.50000000,-20375581.40158440,129624515.81704200,20207861.48041250
2461030.54166666,-20452280.91529660,129600902.63776400,20193172.65978550
2461030.58333333,-20528965.38993100,129577194.17791200,20178468.99040570
2461030.62500000,-20605634.76448670,129553390.42575900,20163750.47854050
2461030.66666666,-20682288.97792090,129529491.36954200,20149017.13045610
2461030.70833333,-20758927.96915270,129505496.99745900,20134268.95241780
2461030.75000000,-20835551.67705490,129481407.29767300,20119505.95069050
2461030.79166666,-20912160.04045720,129457222.25831300,20104728.13153920
2461030.83333333,-20988752.99814920,129432941.86746700,20089935.50122730
2461030.87500000,-21065330.48887590,129408566.11319100,20075128.06601810
2461030.91666666,-21141892.45133790,129384094.98350300,20060305.83217470
2461030.95833333,-21218438.82419570,129359528.46638500,20045468.80595910
2461031.00000000,-21294969.54606440,129334866.54978100,20030616.99363300
2461031.04166666,-21371484.55551480,129310109.22160100,20015750.40145790
2461031.08333333,-21447983.79107630,129285256.46971600,20000869.03569440
2461031.12500000,-21524467.19123460,129260308.28196300,19985972.90260240
2461031.16666666,-21600934.69442900,129235264.64614000,19971062.00844210
2461031.20833333,-21677386.23905380,129210125.55001300,19956136.35947340
2461031.25000000,-21753821.76346090,129184890.98130700,19941195.96195540
2461031.29166666,-21830241.20595690,129159560.92771200,19926240.82214690
2461031.33333333,-21906644.50480330,129134135.37688300,19911270.94630650
2461031.37500000,-21983031.59821660,129108614.31643700,19896286.34069250
2461031.41666666,-22059402.42436880,129082997.73395400,19881287.01156280
2461031.45833333,-22135756.92138570,129057285.61698000,19866272.96517510
2461031.50000000,-22212095.02734720,129031477.95302300,19851244.20778730
2461031.54166666,-22288416.68028780,129005574.72955300,19836200.74565650
2461031.58333333,-22364721.81819640,128979575.93400700,19821142.58504010
2461031.62500000,-22441010.37901570,128953481.55378200,19806069.73219480
2461031.66666666,-22517282.30064190,128927291.57624100,19790982.19337790
2461031.70833333,-22593537.52092380,128901005.98870900,19775879.97484600
2461031.75000000,-22669775.97766430,128874624.77847600,19760763.08285610
2461031.79166666,-22745997.60862020,128848147.93279300,19745631.52366460
2461031.83333333,-22822202.35150000,128821575.43887700,19730485.30352850
2461031.87500000,-22898390.14396540,128794907.28390700,19715324.42870420
2461031.91666666,-22974560.92363160,128768143.45502600,19700148.90544840
2461031.95833333,-23050714.62806480,128741283.93934000,19684958.74001790
2461032.00000000,-23126851.19478370,128714328.72391900,19669753.93866950
2461032.04166666,-23202970.56125920,128687277.79579700,19654534.50766000
2461032.08333333,-23279072.66491410,128660131.14196800,19639300.45324660
2461032.12500000,-23355157.44312310,128632888.74939400,19624051.78168630
2461032.16666666,-23431224.83321220,128605550.60499800,19608788.49923640
2461032.20833333,-23507274.77245780,128578116.69566600,19593510.61215440
2461032.25000000,-23583307.19808700,128550587.00825000,19578218.12669850
2461032.29166666,-23659322.04728060,128522961.52956200,19562911.04912600
2461032.33333333,-23735319.25716950,128495240.24637700,19547589.38569520
2461032.37500000,-23811298.76483280,128467423.14543800,19532253.14266460
2461032.41666666,-23887260.50730030,128439510.21344800,19516902.32629330
2461032.45833333,-23963204.42155330,128411501.43707400,19501536.94284030
2461032.50000000,-24039130.44452260,128383396.80294500,19486156.99856510
2461032.54166666,-24115038.51308960,128355196.29765500,19470762.49972740
2461032.58333333,-24190928.56408350,128326899.90776100,19455353.45258770
2461032.62500000,-24266800.53428270,128298507.61978300,19439929.86340690
2461032.66666666,-24342654.36041710,128270019.42020500,19424491.73844590
2461032.70833333,-24418489.97916380,128241435.29547400,19409039.08396650
2461032.75000000,-24494307.32714790,128212755.23200000,19393571.90623130
2461032.79166666,-24570106.34094640,128183979.21615500,19378090.21150250
2461032.83333333,-24645886.95708380,128155107.23427500,19362594.00604320
2461032.87500000,-24721649.11203030,128126139.27266200,19347083.29611750
2461032.91666666,-24797392.74220520,128097075.31757800,19331558.08799000
2461032.95833333,-24873117.78397630,128067915.35525000,19316018.38792570
2461033.00000000,-24948824.17365920,128038659.37186700,19300464.20219040
2461033.04166666,-25024511.84751620,128009307.35358200,19284895.53705060
2461033.08333333,-25100180.74175710,127979859.28651000,19269312.39877350
2461033.12500000,-25175830.79254040,127950315.15673100,19253714.79362650
2461033.16666666,-25251461.93596990,127920674.95028800,19238102.72787850
2461033.20833333,-25327074.10809370,127890938.65318500,19222476.20779930
2461033.25000000,-25402667.24490830,127861106.25139400,19206835.23965940
2461033.29166666,-25478241.28235960,127831177.73084400,19191179.82972930
2461033.33333333,-25553796.15633770,127801153.07743100,19175509.98428070
2461033.37500000,-25629331.80267650,127771032.27701300,19159825.70958680
2461033.41666666,-25704848.15715680,127740815.31541200,19144127.01192150
2461033.45833333,-25780345.15550530,127710502.17841300,19128413.89755940
2461033.50000000,-25855822.73339380,127680092.85176300,19112686.37277610
2461033.54166666,-25931280.82643970,127649587.32117300,19096944.44384820
2461033.58333333,-26006719.37020440,127618985.57231800,19081188.11705340
2461033.62500000,-26082138.30019360,127588287.59083400,19065417.39867070
2461033.66666666,-26157537.55185900,127557493.36232300,19049632.29497960
2461033.70833333,-26232917.06059590,127526602.87234600,19033832.81226100
2461033.75000000,-26308276.76174340,127495616.10643200,19018018.95679710
2461033.79166666,-26383616.59058510,127464533.05006900,19002190.73487090
2461033.83333333,-26458936.48234840,127433353.68871100,18986348.15276670
2461033.87500000,-26534236.37220360,127402078.00777200,18970491.21677000
2461033.91666666,-26609516.19526380,127370705.99263200,18954619.93316780
2461033.95833333,-26684775.88658500,127339237.62863400,18938734.30824820
2461034.00000000,-26760015.38116940,127307672.90108000,18922834.34830000
2461034.04166666,-26835234.61395980,127276011.79524100,18906920.05961380
2461034.08333333,-26910433.51983950,127244254.29634600,18890991.44848200
2461034.12500000,-26985612.03363630,127212400.38959000,18875048.52119760
2461034.16666666,-27060770.09012020,127180450.06012900,18859091.28405520
2461034.20833333,-27135907.62400040,127148403.29308600,18843119.74335140
2461034.25000000,-27211024.56993020,127116260.07354200,18827133.90538350
2461034.29166666,-27286120.86250490,127084020.38654400,18811133.77645040
2461034.33333333,-27361196.43626010,127051684.21710100,18795119.36285270
2461034.37500000,-27436251.22567230,127019251.55018400,18779090.67089240
2461034.41666666,-27511285.16515850,126986722.37073000,18763047.70687320
2461034.45833333,-27586298.18907570,126954096.66363700,18746990.47710040
2461034.50000000,-27661290.23172510,126921374.41376600,18730918.98788030
2461034.54166666,-27736261.22734550,126888555.60593900,18714833.24552130
2461034.58333333,-27811211.11011430,126855640.22494500,18698733.25633380
2461034.62500000,-27886139.81415020,126822628.25553400,18682619.02662940
2461034.66666666,-27961047.27351160,126789519.68241900,18666490.56272160
2461034.70833333,-28035933.42219600,126756314.49027500,18650347.87092560
2461034.75000000,-28110798.19414210,126723012.66374100,18634190.95755800
2461034.79166666,-28185641.52322300,126689614.18742000,18618019.82893800
2461034.83333333,-28260463.34325220,126656119.04587600,18601834.49138660
2461034.87500000,-28335263.58798480,126622527.22363700,18585634.95122580
2461034.91666666,-28410042.19111130,126588838.70519300,18569421.21477990
2461034.95833333,-28484799.08626000,126555053.47499800,18553193.28837560
2461035.00000000,-28559534.20700100,126521171.51746800,18536951.17834040
2461035.04166666,-28634247.48683940,126487192.81698200,18520694.89100450
2461035.08333333,-28708938.85921640,126453117.35788200,18504424.43270020
2461035.12500000,-28783608.25751190,126418945.12447300,18488139.80976190
2461035.16666666,-28858255.61504280,126384676.10102300,18471841.02852560
2461035.20833333,-28932880.86506300,126350310.27176300,18455528.09532960
2461035.25000000,-29007483.94076330,126315847.62088700,18439201.01651410
2461035.29166666,-29082064.77526970,126281288.13255000,18422859.79842210
2461035.33333333,-29156623.30164510,126246631.79087200,18406504.44739810
2461035.37500000,-29231159.45288860,126211878.57993600,18390134.96978880
2461035.41666666,-29305673.16193480,126177028.48378600,18373751.37194360
2461035.45833333,-29380164.36165470,126142081.48643000,18357353.66021370
2461035.50000000,-29454632.98485250,126107037.57183800,18340941.84095280
2461035.54166666,-29529078.96426890,126071896.72394500,18324515.92051700
2461035.58333333,-29603502.23258020,126036658.92664600,18308075.90526450
2461035.62500000,-29677902.72239540,126001324.16380100,18291621.80155600
2461035.66666666,-29752280.36625870,125965892.41923200,18275153.61575480
2461035.70833333,-29826635.09665180,125930363.67672300,18258671.35422580
2461035.75000000,-29900966.84598790,125894737.92001900,18242175.02333680
2461035.79166666,-29975275.54661080,125859015.13283400,18225664.62945880
2461035.83333333,-30049561.13080040,125823195.29884000,18209140.17896480
2461035.87500000,-30123823.53077140,125787278.40167200,18192601.67823010
2461035.91666666,-30198062.67867050,125751264.42493000,18176049.13363280
2461035.95833333,-30272278.50657750,125715153.35217300,18159482.55155330
2461036.00000000,-30346470.94650370,125678945.16692700,18142901.93837530
2461036.04166666,-30420639.93039360,125642639.85267900,18126307.30048460
2461036.08333333,-30494785.39012490,125606237.39287700,18109698.64426990
2461036.12500000,-30568907.25750540,125569737.77093600,18093075.97612260
2461036.16666666,-30643005.46427510,125533140.97022900,18076439.30243700
2461036.20833333,-30717079.94210920,125496446.97409300,18059788.62960930
2461036.25000000,-30791130.62261020,125459655.76583000,18043123.96403960
2461036.29166666,-30865157.43731150,125422767.32870300,18026445.31213070
2461036.33333333,-30939160.31767990,125385781.64593800,18009752.68028750
2461036.37500000,-31013139.19511090,125348698.70072300,17993046.07491870
2461036.41666666,-31087094.00092940,125311518.47621000,17976325.50243590
2461036.45833333,-31161024.66639360,125274240.95551400,17959590.96925290
2461036.50000000,-31234931.12268950,125236866.12171100,17942842.48178710
2461036.54166666,-31308813.30093230,125199393.95784000,17926080.04645920
2461036.58333333,-31382671.13216900,125161824.44690500,17909303.66969200
2461036.62500000,-31456504.54737610,125124157.57186800,17892513.35791170
2461036.66666666,-31530313.47745670,125086393.31565900,17875709.11754800
2461036.70833333,-31604097.85324250,125048531.66116700,17858890.95503390
2461036.75000000,-31677857.60549550,125010572.59124500,17842058.87680520
2461036.79166666,-31751592.66490570,124972516.08871000,17825212.88930080
2461036.83333333,-31825302.96209040,124934362.13633900,17808352.99896320
2461036.87500000,-31898988.42759560,124896110.71687300,17791479.21223800
2461036.91666666,-31972648.99189500,124857761.81301600,17774591.53557390
2461036.95833333,-32046284.58538930,124819315.40743300,17757689.97542330
2461037.00000000,-32119895.13840570,124780771.48275500,17740774.53824180
2461037.04166666,-32193480.58119920,124742130.02157200,17723845.23048850
2461037.08333333,-32267040.84395120,124703391.00643800,17706902.05862580
2461037.12500000,-32340575.85677000,124664554.41987200,17689945.02911960
2461037.16666666,-32414085.54968980,124625620.24435000,17672974.14843930
2461037.20833333,-32487569.85266950,124586588.46231700,17655989.42305800
2461037.25000000,-32561028.69559540,124547459.05617700,17638990.85945230
2461037.29166666,-32634462.00827900,124508232.00829800,17621978.46410210
2461037.33333333,-32707869.72045650,124468907.30100800,17604952.24349140
2461037.37500000,-32781251.76178940,124429484.91660100,17587912.20410740
2461037.41666666,-32854608.06186480,124389964.83733200,17570858.35244120
2461037.45833333,-32927938.55019290,124350347.04541800,17553790.69498760
2461037.50000000,-33001243.15620880,124310631.52304100,17536709.23824520
2461037.54166666,-33074521.80927140,124270818.25234400,17519613.98871660
2461037.58333333,-33147774.43866380,124230907.21543100,17502504.95290780
2461037.62500000,-33221000.97359270,124190898.39437100,17485382.13732880
2461037.66666666,-33294201.34318800,124150791.77119500,17468245.54849370
2461037.70833333,-33367375.47650170,124110587.32789700,17451095.19292030
2461037.75000000,-33440523.30250860,124070285.04643300,17433931.07713070
2461037.79166666,-33513644.75010880,124029884.90872100,17416753.20765050
2461037.83333333,-33586739.74812350,123989386.89664200,17399561.59100910
2461037.87500000,-33659808.22529420,123948790.99204000,17382356.23374090
2461037.91666666,-33732850.11028450,123908097.17672300,17365137.14238380
2461037.95833333,-33805865.33168110,123867305.43245800,17347904.32348010
2461038.00000000,-33878853.81799140,123826415.74097700,17330657.78357580
2461038.04166666,-33951815.49764470,123785428.08397400,17313397.52922130
2461038.08333333,-34024750.29898920,123744342.44310700,17296123.56697140
2461038.12500000,-34097658.15029400,123703158.79999400,17278835.90338540
2461038.16666666,-34170538.97975060,123661877.13621800,17261534.54502610
2461038.20833333,-34243392.71546830,123620497.43332300,17244219.49846130
2461038.25000000,-34316219.28547620,123579019.67281700,17226890.77026330
2461038.29166666,-34389018.61772590,123537443.83616800,17209548.36700780
2461038.33333333,-34461790.64008720,123495769.90480800,17192192.29527550
2461038.37500000,-34534535.28034670,123453997.86013200,17174822.56165190
2461038.41666666,-34607252.46621080,123412127.68349900,17157439.17272690
2461038.45833333,-34679942.12530500,123370159.35622700,17140042.13509470
2461038.50000000,-34752604.18517350,123328092.85960000,17122631.45535400
2461038.54166666,-34825238.57327730,123285928.17486100,17105207.14010850
2461038.58333333,-34897845.21699640,123243665.28322000,17087769.19596600
2461038.62500000,-34970424.04362820,123201304.16584500,17070317.62953930
2461038.66666666,-35042974.98038660,123158844.80387000,17052852.44744610
2461038.70833333,-35115497.95440260,123116287.17838900,17035373.65630850
2461038.75000000,-35187992.89272430,123073631.27046200,17017881.26275360
2461038.79166666,-35260459.72231630,123030877.06110700,17000375.27341310
2461038.83333333,-35332898.37005990,122988024.53130800,16982855.69492370
2461038.87500000,-35405308.76275120,122945073.66201000,16965322.53392700
2461038.91666666,-35477690.82710230,122902024.43412300,16947775.79706970
2461038.95833333,-35550044.48974150,122858876.82851500,16930215.49100310
2461039.00000000,-35622369.67721150,122815630.82602100,16912641.62238370
2461039.04166666,-35694666.31597100,122772286.40743500,16895054.19787290
2461039.08333333,-35766934.33239180,122728843.55351700,16877453.22413750
2461039.12500000,-35839173.65276040,122685302.24498800,16859838.70784910
2461039.16666666,-35911384.20327840,122641662.46253000,16842210.65568460
2461039.20833333,-35983565.91006070,122597924.18679100,16824569.07432590
2461039.25000000,-36055718.69913540,122554087.39837700,16806913.97046030
2461039.29166666,-36127842.49644470,122510152.07786200,16789245.35078030
2461039.33333333,-36199937.22784380,122466118.20577700,16771563.22198360
2461039.37500000,-36272002.81909990,122421985.76261900,16753867.59077330
2461039.41666666,-36344039.19589250,122377754.72884800,16736158.46385810
2461039.45833333,-36416046.28381320,122333425.08488600,16718435.84795190
2461039.50000000,-36488024.00836860,122288996.81111400,16700699.74977370
2461039.54166666,-36559972.29497490,122244469.88788000,16682950.17604820
2461039.58333333,-36631891.06895760,122199844.29549400,16665187.13350600
2461039.62500000,-36703780.25555640,122155120.01422600,16647410.62888290
2461039.66666666,-36775639.77992110,122110297.02431100,16629620.66892020
2461039.70833333,-36847469.56710940,122065375.30594700,16611817.26036560
2461039.75000000,-36919269.54209320,122020354.83929200,16594000.40997130
2461039.79166666,-36991039.62975250,121975235.60447000,16576170.12449610
2461039.83333333,-37062779.75487660,121930017.58156400,16558326.41070420
2461039.87500000,-37134489.84216630,121884700.75062100,16540469.27536560
2461039.91666666,-37206169.81622960,121839285.09165200,16522598.72525610
2461039.95833333,-37277819.60158320,121793770.58463000,16504714.76715780
2461040.00000000,-37349439.12265610,121748157.20948700,16486817.40785750
2461040.04166666,-37421028.30378300,121702444.94612300,16468906.65414880
2461040.08333333,-37492587.06920530,121656633.77439700,16450982.51283170
2461040.12500000,-37564115.34307390,121610723.67413300,16433044.99071150
2461040.16666666,-37635613.04944710,121564714.62511500,16415094.09459980
2461040.20833333,-37707080.11229030,121518606.60709300,16397129.83131430
2461040.25000000,-37778516.45547640,121472399.59977500,16379152.20767880
2461040.29166666,-37849922.00278350,121426093.58283700,16361161.23052330
2461040.33333333,-37921296.67789790,121379688.53591300,16343156.90668410
2461040.37500000,-37992640.40441110,121333184.43860200,16325139.24300340
2461040.41666666,-38063953.10581840,121286581.27046700,16307108.24633060
2461040.45833333,-38135234.70552260,121239879.01103200,16289063.92352090
2461040.50000000,-38206485.12683490,121193077.63978000,16271006.28143480
2461040.54166666,-38277704.29296770,121146177.13616100,16252935.32694060
2461040.58333333,-38348892.12703780,121099177.47958900,16234851.06691270
2461040.62500000,-38420048.55206730,121052078.64943700,16216753.50823200
2461040.66666666,-38491173.49098250,121004880.62504200,16198642.65778580
2461040.70833333,-38562266.86661350,120957583.38570400,16180518.52246830
2461040.75000000,-38633328.60169410,120910186.91068600,16162381.10917960
2461040.79166666,-38704358.61886030,120862691.17921200,16144230.42482740
2461040.83333333,-38775356.84065170,120815096.17047100,16126066.47632560
2461040.87500000,-38846323.18951070,120767401.86361200,16107889.27059490
2461040.91666666,-38917257.58778170,120719608.23775000,16089698.81456260
2461040.95833333,-38988159.95771200,120671715.27196000,16071495.11516290
2461041.00000000,-39059030.22144850,120623722.94528100,16053278.17933740
2461041.04166666,-39129868.30104110,120575631.23671400,16035048.01403420
2461041.08333333,-39200674.11844120,120527440.12522300,16016804.62620790
2461041.12500000,-39271447.59549930,120479149.58973500,15998548.02282120
2461041.16666666,-39342188.65396740,120430759.60914100,15980278.21084290
2461041.20833333,-39412897.21550060,120382270.16229000,15961995.19724870
2461041.25000000,-39483573.20165010,120333681.22799900,15943698.98902200
2461041.29166666,-39554216.53386680,120284992.78504600,15925389.59315360
2461041.33333333,-39624827.13350350,120236204.81216900,15907067.01664070
2461041.37500000,-39695404.92180960,120187317.28807400,15888731.26648850
2461041.41666666,-39765949.81993280,120138330.19142700,15870382.34970950
2461041.45833333,-39836461.74892200,120089243.50085700,15852020.27332290
2461041.50000000,-39906940.62972180,120040057.19495400,15833645.04435580
2461041.54166666,-39977386.38317540,119990771.25227400,15815256.66984250
2461041.58333333,-40047798.93002440,119941385.65133400,15796855.15682470
2461041.62500000,-40118178.19090540,119891900.37061500,15778440.51235200
2461041.66666666,-40188524.08635310,119842315.38855900,15760012.74348150
2461041.70833333,-40258836.53680170,119792630.68357100,15741571.85727670
2461041.75000000,-40329115.46257740,119742846.23402000,15723117.86081030
2461041.79166666,-40399360.78390310,119692962.01823800,15704650.76116210
2461041.83333333,-40469572.42089820,119642978.01451900,15686170.56541970
2461041.87500000,-40539750.29357700,119592894.20112000,15667677.28067840
2461041.91666666,-40609894.32184940,119542710.55626200,15649170.91404140
2461041.95833333,-40680004.42551960,119492427.05812800,15630651.47261950
2461042.00000000,-40750080.52428520,119442043.68486300,15612118.96353200
2461042.04166666,-40820122.53773930,119391560.41457700,15593573.39390560
2461042.08333333,-40890130.38536790,119340977.22534100,15575014.77087520
2461042.12500000,-40960103.98655100,119290294.09518900,15556443.10158380
2461042.16666666,-41030043.26056160,119239511.00212000,15537858.39318220
2461042.20833333,-41099948.12656400,119188627.92409500,15519260.65283010
2461042.25000000,-41169818.50361660,119137644.83903700,15500649.88769460
2461042.29166666,-41239654.31066980,119086561.72483300,15482026.10495130
2461042.33333333,-41309455.46656500,119035378.55933100,15463389.31178410
2461042.37500000,-41379221.89003580,118984095.32034600,15444739.51538520
2461042.41666666,-41448953.49970720,118932711.98565200,15426076.72295510
2461042.45833333,-41518650.21409420,118881228.53298700,15407400.94170290
2461042.50000000,-41588311.95160230,118829644.94005400,15388712.17884610
2461042.54166666,-41657938.63052740,118777961.18451800,15370010.44161060
2461042.58333333,-41727530.16905560,118726177.24400700,15351295.73723100
2461042.62500000,-41797086.48526250,118674293.09611000,15332568.07295040
2461042.66666666,-41866607.49711260,118622308.71838200,15313827.45602060
2461042.70833333,-41936093.12245830,118570224.08834100,15295073.89370220
2461042.75000000,-42005543.27904190,118518039.18346700,15276307.39326460
2461042.79166666,-42074957.88449400,118465753.98120200,15257527.96198550
2461042.83333333,-42144336.85633090,118413368.45895500,15238735.60715240
2461042.87500000,-42213680.11195900,118360882.59409500,15219930.33606090
2461042.91666666,-42282987.56867300,118308296.36395200,15201112.15601490
2461042.95833333,-42352259.14365080,118255609.74582500,15182281.07432880
2461043.00000000,-42421494.75395820,118202822.71697200,15163437.09832540
2461043.04166666,-42490694.31654840,118149935.25461500,15144580.23533630
2461043.08333333,-42559857.74825830,118096947.33594200,15125710.49270270
2461043.12500000,-42628984.96581080,118043858.93810000,15106827.87777510
2461043.16666666,-42698075.88581560,117990670.03820300,15087932.39791250
2461043.20833333,-42767130.42476550,117937380.61332500,15069024.06048390
2461043.25000000,-42836148.49903740,117883990.64050700,15050102.87286770
2461043.29166666,-42905130.02489540,117830500.09674900,15031168.84245060
2461043.33333333,-42974074.91848580,117776908.95901600,15012221.97662950
2461043.37500000,-43042983.09583680,117723217.20423800,14993262.28281100
2461043.41666666,-43111854.47286010,117669424.80930900,14974289.76841130
2461043.45833333,-43180688.96535140,117615531.75108200,14955304.44085570
2461043.50000000,-43249486.48898820,117561538.00637800,14936306.30757920
2461043.54166666,-43318246.95932970,117507443.55197800,14917295.37602670
2461043.58333333,-43386970.29181740,117453248.36462900,14898271.65365300
2461043.62500000,-43455656.40177500,117398952.42103900,14879235.14792190
2461043.66666666,-43524305.20440580,117344555.69788100,14860185.86630770
2461043.70833333,-43592916.61479160,117290058.17179300,14841123.81629520
2461043.75000000,-43661490.54789690,117235459.81937600,14822049.00537840
2461043.79166666,-43730026.91856850,117180760.61719100,14802961.44106090
2461043.83333333,-43798525.64153060,117125960.54176400,14783861.13085640
2461043.87500000,-43866986.63138530,117071059.56958800,14764748.08228960
2461043.91666666,-43935409.80261420,117016057.67711500,14745622.30289510
2461043.95833333,-44003795.06957800,116960954.84076500,14726483.80021720
2461044.00000000,-44072142.34651600,116905751.03691900,14707332.58181070
2461044.04166666,-44140451.54754390,116850446.24192100,14688168.65524100
2461044.08333333,-44208722.58665600,116795040.43208000,14668992.02808330
2461044.12500000,-44276955.37772380,116739533.58366900,14649802.70792360
2461044.16666666,-44345149.83449420,116683925.67292300,14630600.70235840
2461044.20833333,-44413305.87059120,116628216.67604300,14611386.01899460
2461044.25000000,-44481423.39951450,116572406.56919300,14592158.66544990
2461044.29166666,-44549502.33464000,116516495.32850000,14572918.64935230
2461044.33333333,-44617542.58921840,116460482.93005500,14553665.97834060
2461044.37500000,-44685544.07637520,116404369.34991300,14534400.66006450
2461044.41666666,-44753506.70910960,116348154.56409400,14515122.70218460
2461044.45833333,-44821430.40029530,116291838.54858100,14495832.11237230
2461044.50000000,-44889315.06268220,116235421.27931900,14476528.89830920
2461044.54166666,-44957160.60889170,116178902.73221900,14457213.06768840
2461044.58333333,-45024966.95141640,116122282.88315700,14437884.62821450
2461044.62500000,-45092734.00262380,116065561.70797100,14418543.58760260
2461044.66666666,-45160461.67475350,116008739.18246200,14399189.95357890
2461044.70833333,-45228149.87991450,115951815.28240000,14379823.73388160
2461044.75000000,-45295798.53008990,115894789.98351400,14360444.93625920
2461044.79166666,-45363407.53713390,115837663.26149900,14341053.56847170
2461044.83333333,-45430976.81277070,115780435.09201400,14321649.63829050
2461044.87500000,-45498506.26859480,115723105.45068100,14302233.15349860
2461044.91666666,-45565995.81606990,115665674.31308900,14282804.12189050
2461044.95833333,-45633445.36652960,115608141.65478900,14263362.55127250
2461045.00000000,-45700854.83117940,115550507.45129500,14243908.44946110
2461045.04166666,-45768224.12109130,115492771.67808700,14224441.82428570
2461045.08333333,-45835553.14720430,115434934.31061000,14204962.68358750
2461045.12500000,-45902841.82032730,115376995.32427300,14185471.03521890
2461045.16666666,-45970090.05113650,115318954.69444800,14165966.88704450
2461045.20833333,-46037297.75017540,115260812.39647200,14146450.24694040
2461045.25000000,-46104464.82785580,115202568.40564500,14126921.12279440
2461045.29166666,-46171591.19445160,115144222.69723500,14107379.52250760
2461045.33333333,-46238676.76010530,115085775.24647400,14087825.45399240
2461045.37500000,-46305721.43482700,115027226.02855400,14068258.92517260
2461045.41666666,-46372725.12848940,114968575.01863500,14048679.94398510
2461045.45833333,-46439687.75083030,114909822.19184200,14029088.51837910
2461045.50000000,-46506609.21145540,114850967.52326200,14009484.65631470
2461045.54166666,-46573489.41983120,114792010.98794700,13989868.36576580
2461045.58333333,-46640328.28528750,114732952.56091600,13970239.65471830
2461045.62500000,-46707125.71701860,114673792.21715200,13950598.53117070
2461045.66666666,-46773881.62408140,114614529.93160100,13930945.00313380
2461045.70833333,-46840595.91539540,114555165.67917400,13911279.07863100
2461045.75000000,-46907268.49974250,114495699.43474900,13891600.76569850
2461045.79166666,-46973899.28576490,114436131.17316600,13871910.07238530
2461045.83333333,-47040488.18196700,114376460.86923300,13852207.00675320
2461045.87500000,-47107035.09671430,114316688.49771900,13832491.57687640
2461045.91666666,-47173539.93823250,114256814.03336100,13812763.79084240
2461045.95833333,-47240002.61460670,114196837.45085900,13793023.65675170
2461046.00000000,-47306423.03378300,114136758.72488000,13773271.18271750
2461046.04166666,-47372801.10356560,114076577.83005300,13753506.37686630
2461046.08333333,-47439136.73161750,114016294.74097400,13733729.24733780
2461046.12500000,-47505429.82545940,113955909.43220600,13713939.80228520
2461046.16666666,-47571680.29247080,113895421.87827400,13694138.04987460
2461046.20833333,-47637888.03989100,113834832.05366600,13674323.99828490
2461046.25000000,-47704052.97481440,113774139.93284100,13654497.65570890
2461046.29166666,-47770175.00418880,113713345.49022000,13634659.03035380
2461046.33333333,-47836254.03482180,113652448.70019100,13614808.13043950
2461046.37500000,-47902289.97337700,113591449.53710600,13594944.96419920
2461046.41666666,-47968282.72637250,113530347.97528100,13575069.53988040
2461046.45833333,-48034232.20018220,113469143.98899800,13555181.86574360
2461046.50000000,-48100138.30103270,113407837.55250800,13535281.95006400
2461046.54166666,-48166000.93500620,113346428.64002400,13515369.80113020
2461046.58333333,-48231820.00803900,113284917.22572400,13495445.42724450
2461046.62500000,-48297595.42591870,113223303.28375300,13475508.83672400
2461046.66666666,-48363327.09428710,113161586.78822300,13455560.03789900
2461046.70833333,-48429014.91864080,113099767.71320600,13435599.03911370
2461046.75000000,-48494658.80432480,113037846.03274600,13415625.84872740
2461046.79166666,-48560258.65653570,112975821.72085100,13395640.47511350
2461046.83333333,-48625814.38032380,112913694.75149100,13375642.92665920
2461046.87500000,-48691325.88058740,112851465.09860700,13355633.21176660
2461046.91666666,-48756793.06207520,112789132.73610500,13335611.33885250
2461046.95833333,-48822215.82938770,112726697.63785300,13315577.31634750
2461047.00000000,-48887594.08697280,112664159.77768900,13295531.15269730
2461047.04166666,-48952927.73912800,112601519.12941500,13275472.85636230
2461047.08333333,-49018216.69000010,112538775.66679900,13255402.43581710
2461047.12500000,-49083460.84358170,112475929.36357700,13235319.89955190
2461047.16666666,-49148660.10371450,112412980.19344900,13215225.25607140
2461047.20833333,-49213814.37408950,112349928.13007900,13195118.51389450
2461047.25000000,-49278923.55824050,112286773.14710200,13174999.68155610
2461047.29166666,-49343987.55954880,112223515.21811700,13154868.76760620
2461047.33333333,-49409006.28124130,112160154.31669000,13134725.78060970
2461047.37500000,-49473979.62639070,112096690.41635200,13114570.72914650
2461047.41666666,-49538907.49791450,112033123.49060200,13094403.62181220
2461047.45833333,-49603789.79857440,111969453.51290300,13074224.46721740
2461047.50000000,-49668626.43097530,111905680.45668800,13054033.27398860
2461047.54166666,-49733417.29756650,111841804.29535400,13033830.05076750
2461047.58333333,-49798162.30064000,111777825.00226600,13013614.80621150
2461047.62500000,-49862861.34233060,111713742.55075300,12993387.54899350
2461047.66666666,-49927514.32461490,111649556.91411400,12973148.28780220
2461047.70833333,-49992121.14931000,111585268.06561400,12952897.03134250
2461047.75000000,-50056681.71807580,111520875.97848300,12932633.78833470
2461047.79166666,-50121195.93241270,111456380.62591900,12912358.56751500
2461047.83333333,-50185663.69365910,111391781.98108800,12892071.37763640
2461047.87500000,-50250084.90299590,111327080.01712200,12871772.22746710
2461047.91666666,-50314459.46144460,111262274.70711700,12851461.12579100
2461047.95833333,-50378787.26986180,111197366.02413900,12831138.08140950
2461048.00000000,-50443068.22894170,111132353.94122500,12810803.10314050
2461048.04166666,-50507302.23921890,111067238.43137300,12790456.19981740
2461048.08333333,-50571489.20106530,111002019.46755100,12770097.38029030
2461048.12500000,-50635629.01468910,110936697.02269300,12749726.65342580
2461048.16666666,-50699721.58013500,110871271.06970100,12729344.02810720
2461048.20833333,-50763766.79728240,110805741.58144600,12708949.51323490
2461048.25000000,-50827764.56584760,110740108.53076400,12688543.11772550
2461048.29166666,-50891714.78538180,110674371.89046000,12668124.85051260
2461048.33333333,-50955617.35526860,110608531.63330700,12647694.72054730
2461048.37500000,-51019472.17472820,110542587.73204300,12627252.73679680
2461048.41666666,-51083279.14281510,110476540.15937500,12606798.90824540
2461048.45833333,-51147038.15841320,110410388.88797900,12586333.24389540
2461048.50000000,-51210749.12024030,110344133.89049800,12565855.75276590
2461048.54166666,-51274411.92684770,110277775.13954200,12545366.44389310
2461048.58333333,-51338026.47661540,110211312.60769200,12524865.32633120
2461048.62500000,-51401592.66775560,110144746.26749500,12504352.40915180
2461048.66666666,-51465110.39831210,110078076.09146400,12483827.70144320
2461048.70833333,-51528579.56615710,110011302.05208400,12463291.21231250
2461048.75000000,-51592000.06899230,109944424.12180700,12442742.95088400
2461048.79166666,-51655371.80435090,109877442.27305000,12422182.92629930
2461048.83333333,-51718694.66959310,109810356.47820100,12401611.14771810
2461048.87500000,-51781968.56190550,109743166.70961800,12381027.62431880
2461048.91666666,-51845193.37830280,109675872.93962600,12360432.36529750
2461048.95833333,-51908369.01562800,109608475.14051700,12339825.37986800
2461049.00000000,-51971495.37054940,109540973.28455500,12319206.67726270
2461049.04166666,-52034572.33956140,109473367.34396900,12298576.26673230
2461049.08333333,-52097599.81898420,109405657.29095900,12277934.15754560
2461049.12500000,-52160577.70496300,109337843.09769300,12257280.35899000
2461049.16666666,-52223505.89346650,109269924.73630900,12236614.88037150
2461049.20833333,-52286384.28028760,109201902.17891200,12215937.73101480
2461049.25000000,-52349212.76104270,109133775.39757700,12195248.92026310
2461049.29166666,-52411991.23117100,109065544.36435000,12174548.45747860
2461049.33333333,-52474719.58593440,108997209.05124200,12153836.35204200
2461049.37500000,-52537397.72041560,108928769.43023700,12133112.61335350
2461049.41666666,-52600025.52951840,108860225.47328900,12112377.25083220
2461049.45833333,-52662602.90796760,108791577.15231700,12091630.27391630
2461049.50000000,-52725129.75031020,108722824.43921100,12070871.69206250
2461049.54166666,-52787605.95091230,108653967.30583100,12050101.51474720
2461049.58333333,-52850031.40395500,108585005.72401000,12029319.75146730
2461049.62500000,-52912406.00344030,108515939.66554800,12008526.41173850
2461049.66666666,-52974729.64319020,108446769.10221200,11987721.50509530
2461049.70833333,-53037002.21684240,108377494.00574300,11966905.04109260
2461049.75000000,-53099223.61785170,108308114.34785000,11946077.02930490
2461049.79166666,-53161393.73948980,108238630.10021300,11925237.47932650
2461049.83333333,-53223512.47484420,108169041.23447900,11904386.40077150
2461049.87500000,-53285579.71681710,108099347.72227000,11883523.80327410
2461049.91666666,-53347595.35812490,108029549.53517700,11862649.69648910
2461049.95833333,-53409559.29129900,107959646.64475800,11841764.09009090
2461050.00000000,-53471471.40868640,107889639.02254400,11820866.99377370
2461050.04166666,-53533331.60244510,107819526.64003600,11799958.41725280
2461050.08333333,-53595139.76454470,107749309.46870700,11779038.37026420
2461050.12500000,-53656895.78676810,107678987.47999900,11758106.86256410
2461050.16666666,-53718599.56070950,107608560.64532500,11737163.90392920
2461050.20833333,-53780250.97777440,107538028.93606900,11716209.50415680
2461050.25000000,-53841849.92917870,107467392.32358700,11695243.67306540
2461050.29166666,-53903396.30594610,107396650.77920400,11674266.42049460
2461050.33333333,-53964889.99891120,107325804.27421900,11653277.75630460
2461050.37500000,-54026330.89871740,107254852.77989900,11632277.69037660
2461050.41666666,-54087718.89581480,107183796.26748500,11611266.23261380
2461050.45833333,-54149053.88046150,107112634.70818800,11590243.39293980
2461050.50000000,-54210335.74272480,107041368.07319000,11569209.18129950
2461050.54166666,-54271564.37247610,106969996.33364300,11548163.60765970
2461050.58333333,-54332739.65939170,106898519.46067700,11527106.68200910
2461050.62500000,-54393861.49295440,106826937.42538700,11506038.41435760
2461050.66666666,-54454929.76245130,106755250.19884400,11484958.81473710
2461050.70833333,-54515944.35697370,106683457.75208800,11463867.89320130
2461050.75000000,-54576905.16541660,106611560.05613400,11442765.65982550
2461050.79166666,-54637812.07647650,106539557.08196700,11421652.12470780
2461050.83333333,-54698664.97865310,106467448.80054600,11400527.29796800
2461050.87500000,-54759463.76024820,106395235.18280000,11379391.18974810
2461050.91666666,-54820208.30936390,106322916.19963200,11358243.81021260
2461050.95833333,-54880898.51390300,106250491.82191800,11337085.16954850
2461051.00000000,-54941534.26156870,106177962.02050600,11315915.27796510
2461051.04166666,-55002115.43986300,106105326.76621500,11294734.14569440
2461051.08333333,-55062641.93608640,106032586.02984000,11273541.78299160
2461051.12500000,-55123113.63733740,105959739.78214700,11252338.20013430
2461051.16666666,-55183530.43051270,105886787.99387600,11231123.40742320
2461051.20833333,-55243892.20230530,105813730.63573900,11209897.41518190
2461051.25000000,-55304198.83920520,105740567.67842200,11188660.23375730
2461051.29166666,-55364450.22749650,105667299.09258600,11167411.87351970
2461051.33333333,-55424646.25325940,105593924.84886200,11146152.34486280
2461051.37500000,-55484786.80236900,105520444.91785700,11124881.65820320
2461051.41666666,-55544871.76049340,105446859.27015200,11103599.82398170
2461051.45833333,-55604901.01309400,105373167.87630000,11082306.85266240
2461051.50000000,-55664874.44542570,105299370.70682900,11061002.75473320
2461051.54166666,-55724791.94253450,105225467.73224000,11039687.54070600
2461051.58333333,-55784653.38925770,105151458.92301100,11018361.22111660
2461051.62500000,-55844458.67022270,105077344.24959100,10997023.80652540
2461051.66666666,-55904207.66984810,105003123.68240700,10975675.30751640
2461051.70833333,-55963900.27234370,104928797.19185300,10954315.73469730
2461051.75000000,-56023536.36170500,104854364.74830700,10932945.09870140
2461051.79166666,-56083115.82171620,104779826.32211600,10911563.41018620
2461051.83333333,-56142638.53595100,104705181.88360200,10890170.67983330
2461051.87500000,-56202104.38776770,104630431.40306600,10868766.91834980
2461051.91666666,-56261513.26031130,104555574.85078100,10847352.13646750
2461051.95833333,-56320865.03651420,104480612.19699400,10825926.34494250
2461052.00000000,-56380159.59909180,104405543.41193100,10804489.55455660
2461052.04166666,-56439396.83054500,104330368.46579100,10783041.77611670
2461052.08333333,-56498576.61315860,104255087.32874800,10761583.02045440
2461052.12500000,-56557698.82899900,104179699.97095300,10740113.29842760
2461052.16666666,-56616763.35991630,104104206.36253400,10718632.62091910
2461052.20833333,-56675770.08754430,104028606.47358900,10697140.99883680
2461052.25000000,-56734718.89329450,103952900.27419800,10675638.44311520
2461052.29166666,-56793609.65835950,103877087.73441800,10654124.96471470
2461052.33333333,-56852442.26371270,103801168.82427800,10632600.57462120
2461052.37500000,-56911216.59010600,103725143.51378700,10611065.28384680
2461052.41666666,-56969932.51807050,103649011.77292600,10589519.10342970
2461052.45833333,-57028589.92791440,103572773.57165900,10567962.04443450
2461052.50000000,-57087188.69972270,103496428.87992100,10546394.11795240