2461021.5,4469043585.910157,104007032.34795465,-68683690.20020951
2461021.5416666665,4469043117.383021,104025246.18162128,-68676223.72287655
2461021.5833333335,4469042648.770486,104043460.0110047,-68668757.24521829
2461021.625,4469042180.072554,104061673.83610491,-68661290.76723467
2461021.6666666665,4469041711.289223,104079887.65692198,-68653824.28892557
2461021.7083333335,4469041242.420493,104098101.47345592,-68646357.81029096
2461021.75,4469040773.466365,104116315.28570682,-68638891.33133072
2461021.7916666665,4469040304.426837,104134529.09367466,-68631424.85204479
2461021.8333333335,4469039835.30191,104152742.89735952,-68623958.37243308
2461021.875,4469039366.091585,104170956.69676143,-68616491.89249553
2461021.9166666665,4469038896.79586,104189170.49188039,-68609025.41223201
2461021.9583333335,4469038427.414736,104207384.28271647,-68601558.93164252
2461022.0,4469037957.948212,104225598.06926973,-68594092.4507269
2461022.0416666665,4469037488.396289,104243811.85154015,-68586625.96948512
2461022.0833333335,4469037018.758965,104262025.62952778,-68579159.48791711
2461022.125,4469036549.036241,104280239.40323263,-68571693.00602277
2461022.1666666665,4469036079.228117,104298453.17265478,-68564226.52380203
2461022.2083333335,4469035609.334591,104316666.93779421,-68556760.04125482
2461022.25,4469035139.355666,104334880.69865097,-68549293.55838107
2461022.2916666665,4469034669.29134,104353094.45522508,-68541827.07518066
2461022.3333333335,4469034199.141614,104371308.20751658,-68534360.5916536
2461022.375,4469033728.906485,104389521.95552546,-68526894.10779975
2461022.4166666665,4469033258.585956,104407735.69925174,-68519427.62361905
2461022.4583333335,4469032788.180025,104425949.4386955,-68511961.13911146
2461022.5,4469032317.688693,104444163.1738567,-68504494.65427686
2461022.5416666665,4469031847.1119585,104462376.9047354,-68497028.16911522
2461022.5833333335,4469031376.449822,104480590.6313316,-68489561.68362644
2461022.625,4469030905.702286,104498804.35364531,-68482095.19781047
2461022.6666666665,4469030434.869345,104517018.07167652,-68474628.71166722
2461022.7083333335,4469029963.951002,104535231.78542532,-68467162.22519666
2461022.75,4469029492.947257,104553445.49489167,-68459695.73839867
2461022.7916666665,4469029021.8581085,104571659.20007561,-68452229.2512732
2461022.8333333335,4469028550.683558,104589872.9009771,-68444762.7638202
2461022.875,4469028079.423603,104608086.59759623,-68437296.2760396
2461022.9166666665,4469027608.078247,104626300.28993292,-68429829.78793131
2461022.9583333335,4469027136.647486,104644513.97798724,-68422363.29949528
2461023.0,4469026665.131322,104662727.66175921,-68414896.81073144
2461023.0416666665,4469026193.529754,104680941.3412488,-68407430.32163973
2461023.0833333335,4469025721.842782,104699155.016456,-68399963.83222008
2461023.125,4469025250.070406,104717368.68738085,-68392497.34247242
2461023.1666666665,4469024778.2126255,104735582.35402335,-68385030.8523967
2461023.2083333335,4469024306.269441,104753796.01638348,-68377564.36199284
2461023.25,4469023834.240852,104772009.67446128,-68370097.8712608
2461023.2916666665,4469023362.126858,104790223.32825671,-68362631.3802005
2461023.3333333335,4469022889.927459,104808436.97776976,-68355164.88881187
2461023.375,4469022417.642654,104826650.62300047,-68347698.39709488
2461023.4166666665,4469021945.272445,104844864.26394883,-68340231.90504944
2461023.4583333335,4469021472.81683,104863077.90061481,-68332765.4126755
2461023.5,4469021000.275809,104881291.53299846,-68325298.919973
2461023.5416666665,4469020527.649382,104899505.16109967,-68317832.42694187
2461023.5833333335,4469020054.93755,104917718.78491855,-68310365.93358208
2461023.625,4469019582.140312,104935932.404455,-68302899.43989356
2461023.6666666665,4469019109.257667,104954146.01970908,-68295432.94587623
2461023.7083333335,4469018636.289614,104972359.63068072,-68287966.45153004
2461023.75,4469018163.236156,104990573.23736997,-68280499.95685494
2461023.7916666665,4469017690.097291,105008786.83977677,-68273033.46185088
2461023.8333333335,4469017216.873018,105027000.43790111,-68265566.9665178
2461023.875,4469016743.563338,105045214.031743,-68258100.47085564
2461023.9166666665,4469016270.168251,105063427.62130241,-68250633.97486435
2461023.9583333335,4469015796.687757,105081641.20657931,-68243167.47854388
2461024.0,4469015323.121854,105099854.78757374,-68235700.98189417
2461024.0416666665,4469014849.470543,105118068.36428562,-68228234.48491514
2461024.0833333335,4469014375.733825,105136281.93671493,-68220767.98760678
2461024.125,4469013901.911697,105154495.50486168,-68213301.48996902
2461024.1666666665,4469013428.004162,105172709.06872585,-68205834.9920018
2461024.2083333335,4469012954.011217,105190922.62830742,-68198368.49370506
2461024.25,4469012479.932864,105209136.18360631,-68190901.99507879
2461024.2916666665,4469012005.769102,105227349.73462257,-68183435.49612288
2461024.3333333335,4469011531.51993,105245563.28135614,-68175968.99683735
2461024.375,4469011057.185349,105263776.823807,-68168502.49722208
2461024.4166666665,4469010582.765359,105281990.36197512,-68161035.99727708
2461024.4583333335,4469010108.259957,105300203.89586046,-68153569.49700226
2461024.5,4469009633.669147,105318417.425463,-68146102.99639757
2461024.5416666665,4469009158.992926,105336630.95078273,-68138636.49546301
2461024.5833333335,4469008684.231295,105354844.4718196,-68131169.99419849
2461024.625,4469008209.384253,105373057.98857357,-68123703.49260397
2461024.6666666665,4469007734.4518,105391271.5010446,-68116236.9906794
2461024.7083333335,4469007259.433937,105409485.00923268,-68108770.48842475
2461024.75,4469006784.330662,105427698.51313779,-68101303.98583998
2461024.7916666665,4469006309.141976,105445912.01275983,-68093837.48292498
2461024.8333333335,4469005833.867879,105464125.50809883,-68086370.9796798
2461024.875,4469005358.5083685,105482338.9991547,-68078904.47610433
2461024.9166666665,4469004883.063448,105500552.48592745,-68071437.97219856
2461024.9583333335,4469004407.533114,105518765.96841697,-68063971.46796243
2461025.0,4469003931.917369,105536979.44662331,-68056504.9633959
2461025.0416666665,4469003456.21621,105555192.92054635,-68049038.45849892
2461025.0833333335,4469002980.42964,105573406.39018612,-68041571.95327146
2461025.125,4469002504.557656,105591619.85554251,-68034105.4477135
2461025.1666666665,4469002028.600259,105609833.31661548,-68026638.94182496
2461025.2083333335,4469001552.55745,105628046.77340502,-68019172.4356058
2461025.25,4469001076.429227,105646260.22591105,-68011705.92905599
2461025.2916666665,4469000600.21559,105664473.6741336,-68004239.42217551
2461025.3333333335,4469000123.916539,105682687.11807251,-67996772.91496429
2461025.375,4468999647.532075,105700900.55772778,-67989306.40742232
2461025.4166666665,4468999171.062196,105719113.99309939,-67981839.89954953
2461025.4583333335,4468998694.506903,105737327.42418724,-67974373.39134592
2461025.5,4468998217.866194,105755540.85099131,-67966906.88281143
2461025.5416666665,4468997741.140072,105773754.27351151,-67959440.37394601
2461025.5833333335,4468997264.328533,105791967.69174784,-67951973.86474966
2461025.625,4468996787.431581,105810181.10570021,-67944507.3552223
2461025.6666666665,4468996310.449213,105828394.51536857,-67937040.84536393
2461025.7083333335,4468995833.38143,105846607.92075285,-67929574.33517449
2461025.75,4468995356.2282295,105864821.321853,-67922107.82465395
2461025.7916666665,4468994878.989614,105883034.71866897,-67914641.31380232
2461025.8333333335,4468994401.665583,105901248.11120072,-67907174.8026195
2461025.875,4468993924.256134,105919461.49944812,-67899708.2911055
2461025.9166666665,4468993446.76127,105937674.88341118,-67892241.77926025
2461025.9583333335,4468992969.180988,105955888.26308982,-67884775.26708376
2461026.0,4468992491.51529,105974101.63848399,-67877308.75457597
2461026.0416666665,4468992013.764175,105992315.00959355,-67869842.24173687
2461026.0833333335,4468991535.927643,106010528.37641853,-67862375.7285664
2461026.125,4468991058.005692,106028741.73895878,-67854909.21506454
2461026.1666666665,4468990579.998323,106046955.09721433,-67847442.70123127
2461026.2083333335,4468990101.905539,106065168.45118502,-67839976.18706657
2461026.25,4468989623.727335,106083381.80087082,-67832509.67257038
2461026.2916666665,4468989145.463712,106101595.14627168,-67825043.15774268
2461026.3333333335,4468988667.114672,106119808.4873875,-67817576.64258346
2461026.375,4468988188.680212,106138021.8242182,-67810110.12709266
2461026.4166666665,4468987710.160334,106156235.15676375,-67802643.6112703
2461026.4583333335,4468987231.555036,106174448.48502403,-67795177.0951163
2461026.5,4468986752.864319,106192661.808999,-67787710.57863067
2461026.5416666665,4468986274.088182,106210875.12868857,-67780244.06181337
2461026.5833333335,4468985795.226626,106229088.44409268,-67772777.54466435
2461026.625,4468985316.27965,106247301.75521123,-67765311.02718364
2461026.6666666665,4468984837.247254,106265515.06204414,-67757844.50937118
2461026.7083333335,4468984358.129438,106283728.36459136,-67750377.99122693
2461026.75,4468983878.9262,106301941.66285281,-67742911.4727509
2461026.7916666665,4468983399.637543,106320154.95682839,-67735444.95394304
2461026.8333333335,4468982920.263464,106338368.246518,-67727978.43480335
2461026.875,4468982440.803965,106356581.5319216,-67720511.9153318
2461026.9166666665,4468981961.259044,106374794.81303906,-67713045.39552835
2461026.9583333335,4468981481.628701,106393008.0898704,-67705578.875393
2461027.0,4468981001.912936,106411221.36241539,-67698112.3549257
2461027.0416666665,4468980522.111751,106429434.63067403,-67690645.83412646
2461027.0833333335,4468980042.225142,106447647.89464624,-67683179.31299524
2461027.125,4468979562.253111,106465861.1543319,-67675712.79153202
2461027.1666666665,4468979082.195659,106484074.40973096,-67668246.26973683
2461027.2083333335,4468978602.052782,106502287.66084327,-67660779.74760954
2461027.25,4468978121.824484,106520500.90766881,-67653313.22515023
2461027.2916666665,4468977641.51076,106538714.15020742,-67645846.70235884
2461027.3333333335,4468977161.111615,106556927.38845909,-67638380.17923537
2461027.375,4468976680.627047,106575140.62242365,-67630913.65577978
2461027.4166666665,4468976200.057054,106593353.85210106,-67623447.13199207
2461027.4583333335,4468975719.401637,106611567.0774912,-67615980.6078722
2461027.5,4468975238.660796,106629780.29859398,-67608514.08342019
2461027.5416666665,4468974757.834531,106647993.51540929,-67601047.55863598
2461027.5833333335,4468974276.922841,106666206.72793706,-67593581.0335196
2461027.625,4468973795.925726,106684419.93617722,-67586114.50807099
2461027.6666666665,4468973314.843186,106702633.14012958,-67578647.98229018
2461027.7083333335,4468972833.675221,106720846.33979416,-67571181.45617712
2461027.75,4468972352.421831,106739059.53517076,-67563714.9297318
2461027.7916666665,4468971871.083015,106757272.72625932,-67556248.4029542
2461027.8333333335,4468971389.658774,106775485.91305974,-67548781.87584436
2461027.875,4468970908.149106,106793699.0955719,-67541315.34840219
2461027.9166666665,4468970426.554012,106811912.27379574,-67533848.82062773
2461027.9583333335,4468969944.873492,106830125.44773112,-67526382.29252094
2461028.0,4468969463.107546,106848338.61737795,-67518915.76408184
2461028.0416666665,4468968981.256172,106866551.7827361,-67511449.23531036
2461028.0833333335,4468968499.319371,106884764.94380549,-67503982.70620656
2461028.125,4468968017.297143,106902978.10058601,-67496516.17677039
2461028.1666666665,4468967535.189487,106921191.25307754,-67489049.64700183
2461028.2083333335,4468967052.996406,106939404.40127999,-67481583.11690089
2461028.25,4468966570.717894,106957617.54519324,-67474116.58646755
2461028.2916666665,4468966088.353955,106975830.6848172,-67466650.0557018
2461028.3333333335,4468965605.904588,106994043.82015172,-67459183.52460366
2461028.375,4468965123.369792,107012256.95119672,-67451716.9931731
2461028.4166666665,4468964640.749568,107030470.07795206,-67444250.46141009
2461028.4583333335,4468964158.043914,107048683.20041767,-67436783.92931464
2461028.5,4468963675.252832,107066896.3185934,-67429317.39688677
2461028.5416666665,4468963192.37632,107085109.43247913,-67421850.86412643
2461028.5833333335,4468962709.414378,107103322.54207475,-67414384.33103365
2461028.625,4468962226.367007,107121535.64738019,-67406917.79760839
2461028.6666666665,4468961743.234207,107139748.7483953,-67399451.26385067
2461028.7083333335,4468961260.015976,107157961.84511994,-67391984.72976045
2461028.75,4468960776.712315,107176174.937554,-67384518.19533779
2461028.7916666665,4468960293.323222,107194388.0256974,-67377051.66058262
2461028.8333333335,4468959809.848701,107212601.10954998,-67369585.12549496
2461028.875,4468959326.288746,107230814.18911164,-67362118.5900748
2461028.9166666665,4468958842.64336,107249027.26438223,-67354652.05432215
2461028.9583333335,4468958358.912545,107267240.33536166,-67347185.51823702
2461029.0,4468957875.096296,107285453.4020498,-67339718.98181938
2461029.0416666665,4468957391.194617,107303666.4644465,-67332252.44506922
2461029.0833333335,4468956907.207505,107321879.52255167,-67324785.90798657
2461029.125,4468956423.134961,107340092.57636516,-67317319.37057139
2461029.1666666665,4468955938.976986,107358305.62588687,-67309852.83282371
2461029.2083333335,4468955454.733577,107376518.67111667,-67302386.29474354
2461029.25,4468954970.404734,107394731.71205439,-67294919.75633085
2461029.2916666665,4468954485.990459,107412944.74869995,-67287453.21758564
2461029.3333333335,4468954001.490752,107431157.7810532,-67279986.67850792
2461029.375,4468953516.90561,107449370.80911401,-67272520.13909769
2461029.4166666665,4468953032.235034,107467583.83288224,-67265053.59935495
2461029.4583333335,4468952547.479025,107485796.85235779,-67257587.05927971
2461029.5,4468952062.637582,107504009.86754052,-67250120.51887195
2461029.5416666665,4468951577.710705,107522222.87843025,-67242653.97813171
2461029.5833333335,4468951092.698392,107540435.88502692,-67235187.43705896
2461029.625,4468950607.600645,107558648.88733032,-67227720.89565371
2461029.6666666665,4468950122.417463,107576861.88534038,-67220254.35391596
2461029.7083333335,4468949637.148847,107595074.87905695,-67212787.81184572
2461029.75,4468949151.794794,107613287.86847986,-67205321.269443
2461029.7916666665,4468948666.355307,107631500.853609,-67197854.72670779
2461029.8333333335,4468948180.830382,107649713.83444422,-67190388.1836401
2461029.875,4468947695.220023,107667926.8109854,-67182921.64023992
2461029.9166666665,4468947209.524227,107686139.78323238,-67175455.09650731
2461029.9583333335,4468946723.742994,107704352.75118504,-67167988.55244221
2461030.0,4468946237.876326,107722565.71484321,-67160522.00804466
2461030.0416666665,4468945751.924221,107740778.6742068,-67153055.46331465
2461030.0833333335,4468945265.886678,107758991.6292756,-67145588.91825221
2461030.125,4468944779.763698,107777204.58004951,-67138122.37285733
2461030.1666666665,4468944293.555281,107795417.5265284,-67130655.82713002
2461030.2083333335,4468943807.261426,107813630.46871209,-67123189.28107029
2461030.25,4468943320.882133,107831843.40660045,-67115722.73467815
2461030.2916666665,4468942834.417401,107850056.34019333,-67108256.1879536
2461030.3333333335,4468942347.867232,107868269.26949058,-67100789.64089667
2461030.375,4468941861.231625,107886482.19449209,-67093323.09350733
2461030.4166666665,4468941374.510577,107904695.11519764,-67085856.54578563
2461030.4583333335,4468940887.704093,107922908.03160715,-67078389.99773157
2461030.5,4468940400.812168,107941120.94372043,-67070923.44934513
2461030.5416666665,4468939913.834804,107959333.85153738,-67063456.90062635
2461030.5833333335,4468939426.772,107977546.75505778,-67055990.351575255
2461030.625,4468938939.623757,107995759.65428153,-67048523.80219183
2461030.6666666665,4468938452.390074,108013972.54920846,-67041057.25247608
2461030.7083333335,4468937965.0709505,108032185.43983841,-67033590.702428035
2461030.75,4468937477.666387,108050398.32617123,-67026124.152047716
2461030.7916666665,4468936990.176382,108068611.20820679,-67018657.60133509
2461030.8333333335,4468936502.600937,108086824.0859449,-67011191.050290234
2461030.875,4468936014.94005,108105036.95938541,-67003724.49891312
2461030.9166666665,4468935527.193723,108123249.8285282,-66996257.94720378
2461030.9583333335,4468935039.361954,108141462.69337308,-66988791.39516222
2461031.0,4468934551.444743,108159675.55391991,-66981324.842788436
2461031.0416666665,4468934063.442091,108177888.41016851,-66973858.290082484
2461031.0833333335,4468933575.353995,108196101.26211874,-66966391.737044334
2461031.125,4468933087.18046,108214314.10977043,-66958925.18367403
2461031.1666666665,4468932598.921479,108232526.95312344,-66951458.62997159
2461031.2083333335,4468932110.577057,108250739.79217757,-66943992.075937
2461031.25,4468931622.147192,108268952.6269327,-66936525.521570325
2461031.2916666665,4468931133.631885,108287165.45738865,-66929058.966871545
2461031.3333333335,4468930645.031132,108305378.28354524,-66921592.41184067
2461031.375,4468930156.344936,108323591.10540237,-66914125.85647775
2461031.4166666665,4468929667.573298,108341803.92295977,-66906659.30078278
2461031.4583333335,4468929178.716216,108360016.7362174,-66899192.7447558
2461031.5,4468928689.773687,108378229.545175,-66891726.1883968
2461031.5416666665,4468928200.745717,108396442.34983243,-66884259.631705806
2461031.5833333335,4468927711.6323,108414655.15018953,-66876793.074682854
2461031.625,4468927222.43344,108432867.94624612,-66869326.51732795
2461031.6666666665,4468926733.149134,108451080.73800206,-66861859.959641114
2461031.7083333335,4468926243.779382,108469293.52545717,-66854393.40162237
2461031.75,4468925754.324186,108487506.30861124,-66846926.84327172
2461031.7916666665,4468925264.783544,108505719.08746417,-66839460.284589216
2461031.8333333335,4468924775.157455,108523931.86201572,-66831993.72557486
2461031.875,4468924285.44592,108542144.6322658,-66824527.16622869
2461031.9166666665,4468923795.64894,108560357.39821416,-66817060.6065507
2461031.9583333335,4468923305.766513,108578570.15986067,-66809594.04654094
2461032.0,4468922815.798638,108596782.91720515,-66802127.486199394
2461032.0416666665,4468922325.745318,108614995.6702474,-66794660.92552613
2461032.0833333335,4468921835.606549,108633208.4189873,-66787194.36452116
2461032.125,4468921345.382335,108651421.16342461,-66779727.80318448
2461032.1666666665,4468920855.072672,108669633.90355921,-66772261.241516136
2461032.2083333335,4468920364.677562,108687846.63939087,-66764794.679516144
2461032.25,4468919874.197002,108706059.37091948,-66757328.117184535
2461032.2916666665,4468919383.630996,108724272.0981448,-66749861.554521345
2461032.3333333335,4468918892.979541,108742484.82106669,-66742394.99152657
2461032.375,4468918402.242637,108760697.53968495,-66734928.428200245
2461032.4166666665,4468917911.420284,108778910.25399944,-66727461.864542395
2461032.4583333335,4468917420.512482,108797122.96400993,-66719995.30055307
2461032.5,4468916929.51923,108815335.66971625,-66712528.73623226
2461032.5416666665,4468916438.440531,108833548.37111825,-66705062.17158002
2461032.5833333335,4468915947.27638,108851761.0682157,-66697595.60659635
2461032.625,4468915456.026779,108869973.76100846,-66690129.0412813
2461032.6666666665,4468914964.691729,108888186.44949633,-66682662.475634895
2461032.7083333335,4468914473.271229,108906399.13367912,-66675195.90965714
2461032.75,4468913981.765277,108924611.81355666,-66667729.34334809
2461032.7916666665,4468913490.173876,108942824.48912874,-66660262.77670776
2461032.8333333335,4468912998.497024,108961037.1603952,-66652796.20973618
2461032.875,4468912506.734719,108979249.82735586,-66645329.64243339
2461032.9166666665,4468912014.886964,108997462.49001049,-66637863.074799396
2461032.9583333335,4468911522.953756,109015675.14835896,-66630396.50683425
2461033.0,4468911030.935098,109033887.80240105,-66622929.93853797
2461033.0416666665,4468910538.830987,109052100.45213656,-66615463.36991059
2461033.0833333335,4468910046.641424,109070313.09756531,-66607996.80095214
2461033.125,4468909554.366409,109088525.73868713,-66600530.231662646
2461033.1666666665,4468909062.005942,109106738.37550183,-66593063.66204213
2461033.2083333335,4468908569.56002,109124951.00800917,-66585597.09209067
2461033.25,4468908077.028647,109143163.63620903,-66578130.52180824
2461033.2916666665,4468907584.41182,109161376.26010114,-66570663.95119489
2461033.3333333335,4468907091.70954,109179588.87968539,-66563197.38025068
2461033.375,4468906598.921806,109197801.49496149,-66555730.80897559
2461033.4166666665,4468906106.048617,109216014.10592934,-66548264.23736971
2461033.4583333335,4468905613.089975,109234226.7125887,-66540797.66543303
2461033.5,4468905120.045878,109252439.31493938,-66533331.093165606
2461033.5416666665,4468904626.916327,109270651.91298117,-66525864.52056747
2461033.5833333335,4468904133.701322,109288864.50671391,-66518397.947638646
2461033.625,4468903640.400861,109307077.09613737,-66510931.37437916
2461033.6666666665,4468903147.014945,109325289.68125135,-66503464.800789066
2461033.7083333335,4468902653.543574,109343502.26205571,-66495998.226868406
2461033.75,4468902159.986748,109361714.83855015,-66488531.652617194
2461033.7916666665,4468901666.344464,109379927.41073456,-66481065.078035474
2461033.8333333335,4468901172.616726,109398139.97860873,-66473598.50312328
2461033.875,4468900678.803531,109416352.54217242,-66466131.927880645
2461033.9166666665,4468900184.90488,109434565.10142542,-66458665.35230762
2461033.9583333335,4468899690.920773,109452777.65636759,-66451198.776404224
2461034.0,4468899196.851207,109470990.20699868,-66443732.200170495
2461034.0416666665,4468898702.696185,109489202.75331849,-66436265.62360649
2461034.0833333335,4468898208.455706,109507415.29532681,-66428799.04671223
2461034.125,4468897714.12977,109525627.8330235,-66421332.46948775
2461034.1666666665,4468897219.718375,109543840.36640826,-66413865.891933076
2461034.2083333335,4468896725.221523,109562052.89548098,-66406399.31404828
2461034.25,4468896230.639214,109580265.4202414,-66398932.73583339
2461034.2916666665,4468895735.971445,109598477.9406893,-66391466.15728843
2461034.3333333335,4468895241.218218,109616690.45682451,-66383999.57841346
2461034.375,4468894746.379532,109634902.9686468,-66376532.99920849
2461034.4166666665,4468894251.455387,109653115.47615597,-66369066.41967359
2461034.4583333335,4468893756.445784,109671327.97935182,-66361599.83980878
2461034.5,4468893261.35072,109689540.47823411,-66354133.25961411
2461034.5416666665,4468892766.1701975,109707752.97280268,-66346666.67908962
2461034.5833333335,4468892270.904216,109725965.46305728,-66339200.098235354
2461034.625,4468891775.5527725,109744177.94899775,-66331733.51705134
2461034.6666666665,4468891280.1158695,109762390.43062378,-66324266.93553764
2461034.7083333335,4468890784.593507,109780602.90793526,-66316800.35369427
2461034.75,4468890288.9856825,109798815.38093193,-66309333.771521285
2461034.7916666665,4468889793.292398,109817027.84961358,-66301867.189018734
2461034.8333333335,4468889297.513652,109835240.31398001,-66294400.60618665
2461034.875,4468888801.649446,109853452.77403098,-66286934.02302508
2461034.9166666665,4468888305.699778,109871665.22976631,-66279467.43953406
2461034.9583333335,4468887809.664648,109889877.68118577,-66272000.85571365
2461035.0,4468887313.544056,109908090.1282891,-66264534.27156388
2461035.0416666665,4468886817.338001,109926302.57107617,-66257067.687084794
2461035.0833333335,4468886321.046486,109944515.00954671,-66249601.10227645
2461035.125,4468885824.669507,109962727.44370052,-66242134.51713887
2461035.1666666665,4468885328.207066,109980939.87353738,-66234667.93167212
2461035.2083333335,4468884831.659161,109999152.29905705,-66227201.345876224
2461035.25,4468884335.025793,110017364.72025932,-66219734.759751245
2461035.2916666665,4468883838.306963,110035577.137144,-66212268.17329723
2461035.3333333335,4468883341.502668,110053789.54971084,-66204801.586514205
2461035.375,4468882844.612909,110072001.95795962,-66197334.99940223
2461035.4166666665,4468882347.637689,110090214.36189012,-66189868.41196135
2461035.4583333335,4468881850.577002,110108426.76150215,-66182401.82419161
2461035.5,4468881353.43085,110126639.15679544,-66174935.23609307
2461035.5416666665,4468880856.199236,110144851.5477698,-66167468.64766575
2461035.5833333335,4468880358.882155,110163063.93442501,-66160002.05890972
2461035.625,4468879861.47961,110181276.31676082,-66152535.469825014
2461035.6666666665,4468879363.991601,110199488.69477701,-66145068.8804117
2461035.7083333335,4468878866.418125,110217701.06847338,-66137602.29066981
2461035.75,4468878368.759184,110235913.4378497,-66130135.70059938
2461035.7916666665,4468877871.014777,110254125.80290571,-66122669.11020049
2461035.8333333335,4468877373.184904,110272338.16364123,-66115202.519473165
2461035.875,4468876875.269565,110290550.52005601,-66107735.92841747
2461035.9166666665,4468876377.268758,110308762.87214981,-66100269.33703344
2461035.9583333335,4468875879.182486,110326975.21992241,-66092802.74532114
2461036.0,4468875381.010745,110345187.5633736,-66085336.1532806
2461036.0416666665,4468874882.753539,110363399.90250315,-66077869.5609119
2461036.0833333335,4468874384.410866,110381612.2373108,-66070402.96821506
2461036.125,4468873885.982724,110399824.56779636,-66062936.37519013
2461036.1666666665,4468873387.469114,110418036.89395954,-66055469.781837195
2461036.2083333335,4468872888.870038,110436249.21580018,-66048003.188156284
2461036.25,4468872390.185493,110454461.53331803,-66040536.594147444
2461036.2916666665,4468871891.41548,110472673.8465128,-66033069.99981074
2461036.3333333335,4468871392.559998,110490886.15538433,-66025603.40514622
2461036.375,4468870893.619047,110509098.45993236,-66018136.810153924
2461036.4166666665,4468870394.592628,110527310.76015665,-66010670.21483392
2461036.4583333335,4468869895.480738,110545523.05605696,-66003203.61918626
2461036.5,4468869396.28338,110563735.3476331,-65995737.02321099
2461036.5416666665,4468868897.000552,110581947.63488476,-65988270.42690817
2461036.5833333335,4468868397.632255,110600159.91781177,-65980803.830277845
2461036.625,4468867898.178488,110618372.19641386,-65973337.23332009
2461036.6666666665,4468867398.63925,110636584.4706908,-65965870.63603493
2461036.7083333335,4468866899.014541,110654796.74064238,-65958404.038422436
2461036.75,4468866399.304361,110673009.0062683,-65950937.440482646
2461036.7916666665,4468865899.508712,110691221.2675684,-65943470.84221566
2461036.8333333335,4468865399.627592,110709433.52454238,-65936004.243621476
2461036.875,4468864899.661,110727645.77719004,-65928537.644700184
2461036.9166666665,4468864399.608936,110745858.0255111,-65921071.04545183
2461036.9583333335,4468863899.471402,110764070.26950535,-65913604.445876464
2461037.0,4468863399.248395,110782282.50917254,-65906137.84597416
2461037.0416666665,4468862898.939916,110800494.74451245,-65898671.24574497
2461037.0833333335,4468862398.545965,110818706.97552478,-65891204.64518894
2461037.125,4468861898.066542,110836919.2022094,-65883738.04430612
2461037.1666666665,4468861397.501645,110855131.42456594,-65876271.4430966
2461037.2083333335,4468860896.851275,110873343.64259422,-65868804.8415604
2461037.25,4468860396.115433,110891555.85629399,-65861338.2396976
2461037.2916666665,4468859895.294117,110909768.065665,-65853871.63750825
2461037.3333333335,4468859394.387327,110927980.27070703,-65846405.03499241
2461037.375,4468858893.395065,110946192.4714198,-65838938.43215014
2461037.4166666665,4468858392.317328,110964404.66780306,-65831471.82898151
2461037.4583333335,4468857891.154118,110982616.85985662,-65824005.225486554
2461037.5,4468857389.905432,111000829.04758017,-65816538.62166534
2461037.5416666665,4468856888.571272,111019041.2309735,-65809072.01751795
2461037.5833333335,4468856387.151638,111037253.41003633,-65801605.41304442
2461037.625,4468855885.646528,111055465.58476846,-65794138.8082448
2461037.6666666665,4468855384.0559435,111073677.75516962,-65786672.20311919
2461037.7083333335,4468854882.379884,111091889.92123953,-65779205.5976676
2461037.75,4468854380.618348,111110102.08297801,-65771738.991890125
2461037.7916666665,4468853878.771337,111128314.24038471,-65764272.385786824
2461037.8333333335,4468853376.838849,111146526.3934595,-65756805.77935775
2461037.875,4468852874.820886,111164738.54220201,-65749339.17260297
2461037.9166666665,4468852372.717445,111182950.68661207,-65741872.56552254
2461037.9583333335,4468851870.528529,111201162.8266894,-65734405.958116524
2461038.0,4468851368.254136,111219374.96243376,-65726939.35038497
2461038.0416666665,4468850865.894266,111237587.09384486,-65719472.742327966
2461038.0833333335,4468850363.448918,111255799.22092248,-65712006.13394556
2461038.125,4468849860.918093,111274011.34366637,-65704539.525237836
2461038.1666666665,4468849358.30179,111292223.46207628,-65697072.91620482
2461038.2083333335,4468848855.60001,111310435.57615194,-65689606.30684659
2461038.25,4468848352.812752,111328647.68589307,-65682139.69716322
2461038.2916666665,4468847849.940015,111346859.79129946,-65674673.08715476
2461038.3333333335,4468847346.9818,111365071.89237085,-65667206.476821296
2461038.375,4468846843.938107,111383283.98910694,-65659739.866162874
2461038.4166666665,4468846340.808933,111401496.0815075,-65652273.25517957
2461038.4583333335,4468845837.594282,111419708.1695723,-65644806.643871434
2461038.5,4468845334.294151,111437920.25330102,-65637340.032238536
2461038.5416666665,4468844830.908541,111456132.33269346,-65629873.42028094
2461038.5833333335,4468844327.43745,111474344.40774933,-65622406.807998724
2461038.625,4468843823.88088,111492556.47846837,-65614940.195391946
2461038.6666666665,4468843320.238831,111510768.54485032,-65607473.58246066
2461038.7083333335,4468842816.5113,111528980.60689496,-65600006.96920495
2461038.75,4468842312.69829,111547192.66460197,-65592540.35562489
2461038.7916666665,4468841808.799798,111565404.71797115,-65585073.74172051
2461038.8333333335,4468841304.815825,111583616.76700217,-65577607.1274919
2461038.875,4468840800.746372,111601828.81169482,-65570140.51293913
2461038.9166666665,4468840296.591437,111620040.8520488,-65562673.898062274
2461038.9583333335,4468839792.351022,111638252.8880639,-65555207.28286139
2461039.0,4468839288.025124,111656464.91973978,-65547740.66733654
2461039.0416666665,4468838783.613744,111674676.94707623,-65540274.05148779
2461039.0833333335,4468838279.116881,111692888.97007298,-65532807.43531521
2461039.125,4468837774.534537,111711100.98872977,-65525340.81881888
2461039.1666666665,4468837269.866711,111729313.00304632,-65517874.20199887
2461039.2083333335,4468836765.113401,111747525.01302236,-65510407.58485523
2461039.25,4468836260.274609,111765737.01865764,-65502940.96738804
2461039.2916666665,4468835755.350333,111783949.01995187,-65495474.34959739
2461039.3333333335,4468835250.340574,111802161.0169048,-65488007.7314833
2461039.375,4468834745.245332,111820373.00951618,-65480541.11304589
2461039.4166666665,4468834240.064606,111838584.9977857,-65473074.49428521
2461039.4583333335,4468833734.798396,111856796.98171313,-65465607.87520132
2461039.5,4468833229.446701,111875008.96129817,-65458141.25579431
2461039.5416666665,4468832724.0095215,111893220.93654056,-65450674.63606423
2461039.5833333335,4468832218.486859,111911432.90744004,-65443208.01601117
2461039.625,4468831712.878712,111929644.87399635,-65435741.395635195
2461039.6666666665,4468831207.185079,111947856.83620916,-65428274.77493637
2461039.7083333335,4468830701.40596,111966068.79407826,-65420808.15391477
2461039.75,4468830195.541357,111984280.74760337,-65413341.53257047
2461039.7916666665,4468829689.591268,112002492.6967842,-65405874.91090355
2461039.8333333335,4468829183.555694,112020704.6416205,-65398408.28891406
2461039.875,4468828677.434633,112038916.58211195,-65390941.66660209
2461039.9166666665,4468828171.228086,112057128.51825833,-65383475.04396772
2461039.9583333335,4468827664.936052,112075340.45005935,-65376008.421010986
2461040.0,4468827158.558533,112093552.37751472,-65368541.797732
2461040.0416666665,4468826652.095525,112111764.30062418,-65361075.174130835
2461040.0833333335,4468826145.547032,112129976.21938744,-65353608.55020753
2461040.125,4468825638.913052,112148188.13380423,-65346141.92596219
2461040.1666666665,4468825132.193583,112166400.0438743,-65338675.30139487
2461040.2083333335,4468824625.388627,112184611.94959733,-65331208.67650568
2461040.25,4468824118.498183,112202823.85097308,-65323742.05129465
2461040.2916666665,4468823611.522252,112221035.74800125,-65316275.42576188
2461040.3333333335,4468823104.460833,112239247.64068156,-65308808.79990743
2461040.375,4468822597.313925,112257459.52901375,-65301342.17373138
2461040.4166666665,4468822090.081528,112275671.41299753,-65293875.54723382
2461040.4583333335,4468821582.763643,112293883.29263261,-65286408.92041481
2461040.5,4468821075.360269,112312095.16791876,-65278942.29327443
2461040.5416666665,4468820567.871405,112330307.03885561,-65271475.66581277
2461040.5833333335,4468820060.297051,112348518.90544298,-65264009.03802988
2461040.625,4468819552.637209,112366730.76768048,-65256542.40992585
2461040.6666666665,4468819044.891876,112384942.62556794,-65249075.781500764
2461040.7083333335,4468818537.061053,112403154.47910498,-65241609.15275467
2461040.75,4468818029.144741,112421366.32829142,-65234142.52368769
2461040.7916666665,4468817521.142938,112439578.17312689,-65226675.894299865
2461040.8333333335,4468817013.055645,112457790.01361114,-65219209.26459131
2461040.875,4468816504.882859,112476001.84974387,-65211742.63456206
2461040.9166666665,4468815996.624585,112494213.68152483,-65204276.0042122
2461040.9583333335,4468815488.280819,112512425.50895369,-65196809.37354185
2461041.0,4468814979.851561,112530637.33203024,-65189342.742551036
2461041.0416666665,4468814471.336811,112548849.1507541,-65181876.111239865
2461041.0833333335,4468813962.73657,112567060.96512504,-65174409.47960842
2461041.125,4468813454.050836,112585272.77514276,-65166942.84765676
2461041.1666666665,4468812945.279611,112603484.58080699,-65159476.215384975
2461041.2083333335,4468812436.422893,112621696.38211742,-65152009.58279315
2461041.25,4468811927.480681,112639908.17907378,-65144542.949881345
2461041.2916666665,4468811418.452978,112658119.97167577,-65137076.316649675
2461041.3333333335,4468810909.339782,112676331.75992312,-65129609.6830982
2461041.375,4468810400.141092,112694543.5438155,-65122143.04922698
2461041.4166666665,4468809890.856909,112712755.32335268,-65114676.41503613
2461041.4583333335,4468809381.487232,112730967.0985343,-65107209.78052571
2461041.5,4468808872.032062,112749178.86936012,-65099743.145695806
2461041.5416666665,4468808362.491398,112767390.63582985,-65092276.510546505
2461041.5833333335,4468807852.865239,112785602.39794318,-65084809.87507788
2461041.625,4468807343.153586,112803814.15569985,-65077343.239290014
2461041.6666666665,4468806833.356439,112822025.9090995,-65069876.603182994
2461041.7083333335,4468806323.473796,112840237.65814188,-65062409.9667569
2461041.75,4468805813.505659,112858449.40282676,-65054943.33001182
2461041.7916666665,4468805303.452026,112876661.14315373,-65047476.69294782
2461041.8333333335,4468804793.312899,112894872.87912257,-65040010.05556501
2461041.875,4468804283.088274,112913084.61073297,-65032543.417863436
2461041.9166666665,4468803772.778155,112931296.33798464,-65025076.779843226
2461041.9583333335,4468803262.38254,112949508.06087728,-65017610.141504414
2461042.0,4468802751.901429,112967719.77941057,-65010143.50284712
2461042.0416666665,4468802241.334821,112985931.49358426,-65002676.86387141
2461042.0833333335,4468801730.682716,113004143.20339803,-64995210.22457738
2461042.125,4468801219.945115,113022354.90885161,-64987743.58496511
2461042.1666666665,4468800709.122016,113040566.60994461,-64980276.945034675
2461042.2083333335,4468800198.213422,113058778.30667685,-64972810.304786175
2461042.25,4468799687.219328,113076989.999048,-64965343.66421969
2461042.2916666665,4468799176.139738,113095201.68705773,-64957877.0233353
2461042.3333333335,4468798664.974651,113113413.37070574,-64950410.38213308
2461042.375,4468798153.724064,113131625.04999177,-64942943.74061315
2461042.4166666665,4468797642.3879795,113149836.7249155,-64935477.09877556
2461042.4583333335,4468797130.966397,113168048.39547664,-64928010.45662041
2461042.5,4468796619.459315,113186260.06167486,-64920543.81414778
2461042.5416666665,4468796107.866735,113204471.72350991,-64913077.17135777
2461042.5833333335,4468795596.188657,113222683.38098143,-64905610.528250456
2461042.625,4468795084.425079,113240895.03408915,-64898143.88482593
2461042.6666666665,4468794572.576002,113259106.68283278,-64890677.24108428
2461042.7083333335,4468794060.641424,113277318.32721199,-64883210.59702557
2461042.75,4468793548.621347,113295529.9672265,-64875743.95264993
2461042.7916666665,4468793036.515772,113313741.602876,-64868277.3079574
2461042.8333333335,4468792524.324695,113331953.23416018,-64860810.66294811
2461042.875,4468792012.048118,113350164.86107875,-64853344.01762213
2461042.9166666665,4468791499.68604,113368376.48363137,-64845877.371979535
2461042.9583333335,4468790987.2384615,113386588.10181779,-64838410.72602043
2461043.0,4468790474.705382,113404799.71563767,-64830944.079744905
2461043.0416666665,4468789962.086802,113423011.3250907,-64823477.433153026
2461043.0833333335,4468789449.38272,113441222.93017663,-64816010.78624492
2461043.125,4468788936.593138,113459434.53089507,-64808544.139020644
2461043.1666666665,4468788423.718051,113477646.12724575,-64801077.491480306
2461043.2083333335,4468787910.757465,113495857.71922839,-64793610.84362398
2461043.25,4468787397.711376,113514069.30684265,-64786144.195451766
2461043.2916666665,4468786884.579784,113532280.89008823,-64778677.546963744
2461043.3333333335,4468786371.36269,113550492.46896483,-64771210.898160025
2461043.375,4468785858.060094,113568704.0434721,-64763744.24904068
2461043.4166666665,4468785344.671994,113586915.61360979,-64756277.59960581
2461043.4583333335,4468784831.198393,113605127.17937759,-64748810.9498555
2461043.5,4468784317.639287,113623338.74077512,-64741344.29978984
2461043.5416666665,4468783803.994678,113641550.29780215,-64733877.64940892
2461043.5833333335,4468783290.264565,113659761.85045834,-64726410.99871283
2461043.625,4468782776.448948,113677973.39874333,-64718944.347701676
2461043.6666666665,4468782262.547827,113696184.9426569,-64711477.69637554
2461043.7083333335,4468781748.561201,113714396.48219867,-64704011.04473451
2461043.75,4468781234.489073,113732608.01736833,-64696544.39277868
2461043.7916666665,4468780720.331438,113750819.54816562,-64689077.74050815
2461043.8333333335,4468780206.088299,113769031.07459018,-64681611.087923
2461043.875,4468779691.759655,113787242.5966417,-64674144.43502332
2461043.9166666665,4468779177.345506,113805454.11431988,-64666677.78180923
2461043.9583333335,4468778662.84585,113823665.62762439,-64659211.1282808
2461044.0,4468778148.26069,113841877.13655497,-64651744.47443813
2461044.0416666665,4468777633.590024,113860088.64111122,-64644277.82028132
2461044.0833333335,4468777118.833853,113878300.14129288,-64636811.165810436
2461044.125,4468776603.992173,113896511.63709964,-64629344.51102559
2461044.1666666665,4468776089.064988,113914723.12853113,-64621877.85592691
2461044.2083333335,4468775574.052298,113932934.61558709,-64614411.20051443
2461044.25,4468775058.954099,113951146.09826715,-64606944.54478828
2461044.2916666665,4468774543.770393,113969357.57657105,-64599477.88874855
2461044.3333333335,4468774028.501182,113987569.05049843,-64592011.23239533
2461044.375,4468773513.1464615,114005780.52004902,-64584544.575728714
2461044.4166666665,4468772997.706234,114023991.98522243,-64577077.918748796
2461044.4583333335,4468772482.180498,114042203.4460184,-64569611.261455685
2461044.5,4468771966.569255,114060414.90243658,-64562144.60384946
2461044.5416666665,4468771450.872504,114078626.35447666,-64554677.94593023
2461044.5833333335,4468770935.090244,114096837.80213831,-64547211.2876981
2461044.625,4468770419.222476,114115049.24542125,-64539744.62915313
2461044.6666666665,4468769903.269199,114133260.68432513,-64532277.970295444
2461044.7083333335,4468769387.230413,114151472.1188496,-64524811.31112513
2461044.75,4468768871.106119,114169683.54899438,-64517344.65164229
2461044.7916666665,4468768354.896315,114187894.97475913,-64509877.99184702
2461044.8333333335,4468767838.601,114206106.39614353,-64502411.33173941
2461044.875,4468767322.220177,114224317.81314725,-64494944.671319574
2461044.9166666665,4468766805.753843,114242529.22577001,-64487478.010587595
2461044.9583333335,4468766289.202,114260740.6340114,-64480011.34954357
2461045.0,4468765772.564646,114278952.03787117,-64472544.6881876
2461045.0416666665,4468765255.841781,114297163.43734898,-64465078.02651978
2461045.0833333335,4468764739.033407,114315374.8324445,-64457611.36454023
2461045.125,4468764222.139522,114333586.22315739,-64450144.70224902
2461045.1666666665,4468763705.160125,114351797.60948735,-64442678.03964627
2461045.2083333335,4468763188.095216,114370008.99143402,-64435211.37673205
2461045.25,4468762670.944797,114388220.36899714,-64427744.7135065
2461045.2916666665,4468762153.708865,114406431.7421763,-64420278.04996968
2461045.3333333335,4468761636.387422,114424643.11097123,-64412811.38612171
2461045.375,4468761118.980467,114442854.47538157,-64405344.72196269
2461045.4166666665,4468760601.487999,114461065.83540699,-64397878.05749272
2461045.4583333335,4468760083.91002,114479277.1910472,-64390411.3927119
2461045.5,4468759566.246528,114497488.54230185,-64382944.72762032
2461045.5416666665,4468759048.497523,114515699.8891706,-64375478.06221808
2461045.5833333335,4468758530.663005,114533911.23165315,-64368011.396505296
2461045.625,4468758012.742973,114552122.56974913,-64360544.73048206
2461045.6666666665,4468757494.737429,114570333.90345822,-64353078.06414847
2461045.7083333335,4468756976.64637,114588545.23278013,-64345611.39750464
2461045.75,4468756458.469798,114606756.55771449,-64338144.73055066
2461045.7916666665,4468755940.207712,114624967.87826096,-64330678.06328663
2461045.8333333335,4468755421.860111,114643179.19441925,-64323211.395712666
2461045.875,4468754903.426998,114661390.50618897,-64315744.72782886
2461045.9166666665,4468754384.908369,114679601.81356984,-64308278.059635304
2461045.9583333335,4468753866.304225,114697813.11656152,-64300811.39113211
2461046.0,4468753347.614567,114716024.41516364,-64293344.72231939
2461046.0416666665,4468752828.839393,114734235.70937592,-64285878.05319723
2461046.0833333335,4468752309.9787035,114752446.99919797,-64278411.38376574
2461046.125,4468751791.032499,114770658.2846295,-64270944.71402503
2461046.1666666665,4468751272.000779,114788869.56567012,-64263478.0439752
2461046.2083333335,4468750752.883544,114807080.84231956,-64256011.37361633
2461046.25,4468750233.680791,114825292.11457747,-64248544.702948555
2461046.2916666665,4468749714.392524,114843503.38244349,-64241078.031971976
2461046.3333333335,4468749195.018739,114861714.6459173,-64233611.36068668
2461046.375,4468748675.559437,114879925.90499853,-64226144.689092785
2461046.4166666665,4468748156.01462,114898137.1596869,-64218678.01719039
2461046.4583333335,4468747636.384284,114916348.40998203,-64211211.3449796
2461046.5,4468747116.668431,114934559.65588361,-64203744.67246052
2461046.5416666665,4468746596.867063,114952770.89739127,-64196277.999633245
2461046.5833333335,4468746076.980174,114970982.1345047,-64188811.32649792
2461046.625,4468745557.007769,114989193.36722355,-64181344.65305459
2461046.6666666665,4468745036.949846,115007404.59554747,-64173877.97930341
2461046.7083333335,4468744516.806405,115025615.81947613,-64166411.30524446
2461046.75,4468743996.577446,115043827.03900921,-64158944.63087785
2461046.7916666665,4468743476.262967,115062038.25414635,-64151477.956203684
2461046.8333333335,4468742955.86297,115080249.46488719,-64144011.281222075
2461046.875,4468742435.377455,115098460.67123142,-64136544.605933145
2461046.9166666665,4468741914.806419,115116671.87317866,-64129077.93033696
2461046.9583333335,4468741394.149866,115134883.07072863,-64121611.25443367
2461047.0,4468740873.407792,115153094.26388091,-64114144.57822335
2461047.0416666665,4468740352.580198,115171305.45263524,-64106677.90170613
2461047.0833333335,4468739831.667086,115189516.63699122,-64099211.224882096
2461047.125,4468739310.668451,115207727.81694852,-64091744.547751375
2461047.1666666665,4468738789.584299,115225938.9925068,-64084277.870314054
2461047.2083333335,4468738268.414625,115244150.16366571,-64076811.19257026
2461047.25,4468737747.1594305,115262361.33042493,-64069344.514520094
2461047.2916666665,4468737225.818715,115280572.49278408,-64061877.83616366
2461047.3333333335,4468736704.392479,115298783.65074281,-64054411.15750108
2461047.375,4468736182.880722,115316994.80430083,-64046944.478532456
2461047.4166666665,4468735661.2834425,115335205.95345774,-64039477.79925788
2461047.4583333335,4468735139.600641,115353417.09821323,-64032011.119677484
2461047.5,4468734617.832319,115371628.2385669,-64024544.439791374
2461047.5416666665,4468734095.978476,115389839.37451847,-64017077.75959965
2461047.5833333335,4468733574.039109,115408050.50606753,-64009611.07910242
2461047.625,4468733052.01422,115426261.63321377,-64002144.398299806
2461047.6666666665,4468732529.903809,115444472.75595684,-63994677.717191905
2461047.7083333335,4468732007.707875,115462683.87429638,-63987211.03577884
2461047.75,4468731485.426419,115480894.98823205,-63979744.35406071
2461047.7916666665,4468730963.059439,115499106.09776348,-63972277.67203764
2461047.8333333335,4468730440.606935,115517317.20289037,-63964810.98970973
2461047.875,4468729918.068909,115535528.3036123,-63957344.30707708
2461047.9166666665,4468729395.445358,115553739.39992897,-63949877.62413984
2461047.9583333335,4468728872.736283,115571950.49184002,-63942410.94089807
2461048.0,4468728349.941686,115590161.57934509,-63934944.25735191
2461048.0416666665,4468727827.0615635,115608372.66244382,-63927477.573501475
2461048.0833333335,4468727304.095917,115626583.74113585,-63920010.88934686
2461048.125,4468726781.044745,115644794.81542091,-63912544.2048882
2461048.1666666665,4468726257.90805,115663005.88529852,-63905077.520125575
2461048.2083333335,4468725734.685828,115681216.95076843,-63897610.835059136
2461048.25,4468725211.378082,115699428.01183024,-63890144.149688974
2461048.2916666665,4468724687.984811,115717639.06848358,-63882677.464015186
2461048.3333333335,4468724164.506013,115735850.12072814,-63875210.77803791
2461048.375,4468723640.94169,115754061.16856354,-63867744.09175726
2461048.4166666665,4468723117.291842,115772272.21198943,-63860277.40517333
2461048.4583333335,4468722593.556467,115790483.25100544,-63852810.71828626
2461048.5,4468722069.735566,115808694.28561124,-63845344.03109613
2461048.5416666665,4468721545.829139,115826905.31580646,-63837877.343603075
2461048.5833333335,4468721021.837184,115845116.34159075,-63830410.65580721
2461048.625,4468720497.759703,115863327.36296375,-63822943.96770865
2461048.6666666665,4468719973.596694,115881538.37992509,-63815477.2793075
2461048.7083333335,4468719449.348159,115899749.39247443,-63808010.590603866
2461048.75,4468718925.014096,115917960.4006114,-63800543.90159789
2461048.7916666665,4468718400.594507,115936171.40433563,-63793077.21228967
2461048.8333333335,4468717876.089388,115954382.40364683,-63785610.52267932
2461048.875,4468717351.498742,115972593.39854456,-63778143.832766965
2461048.9166666665,4468716826.822567,115990804.3890285,-63770677.1425527
2461048.9583333335,4468716302.060864,116009015.37509824,-63763210.45203667
2461049.0,4468715777.213634,116027226.3567535,-63755743.76121897
2461049.0416666665,4468715252.280873,116045437.33399385,-63748277.07009971
2461049.0833333335,4468714727.262585,116063648.30681899,-63740810.37867904
2461049.125,4468714202.158767,116081859.27522852,-63733343.68695704
2461049.1666666665,4468713676.9694195,116100070.23922205,-63725876.99493385
2461049.2083333335,4468713151.694543,116118281.1987993,-63718410.30260956
2461049.25,4468712626.334137,116136492.15395983,-63710943.609984316
2461049.2916666665,4468712100.888201,116154703.10470332,-63703476.91705822
2461049.3333333335,4468711575.356734,116172914.05102938,-63696010.22383139
2461049.375,4468711049.739738,116191124.99293767,-63688543.530303955
2461049.4166666665,4468710524.037211,116209335.93042783,-63681076.83647603
2461049.4583333335,4468709998.249155,116227546.86349946,-63673610.14234771
2461049.5,4468709472.3755665,116245757.79215224,-63666143.44791913
2461049.5416666665,4468708946.416448,116263968.71638577,-63658676.75319041
2461049.5833333335,4468708420.371798,116282179.63619971,-63651210.058161676
2461049.625,4468707894.241615,116300390.55159366,-63643743.36283302
2461049.6666666665,4468707368.025902,116318601.46256728,-63636276.66720459
2461049.7083333335,4468706841.724658,116336812.36912023,-63628809.971276484
2461049.75,4468706315.337881,116355023.2712521,-63621343.27504884
2461049.7916666665,4468705788.865573,116373234.16896252,-63613876.57852174
2461049.8333333335,4468705262.307732,116391445.06225114,-63606409.88169536
2461049.875,4468704735.664358,116409655.95111758,-63598943.18456977
2461049.9166666665,4468704208.9354515,116427866.83556151,-63591476.487145126
2461049.9583333335,4468703682.121014,116446077.71558252,-63584009.78942151
2461050.0,4468703155.221042,116464288.59118025,-63576543.09139909
2461050.0416666665,4468702628.235536,116482499.46235435,-63569076.39307794
2461050.0833333335,4468702101.164498,116500710.32910442,-63561609.694458194
2461050.125,4468701574.007926,116518921.19143009,-63554142.99553999
2461050.1666666665,4468701046.7658205,116537132.04933102,-63546676.29632344
2461050.2083333335,4468700519.438181,116555342.90280685,-63539209.596808665
2461050.25,4468699992.025006,116573553.75185713,-63531742.89699576
2461050.2916666665,4468699464.526299,116591764.59648159,-63524276.19688489
2461050.3333333335,4468698936.942057,116609975.43667978,-63516809.496476166
2461050.375,4468698409.272279,116628186.27245137,-63509342.79576968
2461050.4166666665,4468697881.516967,116646397.10379596,-63501876.09476558
2461050.4583333335,4468697353.67612,116664607.9307132,-63494409.39346398
2461050.5,4468696825.749737,116682818.7532027,-63486942.69186501
2461050.5416666665,4468696297.73782,116701029.5712641,-63479475.989968784
2461050.5833333335,4468695769.640367,116719240.38489701,-63472009.28777544
2461050.625,4468695241.457377,116737451.19410107,-63464542.58528508
2461050.6666666665,4468694713.188852,116755661.9988759,-63457075.88249784
2461050.7083333335,4468694184.834791,116773872.79922113,-63449609.17941383
2461050.75,4468693656.395194,116792083.59513636,-63442142.47603319
2461050.7916666665,4468693127.87006,116810294.38662127,-63434675.772356026
2461050.8333333335,4468692599.259389,116828505.17367539,-63427209.06838247
2461050.875,4468692070.563182,116846715.95629844,-63419742.36411267
2461050.9166666665,4468691541.781437,116864926.73448999,-63412275.65954671
2461050.9583333335,4468691012.914154,116883137.50824967,-63404808.95468474
2461051.0,4468690483.961335,116901348.27757712,-63397342.24952687
2461051.0416666665,4468689954.922978,116919559.04247196,-63389875.54407323
2461051.0833333335,4468689425.799084,116937769.80293377,-63382408.83832394
2461051.125,4468688896.589651,116955980.55896221,-63374942.13227914
2461051.1666666665,4468688367.294681,116974191.31055692,-63367475.42593896
2461051.2083333335,4468687837.91417,116992402.05771746,-63360008.71930349
2461051.25,4468687308.448123,117010612.80044349,-63352542.01237287
2461051.2916666665,4468686778.896537,117028823.53873461,-63345075.30514725
2461051.3333333335,4468686249.259411,117047034.27259049,-63337608.59762673
2461051.375,4468685719.536746,117065245.00201066,-63330141.889811456
2461051.4166666665,4468685189.728542,117083455.72699483,-63322675.18170153
2461051.4583333335,4468684659.834799,117101666.44754258,-63315208.473297104
2461051.5,4468684129.855516,117119877.16365348,-63307741.76459828
2461051.5416666665,4468683599.790693,117138087.87532723,-63300275.055605195
2461051.5833333335,4468683069.64033,117156298.58256337,-63292808.346317984
2461051.625,4468682539.404428,117174509.2853616,-63285341.636736766
2461051.6666666665,4468682009.082984,117192719.98372145,-63277874.92686167
2461051.7083333335,4468681478.676001,117210930.67764263,-63270408.21669282
2461051.75,4468680948.1834755,117229141.36712466,-63262941.506230354
2461051.7916666665,4468680417.605411,117247352.0521672,-63255474.79547439
2461051.8333333335,4468679886.941803,117265562.73276986,-63248008.08442506
2461051.875,4468679356.192656,117283773.4089323,-63240541.37308249
2461051.9166666665,4468678825.357965,117301984.08065407,-63233074.6614468
2461051.9583333335,4468678294.437734,117320194.7479348,-63225607.94951814
2461052.0,4468677763.431961,117338405.4107741,-63218141.237296626
2461052.0416666665,4468677232.340647,117356616.0691716,-63210674.52478238
2461052.0833333335,4468676701.163789,117374826.7231269,-63203207.811975546
2461052.125,4468676169.90139,117393037.37263963,-63195741.09887625
2461052.1666666665,4468675638.553447,117411248.01770937,-63188274.38548461
2461052.2083333335,4468675107.119962,117429458.65833575,-63180807.67180077
2461052.25,4468674575.600934,117447669.29451841,-63173340.95782484
2461052.2916666665,4468674043.996364,117465879.92625691,-63165874.24355697
2461052.3333333335,4468673512.30625,117484090.55355087,-63158407.528997295
2461052.375,4468672980.530591,117502301.17639993,-63150940.81414592
2461052.4166666665,4468672448.66939,117520511.7948037,-63143474.09900299
2461052.4583333335,4468671916.722644,117538722.40876174,-63136007.38356864
