ID,frequency,source,destination,start,stop,duration,days,timeSpentInDay
1063,Ka Band,HLS-Descent,LCN-12hourfrozen-2-LowPower,15.966469907407408,16.123559699074075,0.15708979166666737,"[15, 16]","[0.0335300925925921, 0.12355969907407527]"
1064,Ka Band,HLS-Descent,LCN-12hourfrozen-2-LowPower,16.156543819444444,16.207373541666666,0.05082972222222182,[16],[0.05082972222222182]
1056,Ka Band,HLS-Descent,LCN-12hourfrozen-1-LowPower,16.401359375000002,16.4511309375,0.04977156249999837,[16],[0.04977156249999837]
1065,Ka Band,HLS-Descent,LCN-12hourfrozen-2-LowPower,16.301062337962964,16.34981712962963,0.048754791666667074,[16],[0.048754791666667074]
1054,Ka Band,HLS-Descent,LCN-12hourfrozen-1-LowPower,16.22964400462963,16.275989930555557,0.04634592592592668,[16],[0.04634592592592668]
1067,Ka Band,HLS-Descent,LCN-12hourfrozen-2-LowPower,16.47565627314815,16.503859074074075,0.028202800925924976,[16],[0.028202800925924976]
1068,S Band,HLS-Descent,LCN-12hourfrozen-2-LowPower,15.633832303240743,15.749792696759258,0.11596039351851495,[15],[0.11596039351851495]
965,Ka Band,HLS-Ascent,LCN-12hourfrozen-1-LowPower,22.623505636574077,22.89224537037037,0.2687397337962949,[22],[0.2687397337962949]
959,Ka Band,HLS-Ascent,LCN-12hourfrozen-1-LowPower,22.099999999999998,22.26353920138889,0.16353920138889322,[22],[0.16353920138889322]
978,Ka Band,HLS-Ascent,LCN-12hourfrozen-2-LowPower,22.46647625,22.510275069444443,0.04379881944444364,[22],[0.04379881944444364]
979,Ka Band,HLS-Ascent,LCN-12hourfrozen-2-LowPower,22.54608693287037,22.589394166666665,0.04330723379629475,[22],[0.04330723379629475]
960,Ka Band,HLS-Ascent,LCN-12hourfrozen-1-LowPower,22.300581400462963,22.34382666666667,0.04324526620370506,[22],[0.04324526620370506]
977,Ka Band,HLS-Ascent,LCN-12hourfrozen-2-LowPower,22.388241041666664,22.431233078703702,0.042992037037038244,[22],[0.042992037037038244]
975,Ka Band,HLS-Ascent,LCN-12hourfrozen-2-LowPower,22.264014155092596,22.28634074074074,0.022326585648144714,[22],[0.022326585648144714]
973,S Band,HLS-Ascent,LCN-12hourfrozen-1-LowPower,23.021896446759257,23.109677557870373,0.08778111111111642,[23],[0.08778111111111642]
1422,Ka Band,HLS-NRHO,LCN-12hourfrozen-1-LowPower,9.238530092592592,9.73505787037037,0.49652777777777857,[9],[0.49652777777777857]
1433,Ka Band,HLS-NRHO,LCN-12hourfrozen-2-LowPower,2.4377430555555555,2.877326388888889,0.43958333333333366,[2],[0.43958333333333366]
1444,S Band,HLS-NRHO,LCN-12hourfrozen-2-LowPower,9.750353148148148,10.2367159375,0.4863627893518512,"[9, 10]","[0.24964685185185154, 0.23671593749999964]"
1439,S Band,HLS-NRHO,LCN-12hourfrozen-2-LowPower,3.264140659722223,3.7134375,0.44929684027777705,[3],[0.44929684027777705]
1437,S Band,HLS-NRHO,LCN-12hourfrozen-2-LowPower,1.8021412037037037,2.2374708217592594,0.4353296180555557,"[1, 2]","[0.19785879629629632, 0.23747082175925938]"
1429,S Band,HLS-NRHO,LCN-12hourfrozen-1-LowPower,8.568460648148148,8.996936226851853,0.42847557870370423,[8],[0.42847557870370423]
1445,S Band,HLS-NRHO,LCN-12hourfrozen-2-LowPower,10.256529178240742,10.613472222222223,0.3569430439814809,[10],[0.3569430439814809]
1436,S Band,HLS-NRHO,LCN-12hourfrozen-2-LowPower,1.462777777777778,1.6523611111111112,0.18958333333333321,[1],[0.18958333333333321]
1285,Ka Band,HLS-NRHO,DSS-24,0.8204334027777778,1.4044500115740741,0.5840166087962964,"[0, 1]","[0.17956659722222224, 0.4044500115740741]"
1288,Ka Band,HLS-NRHO,DSS-24,3.954684490740741,4.471483564814815,0.5167990740740738,"[3, 4]","[0.0453155092592592, 0.47148356481481457]"
1289,Ka Band,HLS-NRHO,DSS-24,4.992243252314815,5.480989166666666,0.4887459143518518,"[4, 5]","[0.007756747685185417, 0.48098916666666636]"
1290,Ka Band,HLS-NRHO,DSS-24,6.027398692129629,6.493603055555556,0.46620436342592697,[6],[0.46620436342592697]
1291,Ka Band,HLS-NRHO,DSS-24,7.062321782407406,7.510512638888888,0.4481908564814816,[7],[0.4481908564814816]
1284,Ka Band,HLS-NRHO,DSS-24,0.0,0.3718070138888889,0.3718070138888889,[0],[0.3718070138888889]
1506,Ka Band,HLS-Surface,LCN-12hourfrozen-1-LowPower,16.564103761574074,16.953316875000002,0.389213113425928,[16],[0.389213113425928]
1507,Ka Band,HLS-Surface,LCN-12hourfrozen-1-LowPower,17.064397256944442,17.453419803240738,0.38902254629629596,[17],[0.38902254629629596]
1508,Ka Band,HLS-Surface,LCN-12hourfrozen-1-LowPower,17.564641527777777,17.953482106481484,0.38884057870370725,[17],[0.38884057870370725]
1509,Ka Band,HLS-Surface,LCN-12hourfrozen-1-LowPower,18.064832384259258,18.45350283564815,0.3886704513888901,[18],[0.3886704513888901]
1510,Ka Band,HLS-Surface,LCN-12hourfrozen-1-LowPower,18.564966608796297,18.953481516203706,0.38851490740740857,[18],[0.38851490740740857]
1511,Ka Band,HLS-Surface,LCN-12hourfrozen-1-LowPower,19.06504178240741,19.45341809027778,0.38837630787037014,[19],[0.38837630787037014]
1512,Ka Band,HLS-Surface,LCN-12hourfrozen-1-LowPower,19.565056342592595,19.953313009259258,0.38825666666666336,[19],[0.38825666666666336]
1513,Ka Band,HLS-Surface,LCN-12hourfrozen-1-LowPower,20.06500966435185,20.453167141203703,0.38815747685185187,[20],[0.38815747685185187]
1514,Ka Band,HLS-Surface,LCN-12hourfrozen-1-LowPower,20.564902060185183,20.95298181712963,0.3880797569444461,[20],[0.3880797569444461]
1515,Ka Band,HLS-Surface,LCN-12hourfrozen-1-LowPower,21.064734849537036,21.452758958333334,0.3880241087962979,[21],[0.3880241087962979]
1516,Ka Band,HLS-Surface,LCN-12hourfrozen-1-LowPower,21.564510300925928,21.95250096064815,0.38799065972222024,[21],[0.38799065972222024]
1870,S Band,Orion-Transit-O,DSS-24,9.161727789351852,9.574231874999999,0.41250408564814656,[9],[0.41250408564814656]
1869,S Band,Orion-Transit-O,DSS-24,8.162731203703704,8.574429525462962,0.4116983217592587,[8],[0.4116983217592587]
1864,S Band,Orion-Transit-O,DSS-24,3.1573992013888894,3.5514425347222223,0.39404333333333286,[3],[0.39404333333333286]
1863,S Band,Orion-Transit-O,DSS-24,2.1517895949074077,2.5399706944444445,0.3881810995370367,[2],[0.3881810995370367]
1871,S Band,Orion-Transit-O,DSS-24,10.193600972222221,10.577303425925924,0.3837024537037035,[10],[0.3837024537037035]
1878,S Band,Orion-Transit-O,DSS-25,7.162669594907409,7.571039085648148,0.40836949074073914,[7],[0.40836949074073914]
1877,S Band,Orion-Transit-O,DSS-25,6.162254305555556,6.567456759259259,0.4052024537037031,[6],[0.4052024537037031]
1876,S Band,Orion-Transit-O,DSS-25,5.161454756944445,5.563414837962963,0.401960081018518,[5],[0.401960081018518]
1875,S Band,Orion-Transit-O,DSS-25,4.16002943287037,4.558407002314815,0.39837756944444447,[4],[0.39837756944444447]
1872,S Band,Orion-Transit-O,DSS-25,1.1302383796296296,1.5118582407407406,0.381619861111111,[1],[0.381619861111111]
1922,S Band,Orion-Transit-O,DSS-53,10.937329097222223,10.999983877314817,0.0626547800925934,[10],[0.0626547800925934]
1689,S Band,Orion-NRHO,DSS-24,22.52928380787037,23.122337326388887,0.5930535185185164,"[22, 23]","[0.470716192129629, 0.12233732638888739]"
1693,S Band,Orion-NRHO,DSS-24,26.691362685185187,27.284294756944444,0.5929320717592574,"[26, 27]","[0.3086373148148134, 0.28429475694444406]"
1692,S Band,Orion-NRHO,DSS-24,25.657768460648143,26.245940659722223,0.58817219907408,"[25, 26]","[0.34223153935185735, 0.24594065972222268]"
1691,S Band,Orion-NRHO,DSS-24,24.622675891203702,25.20754319444444,0.5848673032407383,"[24, 25]","[0.37732410879629796, 0.20754319444444036]"
1690,S Band,Orion-NRHO,DSS-24,23.583552060185184,24.167144641203706,0.5835925810185216,"[23, 24]","[0.416447939814816, 0.16714464120370565]"
1688,S Band,Orion-NRHO,DSS-24,21.524761354166667,22.051730011574076,0.5269686574074086,"[21, 22]","[0.47523864583333264, 0.051730011574075974]"
1687,S Band,Orion-NRHO,DSS-24,20.51457074074074,20.99998945601852,0.4854187152777776,[20],[0.4854187152777776]
1686,S Band,Orion-NRHO,DSS-24,19.5004584375,19.953625833333337,0.45316739583333643,[19],[0.45316739583333643]
1685,S Band,Orion-NRHO,DSS-24,18.481303657407405,18.908626215277774,0.42732255787036877,[18],[0.42732255787036877]
1684,S Band,Orion-NRHO,DSS-24,17.45433396990741,17.86397508101852,0.40964111111111023,[17],[0.40964111111111023]
1683,S Band,Orion-NRHO,DSS-24,16.411437199074076,16.820269282407406,0.4088320833333299,[16],[0.4088320833333299]
1682,S Band,Orion-NRHO,DSS-24,15.386045092592594,15.755573958333335,0.3695288657407403,[15],[0.3695288657407403]
1681,S Band,Orion-NRHO,DSS-24,14.365975381944445,14.69722303240741,0.33124765046296467,[14],[0.33124765046296467]
1680,S Band,Orion-NRHO,DSS-24,13.335011400462962,13.650361805555555,0.3153504050925928,[13],[0.3153504050925928]
1722,S Band,Orion-NRHO,DSS-34,13.0,13.078482754629627,0.0784827546296274,[13],[0.0784827546296274]
1753,S Band,Orion-NRHO,DSS-53,14.067623854166667,14.345936273148148,0.2783124189814803,[14],[0.2783124189814803]
1766,S Band,Orion-NRHO,DSS-53,27.393156180555554,27.49998510416667,0.10682892361111485,[27],[0.10682892361111485]
1662,S Band,Orion-Docked,DSS-24,11.248225347222224,11.592631215277779,0.3444058680555546,[11],[0.3444058680555546]
1663,S Band,Orion-Docked,DSS-24,12.294625081018518,12.6156278125,0.3210027314814816,[12],[0.3210027314814816]
1673,S Band,Orion-Docked,DSS-53,11.989577453703705,12.272052604166667,0.2824751504629628,"[11, 12]","[0.010422546296295465, 0.2720526041666673]"
1812,S Band,Orion-Tranit-R,DSS-24,27.726423310185186,28.33168947916667,0.6052661689814833,"[27, 28]","[0.27357668981481353, 0.3316894791666698]"
1813,S Band,Orion-Tranit-R,DSS-24,28.76663318287037,29.350677407407403,0.5840442245370348,"[28, 29]","[0.2333668171296317, 0.35067740740740305]"
1814,S Band,Orion-Tranit-R,DSS-24,29.76480872685185,29.999987534722223,0.2351788078703727,[29],[0.2351788078703727]
1201,Ka Band,HLS-Disposal,LCN-12hourfrozen-1-LowPower,28.652071759259258,28.948524988425927,0.2964532291666693,[28],[0.2964532291666693]
1211,Ka Band,HLS-Disposal,LCN-12hourfrozen-2-LowPower,28.9956427662037,29.198414351851852,0.20277158564815068,"[28, 29]","[0.0043572337962984875, 0.1984143518518522]"
1218,S Band,HLS-Disposal,LCN-12hourfrozen-2-LowPower,29.268288715277777,29.74742759259259,0.4791388773148135,[29],[0.4791388773148135]
1213,S Band,HLS-Disposal,LCN-12hourfrozen-2-LowPower,23.270512662037035,23.67537037037037,0.4048577083333349,[23],[0.4048577083333349]
1205,S Band,HLS-Disposal,LCN-12hourfrozen-1-LowPower,27.692175925925923,27.908148148148147,0.21597222222222356,[27],[0.21597222222222356]
1133,Ka Band,HLS-Disposal,DSS-26,26.691363113425925,27.28428259259259,0.5929194791666639,"[26, 27]","[0.3086368865740745, 0.28428259259258937]"
1132,Ka Band,HLS-Disposal,DSS-26,25.657768530092593,26.245928912037034,0.5881603819444408,"[25, 26]","[0.34223146990740716, 0.2459289120370336]"
1131,Ka Band,HLS-Disposal,DSS-26,24.622675613425926,25.207531689814815,0.5848560763888884,"[24, 25]","[0.37732438657407386, 0.2075316898148145]"
1280,S Band,HLS-Docked,LCN-12hourfrozen-1-LowPower,15.140277777777778,15.497728344907408,0.3574505671296304,[15],[0.3574505671296304]
1281,S Band,HLS-Docked,LCN-12hourfrozen-1-LowPower,15.517098530092591,15.633831180555555,0.11673265046296422,[15],[0.11673265046296422]
1230,Ka Band,HLS-Docked,DSS-26,11.248205613425926,11.592640127314814,0.34443451388888846,[11],[0.34443451388888846]
1233,Ka Band,HLS-Docked,DSS-26,14.365953553240741,14.697232800925926,0.3312792476851847,[14],[0.3312792476851847]
1231,Ka Band,HLS-Docked,DSS-26,12.294602546296296,12.615639155092593,0.32103660879629636,[12],[0.32103660879629636]
1232,Ka Band,HLS-Docked,DSS-26,13.334987974537036,13.65037366898148,0.3153856944444442,[13],[0.3153856944444442]
1261,Ka Band,HLS-Docked,DSS-54,11.989572673611113,12.272061550925926,0.28248887731481354,"[11, 12]","[0.010427326388887437, 0.2720615509259261]"
1263,Ka Band,HLS-Docked,DSS-54,14.067618645833333,14.34594539351852,0.2783267476851865,[14],[0.2783267476851865]
1262,Ka Band,HLS-Docked,DSS-54,13.034677523148149,13.300998969907406,0.26632144675925673,[13],[0.26632144675925673]
911,Ka Band,Gateway-EOR,LEGS1-WS,28.73677037037037,29.335354062500002,0.5985836921296332,"[28, 29]","[0.26322962962963103, 0.3353540625000022]"
910,Ka Band,Gateway-EOR,LEGS1-WS,27.699850787037036,28.291840231481483,0.5919894444444473,"[27, 28]","[0.30014921296296393, 0.2918402314814834]"
905,Ka Band,Gateway-EOR,LEGS1-WS,22.503582962962966,23.08897326388889,0.5853903009259227,"[22, 23]","[0.496417037037034, 0.08897326388888871]"
909,Ka Band,Gateway-EOR,LEGS1-WS,26.665907546296296,27.250472349537038,0.5845648032407418,"[26, 27]","[0.334092453703704, 0.2504723495370378]"
885,Ka Band,Gateway-EOR,LEGS1-WS,1.8293735185185185,2.4099829050925923,0.5806093865740738,"[1, 2]","[0.17062648148148152, 0.4099829050925923]"
908,Ka Band,Gateway-EOR,LEGS1-WS,25.632060405092588,26.212415983796294,0.5803555787037062,"[25, 26]","[0.367939594907412, 0.21241598379629423]"
907,Ka Band,Gateway-EOR,LEGS1-WS,24.59668940972222,25.174210891203703,0.5775214814814831,"[24, 25]","[0.4033105902777798, 0.17421089120370326]"
906,Ka Band,Gateway-EOR,LEGS1-WS,23.557240011574077,24.133921759259255,0.5766817476851784,"[23, 24]","[0.442759988425923, 0.13392175925925542]"
884,Ka Band,Gateway-EOR,LEGS1-WS,0.794647986111111,1.3712900925925926,0.5766421064814816,"[0, 1]","[0.20535201388888902, 0.3712900925925926]"
886,Ka Band,Gateway-EOR,LEGS1-WS,2.8798373842592593,3.4346872222222227,0.5548498379629634,"[2, 3]","[0.12016261574074072, 0.43468722222222267]"
904,Ka Band,Gateway-EOR,LEGS1-WS,21.496183275462965,22.020126006944448,0.5239427314814833,"[21, 22]","[0.5038167245370353, 0.020126006944447994]"
887,Ka Band,Gateway-EOR,LEGS1-WS,3.925981631944445,4.442609247685185,0.5166276157407403,"[3, 4]","[0.07401836805555506, 0.4426092476851853]"
888,Ka Band,Gateway-EOR,LEGS1-WS,4.962103564814815,5.453359236111111,0.49125567129629566,"[4, 5]","[0.03789643518518471, 0.45335923611111095]"
903,Ka Band,Gateway-EOR,LEGS1-WS,20.484013414351853,20.970983599537036,0.4869701851851822,[20],[0.4869701851851822]
889,Ka Band,Gateway-EOR,LEGS1-WS,5.996026180555556,6.467001712962962,0.4709755324074063,"[5, 6]","[0.003973819444444082, 0.4670017129629622]"
902,Ka Band,Gateway-EOR,LEGS1-WS,19.468196828703704,19.92648678240741,0.45828995370370507,[19],[0.45828995370370507]
890,Ka Band,Gateway-EOR,LEGS1-WS,7.029869074074075,7.484715914351852,0.454846840277777,[7],[0.454846840277777]
892,Ka Band,Gateway-EOR,LEGS1-WS,9.102605902777778,9.551394444444444,0.4487885416666657,[9],[0.4487885416666657]
891,Ka Band,Gateway-EOR,LEGS1-WS,8.064887430555554,8.509182858796295,0.444295428240741,[8],[0.444295428240741]
901,Ka Band,Gateway-EOR,LEGS1-WS,18.44751800925926,18.883017662037037,0.4354996527777786,[18],[0.4354996527777786]
899,Ka Band,Gateway-EOR,LEGS1-WS,16.37532706018518,16.79635709490741,0.42103003472222866,[16],[0.42103003472222866]
900,Ka Band,Gateway-EOR,LEGS1-WS,17.41928763888889,17.839543159722222,0.42025552083333295,[17],[0.42025552083333295]
893,Ka Band,Gateway-EOR,LEGS1-WS,10.161936562500001,10.557792685185184,0.3958561226851831,[10],[0.3958561226851831]
898,Ka Band,Gateway-EOR,LEGS1-WS,15.348902719907409,15.73265513888889,0.38375241898148005,[15],[0.38375241898148005]
894,Ka Band,Gateway-EOR,LEGS1-WS,11.209446921296296,11.572939675925925,0.36349275462962893,[11],[0.36349275462962893]
897,Ka Band,Gateway-EOR,LEGS1-WS,14.326321076388888,14.677280613425927,0.3509595370370384,[14],[0.3509595370370384]
895,Ka Band,Gateway-EOR,LEGS1-WS,12.25418064814815,12.597186030092592,0.3430053819444421,[12],[0.3430053819444421]
883,Ka Band,Gateway-EOR,LEGS1-WS,0.0,0.33863643518518516,0.33863643518518516,[0],[0.33863643518518516]
896,Ka Band,Gateway-EOR,LEGS1-WS,13.294166342592591,13.631934699074074,0.33776835648148307,[13],[0.33776835648148307]
912,Ka Band,Gateway-EOR,LEGS1-WS,29.798411805555556,29.999984791666666,0.20157298611110974,[29],[0.20157298611110974]
231,S Band,CubeSat-1,LCN-12hourfrozen-1,19.034386574074073,19.067719907407408,0.03333333333333499,[19],[0.03333333333333499]
262,S Band,CubeSat-1,LCN-12hourfrozen-2,0.2963310185185185,0.32966435185185183,0.033333333333333326,[0],[0.033333333333333326]
202,S Band,CubeSat-1,LCN-12hourfrozen-1,1.0381250000000002,1.0714583333333334,0.033333333333333215,[1],[0.033333333333333215]
211,S Band,CubeSat-1,LCN-12hourfrozen-1,6.542581018518519,6.575914351851853,0.033333333333333215,[6],[0.033333333333333215]
281,S Band,CubeSat-1,LCN-12hourfrozen-2,12.788136574074075,12.821469907407407,0.03333333333333144,[12],[0.03333333333333144]
290,S Band,CubeSat-1,LCN-12hourfrozen-2,18.292604166666667,18.3259375,0.03333333333333144,[18],[0.03333333333333144]
220,S Band,CubeSat-1,LCN-12hourfrozen-1,12.047037037037036,12.079675925925926,0.032638888888889994,[12],[0.032638888888889994]
273,S Band,CubeSat-1,LCN-12hourfrozen-2,7.284363425925926,7.317002314814815,0.032638888888889106,[7],[0.032638888888889106]
239,S Band,CubeSat-1,LCN-12hourfrozen-1,24.538854166666667,24.571493055555553,0.03263888888888644,[24],[0.03263888888888644]
299,S Band,CubeSat-1,LCN-12hourfrozen-2,23.797060185185188,23.829699074074075,0.03263888888888644,[23],[0.03263888888888644]
271,S Band,CubeSat-1,LCN-12hourfrozen-2,5.801481481481481,5.833425925925926,0.031944444444445,[5],[0.031944444444445]
301,S Band,CubeSat-1,LCN-12hourfrozen-2,25.281307870370373,25.313252314814818,0.031944444444445,[25],[0.031944444444445]
308,S Band,CubeSat-1,LCN-12hourfrozen-2,29.301516203703702,29.333460648148147,0.031944444444445,[29],[0.031944444444445]
229,S Band,CubeSat-1,LCN-12hourfrozen-1,17.551493055555557,17.5834375,0.031944444444441444,[17],[0.031944444444441444]
222,S Band,CubeSat-1,LCN-12hourfrozen-1,13.531284722222223,13.562534722222223,0.03125,[13],[0.03125]
264,S Band,CubeSat-1,LCN-12hourfrozen-2,1.7812731481481483,1.8125231481481483,0.03125,[1],[0.03125]
213,S Band,CubeSat-1,LCN-12hourfrozen-1,8.027476851851853,8.058032407407408,0.030555555555555003,[8],[0.030555555555555003]
237,S Band,CubeSat-1,LCN-12hourfrozen-1,23.056655092592592,23.086516203703706,0.02986111111111356,[23],[0.02986111111111356]
279,S Band,CubeSat-1,LCN-12hourfrozen-2,11.306631944444446,11.336493055555556,0.029861111111110006,[11],[0.029861111111110006]
292,S Band,CubeSat-1,LCN-12hourfrozen-2,19.77818287037037,19.80804398148148,0.029861111111110006,[19],[0.029861111111110006]
216,S Band,CubeSat-1,LCN-12hourfrozen-1,9.947476851851851,9.975949074074075,0.028472222222223564,[9],[0.028472222222223564]
241,S Band,CubeSat-1,LCN-12hourfrozen-1,26.02505787037037,26.053530092592595,0.028472222222223564,[26],[0.028472222222223564]
204,S Band,CubeSat-1,LCN-12hourfrozen-1,2.5243287037037034,2.552800925925926,0.028472222222222676,[2],[0.028472222222222676]
283,S Band,CubeSat-1,LCN-12hourfrozen-2,14.275046296296296,14.303518518518517,0.028472222222221788,[14],[0.028472222222221788]
304,S Band,CubeSat-1,LCN-12hourfrozen-2,27.20127314814815,27.22974537037037,0.02847222222222001,[27],[0.02847222222222001]
225,S Band,CubeSat-1,LCN-12hourfrozen-1,15.45167824074074,15.479456018518519,0.027777777777778567,[15],[0.027777777777778567]
244,S Band,CubeSat-1,LCN-12hourfrozen-1,27.94383101851852,27.971608796296298,0.027777777777778567,[27],[0.027777777777778567]
267,S Band,CubeSat-1,LCN-12hourfrozen-2,3.701388888888889,3.7291666666666665,0.02777777777777768,[3],[0.02777777777777768]
276,S Band,CubeSat-1,LCN-12hourfrozen-2,9.20556712962963,9.233344907407407,0.02777777777777679,[9],[0.02777777777777679]
295,S Band,CubeSat-1,LCN-12hourfrozen-2,21.697766203703704,21.72554398148148,0.027777777777775015,[21],[0.027777777777775015]
207,S Band,CubeSat-1,LCN-12hourfrozen-1,4.443935185185185,4.471018518518519,0.02708333333333357,[4],[0.02708333333333357]
234,S Band,CubeSat-1,LCN-12hourfrozen-1,20.955856481481483,20.982939814814817,0.02708333333333357,[20],[0.02708333333333357]
286,S Band,CubeSat-1,LCN-12hourfrozen-2,16.194224537037037,16.22130787037037,0.02708333333333357,[16],[0.02708333333333357]
233,S Band,CubeSat-1,LCN-12hourfrozen-1,20.521874999999998,20.54826388888889,0.026388888888892126,[20],[0.026388888888892126]
205,S Band,CubeSat-1,LCN-12hourfrozen-1,2.960104166666667,2.9864930555555556,0.026388888888888573,[2],[0.026388888888888573]
208,S Band,CubeSat-1,LCN-12hourfrozen-1,5.062465277777778,5.088854166666667,0.026388888888888573,[5],[0.026388888888888573]
242,S Band,CubeSat-1,LCN-12hourfrozen-1,26.459976851851852,26.48636574074074,0.026388888888888573,[26],[0.026388888888888573]
275,S Band,CubeSat-1,LCN-12hourfrozen-2,8.771863425925927,8.798252314814816,0.026388888888888573,[8],[0.026388888888888573]
284,S Band,CubeSat-1,LCN-12hourfrozen-2,14.709699074074074,14.736087962962962,0.026388888888888573,[14],[0.026388888888888573]
278,S Band,CubeSat-1,LCN-12hourfrozen-2,10.690671296296296,10.716365740740741,0.025694444444445352,[10],[0.025694444444445352]
236,S Band,CubeSat-1,LCN-12hourfrozen-1,22.44096064814815,22.466655092592593,0.025694444444443576,[22],[0.025694444444443576]
245,S Band,CubeSat-1,LCN-12hourfrozen-1,28.563194444444445,28.58888888888889,0.025694444444443576,[28],[0.025694444444443576]
287,S Band,CubeSat-1,LCN-12hourfrozen-2,16.813182870370373,16.838877314814816,0.025694444444443576,[16],[0.025694444444443576]
214,S Band,CubeSat-1,LCN-12hourfrozen-1,8.464166666666666,8.489166666666666,0.025000000000000355,[8],[0.025000000000000355]
293,S Band,CubeSat-1,LCN-12hourfrozen-2,20.21445601851852,20.239456018518517,0.02499999999999858,[20],[0.02499999999999858]
303,S Band,CubeSat-1,LCN-12hourfrozen-2,26.76866898148148,26.793668981481478,0.02499999999999858,[26],[0.02499999999999858]
266,S Band,CubeSat-1,LCN-12hourfrozen-2,3.268622685185185,3.292928240740741,0.024305555555555802,[3],[0.024305555555555802]
224,S Band,CubeSat-1,LCN-12hourfrozen-1,15.018645833333332,15.042951388888888,0.024305555555555358,[15],[0.024305555555555358]
302,S Band,CubeSat-1,LCN-12hourfrozen-2,25.719120370370373,25.74273148148148,0.023611111111108585,[25],[0.023611111111108585]
223,S Band,CubeSat-1,LCN-12hourfrozen-1,13.969537037037037,13.992453703703704,0.02291666666666714,[13],[0.02291666666666714]
265,S Band,CubeSat-1,LCN-12hourfrozen-2,2.219259259259259,2.2421759259259257,0.022916666666666696,[2],[0.022916666666666696]
270,S Band,CubeSat-1,LCN-12hourfrozen-2,5.1884953703703705,5.211412037037037,0.022916666666666252,[5],[0.022916666666666252]
307,S Band,CubeSat-1,LCN-12hourfrozen-2,28.688379629629633,28.711296296296297,0.022916666666663588,[28],[0.022916666666663588]
228,S Band,CubeSat-1,LCN-12hourfrozen-1,16.93878472222222,16.961006944444446,0.022222222222225696,[16],[0.022222222222225696]
215,S Band,CubeSat-1,LCN-12hourfrozen-1,9.516030092592592,9.538252314814814,0.022222222222222143,[9],[0.022222222222222143]
294,S Band,CubeSat-1,LCN-12hourfrozen-2,21.26605324074074,21.28827546296296,0.022222222222222143,[21],[0.022222222222222143]
274,S Band,CubeSat-1,LCN-12hourfrozen-2,7.723796296296296,7.745324074074074,0.021527777777778034,[7],[0.021527777777778034]
217,S Band,CubeSat-1,LCN-12hourfrozen-1,10.569722222222222,10.590555555555556,0.020833333333333925,[10],[0.020833333333333925]
296,S Band,CubeSat-1,LCN-12hourfrozen-2,22.31974537037037,22.340578703703702,0.02083333333333215,[22],[0.02083333333333215]
285,S Band,CubeSat-1,LCN-12hourfrozen-2,15.763333333333334,15.783472222222223,0.02013888888888893,[15],[0.02013888888888893]
243,S Band,CubeSat-1,LCN-12hourfrozen-1,27.513368055555556,27.533506944444444,0.020138888888887152,[27],[0.020138888888887152]
282,S Band,CubeSat-1,LCN-12hourfrozen-2,13.228831018518518,13.248275462962964,0.019444444444445708,[13],[0.019444444444445708]
206,S Band,CubeSat-1,LCN-12hourfrozen-1,4.013298611111111,4.032743055555556,0.01944444444444482,[4],[0.01944444444444482]
240,S Band,CubeSat-1,LCN-12hourfrozen-1,24.979097222222222,24.997847222222223,0.01875000000000071,[24],[0.01875000000000071]
235,S Band,CubeSat-1,LCN-12hourfrozen-1,22.010497685185186,22.028553240740738,0.01805555555555216,[22],[0.01805555555555216]
219,S Band,CubeSat-1,LCN-12hourfrozen-1,11.437291666666667,11.45465277777778,0.017361111111112493,[11],[0.017361111111112493]
277,S Band,CubeSat-1,LCN-12hourfrozen-2,10.260451388888889,10.2778125,0.017361111111110716,[10],[0.017361111111110716]
212,S Band,CubeSat-1,LCN-12hourfrozen-1,6.983981481481481,7.000648148148148,0.016666666666666607,"[6, 7]","[0.016018518518518654, 0.0006481481481479534]"
291,S Band,CubeSat-1,LCN-12hourfrozen-2,18.734236111111112,18.750902777777778,0.01666666666666572,[18],[0.01666666666666572]
269,S Band,CubeSat-1,LCN-12hourfrozen-2,4.757337962962963,4.773310185185185,0.01597222222222161,[4],[0.01597222222222161]
306,S Band,CubeSat-1,LCN-12hourfrozen-2,28.257430555555555,28.273402777777775,0.015972222222220722,[28],[0.015972222222220722]
263,S Band,CubeSat-1,LCN-12hourfrozen-2,0.738622685185185,0.7539004629629629,0.015277777777777835,[0],[0.015277777777777835]
300,S Band,CubeSat-1,LCN-12hourfrozen-2,24.23907407407408,24.253657407407413,0.01458333333333428,[24],[0.01458333333333428]
218,S Band,CubeSat-1,LCN-12hourfrozen-1,11.004583333333334,11.018472222222222,0.013888888888887507,[11],[0.013888888888887507]
309,S Band,CubeSat-1,LCN-12hourfrozen-2,29.743020833333333,29.75690972222222,0.013888888888885731,[29],[0.013888888888885731]
230,S Band,CubeSat-1,LCN-12hourfrozen-1,17.993530092592593,18.006724537037037,0.013194444444444287,"[17, 18]","[0.0064699074074070495, 0.006724537037037237]"
246,S Band,CubeSat-1,LCN-12hourfrozen-1,29.001331018518517,29.01452546296296,0.013194444444444287,[29],[0.013194444444444287]
272,S Band,CubeSat-1,LCN-12hourfrozen-2,6.243344907407407,6.256539351851852,0.013194444444444287,[6],[0.013194444444444287]
288,S Band,CubeSat-1,LCN-12hourfrozen-2,17.251238425925926,17.26443287037037,0.013194444444444287,[17],[0.013194444444444287]
280,S Band,CubeSat-1,LCN-12hourfrozen-2,11.747569444444444,11.760069444444445,0.012500000000001066,[11],[0.012500000000001066]
201,S Band,CubeSat-1,LCN-12hourfrozen-1,0.0,0.010416666666666666,0.010416666666666666,[0],[0.010416666666666666]
247,S Band,CubeSat-1,LCN-12hourfrozen-1,29.43915509259259,29.44540509259259,0.006250000000001421,[29],[0.006250000000001421]
289,S Band,CubeSat-1,LCN-12hourfrozen-2,17.689560185185186,17.694421296296294,0.004861111111107874,[17],[0.004861111111107874]
352,S Band,CubeSat-2,LCN-12hourfrozen-1,3.966412037037037,3.985110752314815,0.018698715277778,[3],[0.018698715277778]
386,S Band,CubeSat-2,LCN-12hourfrozen-1,12.965370370370373,12.983919317129631,0.018548946759258556,[12],[0.018548946759258556]
494,S Band,CubeSat-2,LCN-12hourfrozen-2,4.213946759259259,4.232445405092593,0.018498645833333605,[4],[0.018498645833333605]
401,S Band,CubeSat-2,LCN-12hourfrozen-1,16.970046296296296,16.988525439814815,0.01847914351851898,[16],[0.01847914351851898]
509,S Band,CubeSat-2,LCN-12hourfrozen-2,8.218668981481482,8.237122939814816,0.01845395833333363,[8],[0.01845395833333363]
420,S Band,CubeSat-2,LCN-12hourfrozen-1,21.96431712962963,21.98271152777778,0.018394398148149804,[21],[0.018394398148149804]
523,S Band,CubeSat-2,LCN-12hourfrozen-2,12.22320601851852,12.24159462962963,0.01838861111111001,[12],[0.01838861111111001]
350,S Band,CubeSat-2,LCN-12hourfrozen-1,3.4718750000000003,3.4902273726851853,0.01835237268518508,[3],[0.01835237268518508]
435,S Band,CubeSat-2,LCN-12hourfrozen-1,25.96903935185185,25.987376180555557,0.01833682870370623,[25],[0.01833682870370623]
541,S Band,CubeSat-2,LCN-12hourfrozen-2,17.217650462962965,17.23595741898148,0.01830695601851673,[17],[0.01830695601851673]
449,S Band,CubeSat-2,LCN-12hourfrozen-1,29.973564814814818,29.99183917824074,0.01827436342592037,[29],[0.01827436342592037]
570,S Band,CubeSat-2,LCN-12hourfrozen-2,25.22658564814815,25.244852106481485,0.01826645833333629,[25],[0.01826645833333629]
555,S Band,CubeSat-2,LCN-12hourfrozen-2,21.222233796296297,21.240474039351852,0.018240243055554828,[21],[0.018240243055554828]
399,S Band,CubeSat-2,LCN-12hourfrozen-1,16.475324074074074,16.493504918981483,0.01818084490740901,[16],[0.01818084490740901]
574,S Band,CubeSat-2,LCN-12hourfrozen-2,26.216620370370368,26.234777152777777,0.018156782407409366,[26],[0.018156782407409366]
447,S Band,CubeSat-2,LCN-12hourfrozen-1,29.478611111111107,29.496749814814816,0.01813870370370907,[29],[0.01813870370370907]
403,S Band,CubeSat-2,LCN-12hourfrozen-1,17.46519675925926,17.48331752314815,0.018120763888887836,[17],[0.018120763888887836]
418,S Band,CubeSat-2,LCN-12hourfrozen-1,21.469895833333336,21.48795238425926,0.018056550925923176,[21],[0.018056550925923176]
526,S Band,CubeSat-2,LCN-12hourfrozen-2,12.765023472222223,12.783078703703707,0.018055231481483247,[12],[0.018055231481483247]
370,S Band,CubeSat-2,LCN-12hourfrozen-1,8.513080833333333,8.53113425925926,0.018053425925925737,[8],[0.018053425925925737]
419,S Band,CubeSat-2,LCN-12hourfrozen-1,21.516426666666664,21.534479166666667,0.018052500000003135,[21],[0.018052500000003135]
385,S Band,CubeSat-2,LCN-12hourfrozen-1,12.517596134259259,12.535648148148148,0.018052013888889107,[12],[0.018052013888889107]
493,S Band,CubeSat-2,LCN-12hourfrozen-2,3.7661729861111115,3.784224537037037,0.018051550925925586,[3],[0.018051550925925586]
575,S Band,CubeSat-2,LCN-12hourfrozen-2,26.26332633101852,26.281377314814815,0.01805098379629655,[26],[0.01805098379629655]
510,S Band,CubeSat-2,LCN-12hourfrozen-2,8.265596273148148,8.283645833333333,0.018049560185184887,[8],[0.018049560185184887]
402,S Band,CubeSat-2,LCN-12hourfrozen-1,17.017009247685184,17.03505787037037,0.018048622685185478,[17],[0.018048622685185478]
542,S Band,CubeSat-2,LCN-12hourfrozen-2,17.264454305555557,17.2825,0.018045694444442262,[17],[0.018045694444442262]
387,S Band,CubeSat-2,LCN-12hourfrozen-1,13.012522743055557,13.03056712962963,0.018044386574072036,[13],[0.018044386574072036]
553,S Band,CubeSat-2,LCN-12hourfrozen-2,20.72738425925926,20.745403854166664,0.018019594907404013,[20],[0.018019594907404013]
433,S Band,CubeSat-2,LCN-12hourfrozen-1,25.474386574074074,25.492395844907406,0.018009270833331925,[25],[0.018009270833331925]
505,S Band,CubeSat-2,LCN-12hourfrozen-2,7.2290625,7.24706019675926,0.01799769675925944,[7],[0.01799769675925944]
535,S Band,CubeSat-2,LCN-12hourfrozen-2,15.732905324074075,15.750902928240741,0.017997604166666292,[15],[0.017997604166666292]
539,S Band,CubeSat-2,LCN-12hourfrozen-2,16.72306712962963,16.7410353587963,0.017968229166669403,[16],[0.017968229166669403]
380,S Band,CubeSat-2,LCN-12hourfrozen-1,11.481006944444445,11.498969467592593,0.017962523148147724,[11],[0.017962523148147724]
367,S Band,CubeSat-2,LCN-12hourfrozen-1,7.9717361111111105,7.989662731481481,0.017926620370370294,[7],[0.017926620370370294]
382,S Band,CubeSat-2,LCN-12hourfrozen-1,11.976134259259261,11.994057847222221,0.017923587962959786,[11],[0.017923587962959786]
585,S Band,CubeSat-2,LCN-12hourfrozen-2,29.231342592592593,29.249214317129628,0.01787172453703434,[29],[0.01787172453703434]
490,S Band,CubeSat-2,LCN-12hourfrozen-2,3.2248495370370374,3.242707777777778,0.017858240740740605,[3],[0.017858240740740605]
519,S Band,CubeSat-2,LCN-12hourfrozen-2,11.23364398148148,11.251471805555555,0.017827824074075238,[11],[0.017827824074075238]
488,S Band,CubeSat-2,LCN-12hourfrozen-2,2.729837962962963,2.7476137500000006,0.017775787037037638,[2],[0.017775787037037638]
537,S Band,CubeSat-2,LCN-12hourfrozen-2,16.22818287037037,16.24595556712963,0.017772696759259077,[16],[0.017772696759259077]
414,S Band,CubeSat-2,LCN-12hourfrozen-1,20.480173611111113,20.497856828703707,0.017683217592594502,[20],[0.017683217592594502]
568,S Band,CubeSat-2,LCN-12hourfrozen-2,24.732094907407404,24.749774525462964,0.017679618055559843,[24],[0.017679618055559843]
365,S Band,CubeSat-2,LCN-12hourfrozen-1,7.47693287037037,7.4946100578703705,0.017677187500000358,[7],[0.017677187500000358]
503,S Band,CubeSat-2,LCN-12hourfrozen-2,6.734376354166667,6.752044236111111,0.01766788194444402,[6],[0.01766788194444402]
429,S Band,CubeSat-2,LCN-12hourfrozen-1,24.484692407407408,24.50229605324074,0.01760364583333285,[24],[0.01760364583333285]
346,S Band,CubeSat-2,LCN-12hourfrozen-1,2.482523148148148,2.5000903587962964,0.017567210648148368,[2],[0.017567210648148368]
521,S Band,CubeSat-2,LCN-12hourfrozen-2,11.728969907407409,11.746507569444445,0.017537662037035773,[11],[0.017537662037035773]
397,S Band,CubeSat-2,LCN-12hourfrozen-1,15.980937499999998,15.99841226851852,0.0174747685185217,[15],[0.0174747685185217]
412,S Band,CubeSat-2,LCN-12hourfrozen-1,19.98541565972222,20.0028741087963,0.01745844907407701,"[19, 20]","[0.014584340277778551, 0.002874108796298458]"
342,S Band,CubeSat-2,LCN-12hourfrozen-1,0.9994702430555557,1.016915474537037,0.01744523148148136,"[0, 1]","[0.0005297569444443484, 0.016915474537037012]"
564,S Band,CubeSat-2,LCN-12hourfrozen-2,23.249144131944448,23.26650858796296,0.017364456018512442,[23],[0.017364456018512442]
511,S Band,CubeSat-2,LCN-12hourfrozen-2,8.713761574074075,8.731122685185186,0.017361111111110716,[8],[0.017361111111110716]
573,S Band,CubeSat-2,LCN-12hourfrozen-2,25.76913194444445,25.786493055555557,0.017361111111107164,[25],[0.017361111111107164]
560,S Band,CubeSat-2,LCN-12hourfrozen-2,22.25898262731481,22.276342592592595,0.01735996527778383,[22],[0.01735996527778383]
425,S Band,CubeSat-2,LCN-12hourfrozen-1,23.0016794212963,23.01903935185185,0.017359930555549852,[23],[0.017359930555549852]
357,S Band,CubeSat-2,LCN-12hourfrozen-1,5.00390292824074,5.021261574074074,0.01735864583333324,[5],[0.01735864583333324]
495,S Band,CubeSat-2,LCN-12hourfrozen-2,4.261172569444445,4.278530092592592,0.017357523148147536,[4],[0.017357523148147536]
372,S Band,CubeSat-2,LCN-12hourfrozen-1,9.008199513888888,9.025555555555554,0.017356041666666044,[9],[0.017356041666666044]
528,S Band,CubeSat-2,LCN-12hourfrozen-2,13.260074583333333,13.277430555555556,0.01735597222222296,[13],[0.01735597222222296]
355,S Band,CubeSat-2,LCN-12hourfrozen-1,4.508743645833333,4.5260995370370365,0.017355891203703067,[4],[0.017355891203703067]
546,S Band,CubeSat-2,LCN-12hourfrozen-2,18.2546928125,18.27204861111111,0.01735579861110992,[18],[0.01735579861110992]
389,S Band,CubeSat-2,LCN-12hourfrozen-1,13.50765582175926,13.525011574074073,0.017355752314813344,[13],[0.017355752314813344]
579,S Band,CubeSat-2,LCN-12hourfrozen-2,27.253593483796294,27.27094907407407,0.01735559027777711,[27],[0.01735559027777711]
406,S Band,CubeSat-2,LCN-12hourfrozen-1,18.00711229166667,18.024467592592593,0.01735530092592441,[18],[0.01735530092592441]
440,S Band,CubeSat-2,LCN-12hourfrozen-1,27.006024351851853,27.023379629629627,0.017355277777774347,[27],[0.017355277777774347]
408,S Band,CubeSat-2,LCN-12hourfrozen-1,18.50223986111111,18.519594907407406,0.01735504629629503,[18],[0.01735504629629503]
423,S Band,CubeSat-2,LCN-12hourfrozen-1,22.506568576388887,22.523923611111112,0.017355034722225327,[22],[0.017355034722225327]
438,S Band,CubeSat-2,LCN-12hourfrozen-1,26.51086362268519,26.528217592592593,0.01735396990740412,[26],[0.01735396990740412]
391,S Band,CubeSat-2,LCN-12hourfrozen-1,14.002797013888888,14.020150462962961,0.01735344907407388,[14],[0.01735344907407388]
532,S Band,CubeSat-2,LCN-12hourfrozen-2,14.250297256944442,14.267650462962964,0.017353206018521306,[14],[0.017353206018521306]
340,S Band,CubeSat-2,LCN-12hourfrozen-1,0.5044523726851852,0.5218055555555555,0.017353182870370354,[0],[0.017353182870370354]
530,S Band,CubeSat-2,LCN-12hourfrozen-2,13.755239756944446,13.772592592592593,0.017352835648146936,[13],[0.017352835648146936]
499,S Band,CubeSat-2,LCN-12hourfrozen-2,5.251432743055555,5.268784722222223,0.01735197916666742,[5],[0.01735197916666742]
514,S Band,CubeSat-2,LCN-12hourfrozen-2,9.255785300925925,9.273136574074075,0.017351273148149104,[9],[0.017351273148149104]
480,S Band,CubeSat-2,LCN-12hourfrozen-2,0.25687374999999996,0.27422453703703703,0.017350787037037074,[0],[0.017350787037037074]
516,S Band,CubeSat-2,LCN-12hourfrozen-2,9.750867060185184,9.768217592592594,0.017350532407409247,[9],[0.017350532407409247]
395,S Band,CubeSat-2,LCN-12hourfrozen-1,15.486132349537037,15.503456516203704,0.017324166666666585,[15],[0.017324166666666585]
581,S Band,CubeSat-2,LCN-12hourfrozen-2,27.748560150462964,27.765794849537034,0.017234699074069937,[27],[0.017234699074069937]
378,S Band,CubeSat-2,LCN-12hourfrozen-1,10.986842372685187,11.004043599537036,0.017201226851849327,"[10, 11]","[0.01315762731481307, 0.004043599537036258]"
376,S Band,CubeSat-2,LCN-12hourfrozen-1,9.998303043981482,10.015486886574076,0.01718384259259409,"[9, 10]","[0.0016969560185184918, 0.015486886574075598]"
583,S Band,CubeSat-2,LCN-12hourfrozen-2,28.73714891203704,28.754301898148146,0.017152986111106827,[28],[0.017152986111106827]
361,S Band,CubeSat-2,LCN-12hourfrozen-1,6.487545636574073,6.504635636574073,0.017089999999999606,[6],[0.017089999999999606]
393,S Band,CubeSat-2,LCN-12hourfrozen-1,14.49771141203704,14.514783425925925,0.01707201388888535,[14],[0.01707201388888535]
344,S Band,CubeSat-2,LCN-12hourfrozen-1,1.9882420601851853,2.0052329398148143,0.016990879629628974,"[1, 2]","[0.011757939814814655, 0.005232939814814319]"
410,S Band,CubeSat-2,LCN-12hourfrozen-1,18.997114085648146,19.014087256944443,0.016973171296296385,"[18, 19]","[0.0028859143518538133, 0.014087256944442572]"
550,S Band,CubeSat-2,LCN-12hourfrozen-2,19.738542812499997,19.755495717592595,0.01695290509259806,[19],[0.01695290509259806]
484,S Band,CubeSat-2,LCN-12hourfrozen-2,1.2468511921296297,1.2637867129629632,0.016935520833333495,[1],[0.016935520833333495]
534,S Band,CubeSat-2,LCN-12hourfrozen-2,15.239229409722222,15.256100960648148,0.016871550925925405,[15],[0.016871550925925405]
501,S Band,CubeSat-2,LCN-12hourfrozen-2,5.74624537037037,5.763100925925926,0.016855555555555846,[5],[0.016855555555555846]
443,S Band,CubeSat-2,LCN-12hourfrozen-1,27.99590141203704,28.012716851851852,0.01681543981481326,"[27, 28]","[0.00409858796296092, 0.01271685185185234]"
518,S Band,CubeSat-2,LCN-12hourfrozen-2,10.739908981481483,10.756712094907407,0.01680311342592411,[10],[0.01680311342592411]
444,S Band,CubeSat-2,LCN-12hourfrozen-1,28.49020263888889,28.506980868055553,0.016778229166664715,[28],[0.016778229166664715]
533,S Band,CubeSat-2,LCN-12hourfrozen-2,14.745014849537037,14.761751284722221,0.01673643518518375,[14],[0.01673643518518375]
428,S Band,CubeSat-2,LCN-12hourfrozen-1,23.990872222222222,24.00760079861111,0.016728576388889138,"[23, 24]","[0.009127777777777624, 0.0076007986111115144]"
485,S Band,CubeSat-2,LCN-12hourfrozen-2,1.7412470486111111,1.7579529976851853,0.01670594907407419,[1],[0.01670594907407419]
549,S Band,CubeSat-2,LCN-12hourfrozen-2,19.244389791666666,19.261087361111112,0.016697569444446003,[19],[0.016697569444446003]
565,S Band,CubeSat-2,LCN-12hourfrozen-2,23.74375798611111,23.760430625,0.01667263888889181,[23],[0.01667263888889181]
576,S Band,CubeSat-2,LCN-12hourfrozen-2,26.71091435185185,26.72758101851852,0.016666666666669272,[26],[0.016666666666669272]
508,S Band,CubeSat-2,LCN-12hourfrozen-2,7.772256944444444,7.78892361111111,0.01666666666666572,[7],[0.01666666666666572]
559,S Band,CubeSat-2,LCN-12hourfrozen-2,22.211805555555557,22.228472222222223,0.01666666666666572,[22],[0.01666666666666572]
360,S Band,CubeSat-2,LCN-12hourfrozen-1,5.993480300925925,6.010146608796297,0.01666630787037171,"[5, 6]","[0.006519699074075014, 0.010146608796296697]"
377,S Band,CubeSat-2,LCN-12hourfrozen-1,10.492838761574074,10.509499907407408,0.01666114583333389,[10],[0.01666114583333389]
479,S Band,CubeSat-2,LCN-12hourfrozen-2,0.20905092592592592,0.22502314814814817,0.01597222222222225,[0],[0.01597222222222225]
588,S Band,CubeSat-2,LCN-12hourfrozen-2,29.776064814814816,29.791342592592596,0.015277777777779278,[29],[0.015277777777779278]
496,S Band,CubeSat-2,LCN-12hourfrozen-2,4.7088425925925925,4.724120370370371,0.01527777777777839,[4],[0.01527777777777839]
545,S Band,CubeSat-2,LCN-12hourfrozen-2,18.206840277777776,18.22142361111111,0.01458333333333428,[18],[0.01458333333333428]
554,S Band,CubeSat-2,LCN-12hourfrozen-2,20.778043981481485,20.792627314814816,0.014583333333330728,[20],[0.014583333333330728]
561,S Band,CubeSat-2,LCN-12hourfrozen-2,22.706631944444442,22.720520833333335,0.013888888888892836,[22],[0.013888888888892836]
339,S Band,CubeSat-2,LCN-12hourfrozen-1,0.4571412037037037,0.47103009259259254,0.01388888888888884,[0],[0.01388888888888884]
489,S Band,CubeSat-2,LCN-12hourfrozen-2,2.7820601851851854,2.7952546296296297,0.013194444444444287,[2],[0.013194444444444287]
373,S Band,CubeSat-2,LCN-12hourfrozen-1,9.456018518518517,9.468518518518518,0.012500000000001066,[9],[0.012500000000001066]
569,S Band,CubeSat-2,LCN-12hourfrozen-2,24.786076388888887,24.797187499999996,0.011111111111109295,[24],[0.011111111111109295]
441,S Band,CubeSat-2,LCN-12hourfrozen-1,27.453761574074075,27.46417824074074,0.010416666666664298,[27],[0.010416666666664298]
552,S Band,CubeSat-2,LCN-12hourfrozen-2,20.28746527777778,20.297881944444445,0.010416666666664298,[20],[0.010416666666664298]
358,S Band,CubeSat-2,LCN-12hourfrozen-1,5.451608796296296,5.45994212962963,0.008333333333334636,[5],[0.008333333333334636]
504,S Band,CubeSat-2,LCN-12hourfrozen-2,6.790972222222222,6.799305555555556,0.008333333333333748,[6],[0.008333333333333748]
487,S Band,CubeSat-2,LCN-12hourfrozen-2,2.291678240740741,2.2993171296296295,0.007638888888888751,[2],[0.007638888888888751]
584,S Band,CubeSat-2,LCN-12hourfrozen-2,28.79584490740741,28.80070601851852,0.004861111111111427,[28],[0.004861111111111427]
483,S Band,CubeSat-2,LCN-12hourfrozen-2,1.2012152777777778,1.2046875000000001,0.003472222222222321,[1],[0.003472222222222321]
426,S Band,CubeSat-2,LCN-12hourfrozen-1,23.450694444444448,23.454166666666666,0.00347222222221788,[23],[0.00347222222221788]
472,S Band,CubeSat-2,LCN-12hourfrozen-2-LowPower,24.24548611111111,24.24826388888889,0.0027777777777799884,[24],[0.0027777777777799884]
317,S Band,CubeSat-2,LCN-12hourfrozen-1-LowPower,6.990104166666666,6.992881944444445,0.0027777777777791,[6],[0.0027777777777791]
452,S Band,CubeSat-2,LCN-12hourfrozen-2-LowPower,2.243425925925926,2.2462037037037037,0.002777777777777768,[2],[0.002777777777777768]
455,S Band,CubeSat-2,LCN-12hourfrozen-2-LowPower,6.247523148148147,6.250300925925925,0.002777777777777324,[6],[0.002777777777777324]
327,S Band,CubeSat-2,LCN-12hourfrozen-1-LowPower,19.498472222222222,19.50125,0.0027777777777764356,[19],[0.0027777777777764356]
476,S Band,CubeSat-2,LCN-12hourfrozen-2-LowPower,28.250057870370373,28.25283564814815,0.0027777777777764356,[28],[0.0027777777777764356]
336,S Band,CubeSat-2,LCN-12hourfrozen-1-LowPower,28.99229166666667,28.995069444444443,0.002777777777772883,[28],[0.002777777777772883]
458,S Band,CubeSat-2,LCN-12hourfrozen-2-LowPower,10.252569444444445,10.254652777777778,0.002083333333333215,[10],[0.002083333333333215]
333,S Band,CubeSat-2,LCN-12hourfrozen-1-LowPower,24.988425925925927,24.99050925925926,0.0020833333333314386,[24],[0.0020833333333314386]
567,S Band,CubeSat-2,LCN-12hourfrozen-2,24.29797453703704,24.30005787037037,0.0020833333333314386,[24],[0.0020833333333314386]
37,S Band,CLPS-9,LCN-12hourfrozen-1,2.0546311574074076,2.4476277546296297,0.392996597222222,[2],[0.392996597222222]
92,S Band,CLPS-9,LCN-12hourfrozen-1,29.555207997685184,29.9481862962963,0.39297829861111566,[29],[0.39297829861111566]
36,S Band,CLPS-9,LCN-12hourfrozen-1,1.5532303819444444,1.946187777777778,0.39295739583333367,[1],[0.39295739583333367]
184,S Band,CLPS-9,LCN-12hourfrozen-2,28.80308699074074,29.196029768518517,0.3929427777777761,"[28, 29]","[0.1969130092592586, 0.1960297685185175]"
39,S Band,CLPS-9,LCN-12hourfrozen-1,3.057758287037037,3.450456759259259,0.392698472222222,[3],[0.392698472222222]
128,S Band,CLPS-9,LCN-12hourfrozen-2,0.8013606712962963,1.1940465277777776,0.39268585648148135,"[0, 1]","[0.1986393287037037, 0.19404652777777764]"
88,S Band,CLPS-9,LCN-12hourfrozen-1,27.550180717592593,27.942515706018515,0.3923349884259224,[27],[0.3923349884259224]
86,S Band,CLPS-9,LCN-12hourfrozen-1,26.548479942129628,26.93995377314815,0.39147383101852284,[26],[0.39147383101852284]
42,S Band,CLPS-9,LCN-12hourfrozen-1,4.563053402777778,4.954342048611111,0.3912886458333329,[4],[0.3912886458333329]
178,S Band,CLPS-9,LCN-12hourfrozen-2,25.797592268518517,26.188283576388887,0.39069130787036954,"[25, 26]","[0.2024077314814825, 0.18828357638888704]"
45,S Band,CLPS-9,LCN-12hourfrozen-1,6.068613530092592,6.457511215277779,0.38889768518518686,[6],[0.38889768518518686]
81,S Band,CLPS-9,LCN-12hourfrozen-1,24.046885335648145,24.435609502314815,0.38872416666666965,[24],[0.38872416666666965]
80,S Band,CLPS-9,LCN-12hourfrozen-1,23.54704962962963,23.93523326388889,0.38818363425925995,[23],[0.38818363425925995]
140,S Band,CLPS-9,LCN-12hourfrozen-2,6.821289965277778,7.208756099537037,0.3874661342592596,"[6, 7]","[0.17871003472222213, 0.20875609953703744]"
172,S Band,CLPS-9,LCN-12hourfrozen-2,22.79761482638889,23.185038622685184,0.387423796296293,"[22, 23]","[0.20238517361110908, 0.1850386226851839]"
76,S Band,CLPS-9,LCN-12hourfrozen-1,21.549434247685184,21.935752060185184,0.38631781249999975,[21],[0.38631781249999975]
74,S Band,CLPS-9,LCN-12hourfrozen-1,20.55169542824074,20.937252025462964,0.385556597222223,[20],[0.385556597222223]
142,S Band,CLPS-9,LCN-12hourfrozen-2,7.8245453009259265,8.210020729166667,0.3854754282407402,"[7, 8]","[0.17545469907407352, 0.2100207291666667]"
72,S Band,CLPS-9,LCN-12hourfrozen-1,19.554653668981484,19.9394946875,0.38484101851851804,[19],[0.38484101851851804]
164,S Band,CLPS-9,LCN-12hourfrozen-2,18.807285798611108,19.191572083333334,0.3842862847222257,"[18, 19]","[0.19271420138889184, 0.19157208333333386]"
67,S Band,CLPS-9,LCN-12hourfrozen-1,17.06438480324074,17.447169571759257,0.38278476851851906,[17],[0.38278476851851906]
159,S Band,CLPS-9,LCN-12hourfrozen-2,16.31757638888889,16.699633333333335,0.38205694444444305,[16],[0.38205694444444305]
146,S Band,CLPS-9,LCN-12hourfrozen-2,9.82916949074074,10.211076435185186,0.3819069444444452,"[9, 10]","[0.17083050925925924, 0.21107643518518593]"
64,S Band,CLPS-9,LCN-12hourfrozen-1,15.570661678240741,15.951989525462963,0.3813278472222219,[15],[0.3813278472222219]
156,S Band,CLPS-9,LCN-12hourfrozen-2,14.823497152777778,15.204156203703704,0.3806590509259262,"[14, 15]","[0.17650284722222231, 0.2041562037037039]"
148,S Band,CLPS-9,LCN-12hourfrozen-2,10.830159398148147,11.210815092592592,0.38065569444444414,"[10, 11]","[0.16984060185185257, 0.21081509259259157]"
57,S Band,CLPS-9,LCN-12hourfrozen-1,12.079898506944446,12.459703298611112,0.3798047916666665,[12],[0.3798047916666665]
153,S Band,CLPS-9,LCN-12hourfrozen-2,13.327913946759258,13.707697002314816,0.37978305555555814,[13],[0.37978305555555814]
4,S Band,CLPS-9,LCN-12hourfrozen-1-LowPower,5.943842592592592,5.956549814814815,0.012707222222222647,[5],[0.012707222222222647]
96,S Band,CLPS-9,LCN-12hourfrozen-2-LowPower,5.694305555555555,5.706032094907408,0.011726539351852416,[5],[0.011726539351852416]
3,S Band,CLPS-9,LCN-12hourfrozen-1-LowPower,5.4454513888888885,5.455490844907408,0.010039456018519743,[5],[0.010039456018519743]
95,S Band,CLPS-9,LCN-12hourfrozen-2-LowPower,5.195914351851852,5.20492712962963,0.009012777777778425,[5],[0.009012777777778425]
